eval_label,seed,episode_index,walk_direction,reset_phase,controller,policy_name,passive_mode,passive_selected_from,curriculum_progress,hip_torque_nm,knee_torque_nm,commanded_step_length_m,commanded_step_height_m,success,valid_for_cmt,terminal_reason,steps,nonzero_torque_steps,energy_j,support_knee_energy_j,hip_energy_j,swing_knee_energy_j,signed_com_displacement_m,cmt,support_knee_cmt,hip_cmt,swing_knee_cmt,initial_q1_deg,initial_q2_deg,initial_q3_deg,initial_q4_deg,initial_dq1_rad_s,initial_dq2_rad_s,initial_dq3_rad_s,initial_dq4_rad_s,final_q1_deg,final_q2_deg,final_q3_deg,final_q4_deg
4DoF_V22_3_3x3_grid_4Nm_curriculum1_extended_active_passive_selector,20260719,747,1.0,pre_cross,active,v22_3_active_bidirectional_4Nm_grid,,,1.0,4.0,0.2,0.3,0.0,True,True,success,17,17,1.7807201562923505,0.03207693321571224,1.717738700636894,0.030904522439744078,0.0916739790207729,0.7784505022743498,0.014022587819291499,0.7509178517252365,0.013510062729821776,64.72561905696887,23.556762220296882,-24.865516232872913,49.52216918975257,-0.6586022781234271,0.3374379560143601,0.5390311221335518,0.04243616105286141,63.061718795070234,16.04458619895362,39.14267409451693,27.996069465885796
4DoF_V22_3_3x3_grid_4Nm_curriculum1_extended_active_passive_selector,20260702,341,1.0,mid_cross,active,v22_3_active_bidirectional_4Nm_grid,,,1.0,4.0,0.2,0.4,0.02,True,True,success,15,15,2.1804073041210583,0.005106631552698096,2.0909438332890775,0.08435683927928261,0.08710487267057491,1.0031747409127043,0.002349489370693343,0.9620138559700621,0.038811395571948855,56.126243344576146,34.30635517570267,-0.21887718009235088,102.73845379839231,-0.5045079227473015,-0.18304535201699146,-0.1984011021395904,-0.06447457343192087,44.06864766459657,43.48580393602499,45.93635963071707,26.191845318336277
4DoF_V22_3_3x3_grid_4Nm_curriculum1_extended_active_passive_selector,20260803,1955,-1.0,mid_cross,active,v22_3_active_bidirectional_4Nm_grid,,,1.0,4.0,0.2,0.35,0.0,True,True,success,15,15,2.439360377237239,0.018920685699443277,2.376692115481891,0.04374757605590449,0.08016123356041882,1.219531392168392,0.009459188723052115,1.1882010839382358,0.021871119507103944,65.16405761018474,37.77162285744266,-6.900642955300251,97.1492136853141,0.9213576726342712,0.7733129931689724,-0.17357263609274498,0.41415615354472013,43.50536434249908,95.72790153294147,-73.44594702844631,48.31418150053506
4DoF_V22_3_3x3_grid_4Nm_curriculum1_extended_active_passive_selector,20260719,766,1.0,mid_cross,active,v22_3_active_bidirectional_4Nm_grid,,,1.0,4.0,0.2,0.3,0.01,True,True,success+touchdown_event,16,16,1.460984603984224,0.061173826954383594,1.3869077052980898,0.012903071731750653,0.07974279885832636,0.7342358321496533,0.03074366123855179,0.6970075730690622,0.00648459784203921,54.128731406817074,27.389694279924232,15.83401860305277,69.92427459264688,0.036566372549464266,-0.9472166713598877,-0.9842580571194104,-0.15791382113999508,56.313767009752716,8.032466102098645,56.99723381135254,58.26087219440247
4DoF_V22_3_3x3_grid_4Nm_curriculum1_extended_active_passive_selector,20260803,1522,1.0,mid_cross,active,v22_3_active_bidirectional_4Nm_grid,,,1.0,4.0,0.2,0.3,0.02,True,True,success,12,12,2.0003108617370584,0.017595708655106068,1.9454494638266748,0.03726568925527734,0.07575861459295849,1.0581491310088265,0.009307995161670243,1.0291278715459897,0.01971326430116646,57.0608161699352,30.486989176705094,8.955284707380144,97.91375547271457,-0.7476022227886383,-0.002207693589763915,0.3101748144252874,0.3110534315206417,51.86564188244946,28.35097778217779,52.451909789905756,61.057378857806036
4DoF_V22_3_3x3_grid_4Nm_curriculum1_extended_active_passive_selector,20260719,850,1.0,pre_cross,active,v22_3_active_bidirectional_4Nm_grid,,,1.0,4.0,0.2,0.35,0.0,True,True,success,19,19,2.7976999710693837,0.01727310126826211,2.7653790156862836,0.015047854114837953,0.06853340784125236,1.6359884042384767,0.010100651846992824,1.6170883403404708,0.008799412051013172,54.8372902277393,28.55111631619704,-31.64428673307517,48.568825983377195,0.5322027739407584,-0.6608205502160713,-0.5635308536168617,-0.4055640962005338,53.6790002050464,29.101488667866374,41.8715662301576,32.8186782004802
4DoF_V22_3_3x3_grid_4Nm_curriculum1_extended_active_passive_selector,20260702,337,1.0,mid_cross,active,v22_3_active_bidirectional_4Nm_grid,,,1.0,4.0,0.2,0.4,0.02,True,True,success,13,13,2.23535001758528,0.005701178210256252,2.178015669393381,0.05163316998164298,0.06685019816838214,1.340060010570011,0.003417773893392533,1.3056888979300953,0.030953338746523156,52.31454310363972,30.40184398727348,7.524154055188715,96.89362635435599,-0.577939407392094,0.5457623039934489,-0.26248466504756407,0.2840461304959633,46.049965224296216,33.840001385630345,53.061222786666455,48.04771971082554
4DoF_V22_3_3x3_grid_4Nm_curriculum1_extended_active_passive_selector,20260702,524,-1.0,mid_cross,active,v22_3_active_bidirectional_4Nm_grid,,,1.0,4.0,0.2,0.35,0.01,True,True,success,12,12,1.8632052888914672,0.03235204820793229,1.8035585439611426,0.027294696722392278,0.06624407537695327,1.1271846765565168,0.01957204244353302,1.091100141324257,0.016512492788726785,66.41065526751802,43.502912747442615,-13.67054508135847,92.41148968196458,0.8769589411994996,0.9905088025346365,-0.7752545772518897,-0.3693008558257659,54.01478744140464,83.64527554800758,-61.06905418926334,57.92038692337544
4DoF_V22_3_3x3_grid_4Nm_curriculum1_extended_active_passive_selector,20260702,670,-1.0,mid_cross,active,v22_3_active_bidirectional_4Nm_grid,,,1.0,4.0,0.2,0.4,0.01,True,True,success,14,14,2.7812530405845663,0.0,2.6592633306758175,0.1219897099087487,0.06571720667653157,1.6960662735136767,0.0,1.6216743970203178,0.07439187649335886,64.9740228197536,45.40793905142391,6.721829603521966,100.92183229650594,0.6971967714962881,0.610753298047241,0.05305327759481626,-0.3325793134496887,39.878180603597116,101.00385382752702,-77.04232959834977,50.299897336445866
4DoF_V22_3_3x3_grid_4Nm_curriculum1_extended_active_passive_selector,20260702,228,1.0,mid_cross,active,v22_3_active_bidirectional_4Nm_grid,,,1.0,4.0,0.2,0.35,0.02,True,True,success,16,16,1.2949886397727677,0.034037588192740484,1.201742747510283,0.059208304069744234,0.06463683765208803,0.802910742579921,0.02110377216610817,0.7450970086987219,0.03670996171509102,61.826568823790396,27.176990452761107,5.2954882655635815,83.12174221118019,0.030210046485925846,-0.43392389379759555,-0.24661968286993874,0.04311063020556494,61.278004946022214,20.598676362477665,47.859879221752216,34.92910604542045
4DoF_V22_3_3x3_grid_4Nm_curriculum1_extended_active_passive_selector,20260803,1489,1.0,mid_cross,active,v22_3_active_bidirectional_4Nm_grid,,,1.0,4.0,0.2,0.3,0.01,True,True,success,14,14,1.0577339666774772,0.0,1.0577339666774772,0.0,0.06381497015736981,0.6642557017890743,0.0,0.6642557017890743,0.0,55.784605036642795,31.35030572896511,13.822569863395229,57.66555382193864,-0.5635802531823217,0.20648176408592334,-0.9851916977507753,-0.19443516574437925,39.4257419353893,49.23177808750464,46.81838208961453,73.71519294325903
4DoF_V22_3_3x3_grid_4Nm_curriculum1_extended_active_passive_selector,20260702,686,-1.0,mid_cross,active,v22_3_active_bidirectional_4Nm_grid,,,1.0,4.0,0.2,0.4,0.02,True,True,success,12,12,1.8361199064086493,0.03241645284942888,1.7581787631929968,0.04552469036622364,0.056652478499913894,1.2988635665966966,0.022931263594204505,1.243728326840097,0.03220397616239524,54.91211157478404,62.55927101400945,-17.057713822047603,93.0422724944053,0.8628576489184685,0.6521905808864823,0.7164719587432766,-0.16760139711858812,39.81093599125215,101.1115805785709,-73.59336308486182,58.022704623778345
4DoF_V22_3_3x3_grid_4Nm_curriculum1_extended_active_passive_selector,20260803,1717,1.0,mid_cross,active,v22_3_active_bidirectional_4Nm_grid,,,1.0,4.0,0.2,0.4,0.0,True,True,success,14,14,1.8781581961023157,0.01100561566308283,1.8347697086947428,0.03238287174449009,0.056195111950574056,1.3394146340059088,0.007848690651282466,1.3084719929111974,0.023093950443428782,52.933579382534916,31.05499673888785,9.528639974535528,87.34117558989774,0.30094592168210577,-0.5014245693628436,0.7387811960781929,0.40114322408451,46.71669069168308,37.09740164058168,50.49037704277627,39.46541066723755
4DoF_V22_3_3x3_grid_4Nm_curriculum1_extended_active_passive_selector,20260719,1139,-1.0,mid_cross,active,v22_3_active_bidirectional_4Nm_grid,,,1.0,4.0,0.2,0.3,0.01,True,True,success,13,13,2.395308162635948,0.0,2.3735758201357156,0.02173234250023217,0.0547765920412981,1.7524587173889163,0.0,1.7365588704890909,0.015899846899825338,60.75761555127265,50.60026750222356,3.3541667556731505,100.01479643110612,0.4052452874023098,0.8344550689340557,-0.9561129493573912,0.25075709497690046,38.880295015630715,97.11361102186846,-66.58824082961593,53.9160901987775
4DoF_V22_3_3x3_grid_4Nm_curriculum1_extended_active_passive_selector,20260803,1993,-1.0,pre_cross,active,v22_3_active_bidirectional_4Nm_grid,,,1.0,4.0,0.2,0.35,0.01,True,True,success,13,13,3.4078587643862512,0.021793743812677777,3.383347975497625,0.002717045075948192,0.05315599114283647,2.56927610378234,0.01643088785692434,2.55079676278543,0.0020484531399852183,75.51719597309275,30.011526185353308,8.43059982115664,87.26359761877983,0.9115646177344654,0.01185672978196095,0.528229757786183,0.3445685518047509,48.367866242898145,88.8135363306988,-66.91352799234504,50.39189227222451
4DoF_V22_3_3x3_grid_4Nm_curriculum1_extended_active_passive_selector,20260719,890,1.0,mid_cross,active,v22_3_active_bidirectional_4Nm_grid,,,1.0,4.0,0.2,0.35,0.01,True,True,success,14,14,1.398577494390193,0.0287752764818928,1.3058270491076647,0.0639751688006356,0.04931903374959745,1.1364579904271261,0.023382253050522238,1.0610907082566359,0.05198502911996832,57.314614226636806,23.517859157196234,13.305762528718938,87.73484306213957,-0.20986186097331316,0.5524482534226267,0.033988438137410926,0.4971435529426158,58.63262345972251,16.323222558828537,50.31418173883296,40.71389804828371
4DoF_V22_3_3x3_grid_4Nm_curriculum1_extended_active_passive_selector,20260803,1962,-1.0,mid_cross,active,v22_3_active_bidirectional_4Nm_grid,,,1.0,4.0,0.2,0.35,0.01,True,True,success,12,12,2.1649584468191714,0.017791370174284796,2.1104272260990444,0.03673985054584224,0.049251765490486224,1.761607589501626,0.014476680960182309,1.71723601626127,0.029894892280173634,70.0999379504624,44.48219081434565,-16.361874494251378,96.90426081092937,0.9801574037004905,0.28137696280747515,0.8586232022805997,-0.23751974710549162,54.77789373491636,85.59762819593661,-65.9862969393639,57.58373170473337
4DoF_V22_3_3x3_grid_4Nm_curriculum1_extended_active_passive_selector,20260803,2008,-1.0,mid_cross,active,v22_3_active_bidirectional_4Nm_grid,,,1.0,4.0,0.2,0.35,0.02,True,True,success,12,12,1.8920529651972198,0.0,1.8209813065830656,0.07107165861415413,0.04833008499918645,1.5689067851164749,0.0,1.509973547263059,0.05893323785341567,63.50648369501873,52.196931355154625,-15.251295375167638,96.75995458705081,0.9176308741112829,0.12610645761914285,-0.2087669798777998,-0.10195638832232112,49.512908222987654,88.03354486216386,-65.41906872660849,56.33761478759908
4DoF_V22_3_3x3_grid_4Nm_curriculum1_extended_active_passive_selector,20260702,538,-1.0,mid_cross,active,v22_3_active_bidirectional_4Nm_grid,,,1.0,4.0,0.2,0.35,0.01,True,True,success,12,12,3.0155683578538763,0.04932373513490017,2.966244622718976,0.0,0.04769929292262708,2.533603480001992,0.04144054193267106,2.492162938069321,0.0,67.42817973703855,48.63299816742356,5.173724868743135,94.88660108156904,0.4560320073379749,0.8175252077836219,-0.2223340111029266,-0.45872600279406106,48.58863986062772,91.9043048062255,-58.38865757288039,68.62881564029257
4DoF_V22_3_3x3_grid_4Nm_curriculum1_extended_active_passive_selector,20260803,1944,-1.0,mid_cross,active,v22_3_active_bidirectional_4Nm_grid,,,1.0,4.0,0.2,0.35,0.0,True,True,success,10,10,1.5244143937332784,0.0,1.4715070539317212,0.05290733980155721,0.04749779447724896,1.2862074101262921,0.0,1.2415674403237378,0.04463996980255425,67.688397653315,53.921375363609236,-21.15182525795518,90.93946144493589,0.9705380498100049,0.4421734843683991,-0.974058276106561,-0.29477333474114975,60.26573312169399,80.26703332612072,-60.45246522112082,59.295843517479355
4DoF_V22_3_3x3_grid_4Nm_curriculum1_extended_active_passive_selector,20260803,1960,-1.0,mid_cross,active,v22_3_active_bidirectional_4Nm_grid,,,1.0,4.0,0.2,0.35,0.0,True,True,success,13,13,1.0911904333759452,0.0456608757157441,1.018089770452347,0.027439787207854012,0.04669961210037253,0.9364157013012575,0.03918432534558054,0.8736836552317111,0.023547720723965725,63.1076902466156,48.04789849561324,-24.8855865803769,84.47359646499173,0.9696341990206279,-0.045867016887914724,-0.637694380490184,-0.49873625281121536,50.46781242553443,83.4790279093768,-61.19842124096166,47.07272278198004
4DoF_V22_3_3x3_grid_4Nm_curriculum1_extended_active_passive_selector,20260719,1348,-1.0,mid_cross,active,v22_3_active_bidirectional_4Nm_grid,,,1.0,4.0,0.2,0.4,0.0,True,True,success,13,13,2.112701334499335,0.0,2.018476186188323,0.09422514831101168,0.04532909331107658,1.8678520995622798,0.0,1.7845470728505897,0.08330502671169009,69.53826765581805,50.901460360420046,-12.569308220293715,93.61203917968382,0.7676176382952937,0.19971652265794604,0.5329206889801972,0.2817063583516205,50.13481267907609,96.7775369579412,-79.30636617771164,52.166194568775836
4DoF_V22_3_3x3_grid_4Nm_curriculum1_extended_active_passive_selector,20260719,1381,-1.0,touchdown,active,v22_3_active_bidirectional_4Nm_grid,,,1.0,4.0,0.2,0.4,0.01,True,True,success,13,13,1.6975752153874446,0.003338210297703155,1.5391973926459723,0.1550396124437691,0.044826022313159034,1.5176800782810662,0.0029844540730882873,1.3760858418445956,0.13860978236338237,74.69233132812329,43.25615899327783,-60.1379639532611,8.39704671613432,0.8809208055355848,0.1639323822962182,-0.5307053391306538,0.4353046367175485,68.70849356199415,74.59033669473668,-68.22881432886844,53.98665618925006
4DoF_V22_3_3x3_grid_4Nm_curriculum1_extended_active_passive_selector,20260803,1494,1.0,mid_cross,active,v22_3_active_bidirectional_4Nm_grid,,,1.0,4.0,0.2,0.3,0.01,True,True,success,12,12,1.1042757020154217,0.0,1.1042757020154217,0.0,0.04479331978843282,0.9879743649150415,0.0,0.9879743649150415,0.0,49.94238124752054,34.90373940585025,21.246189077076995,73.45808509703598,-0.15833409791119468,-0.04018696473378358,-0.30214927893769294,-0.08103955232894355,37.72841625425463,49.613182616029995,49.26709937217451,72.75135733023734
4DoF_V22_3_3x3_grid_4Nm_curriculum1_extended_active_passive_selector,20260719,1212,-1.0,touchdown,active,v22_3_active_bidirectional_4Nm_grid,,,1.0,4.0,0.2,0.35,0.0,True,True,success,10,10,0.36220303791736524,0.016299034102788466,0.2424753094798498,0.10342869433472696,0.04453472272457786,0.325937812388198,0.014667109227050496,0.21819770586254514,0.0930729972986024,60.3245640574883,49.16946520218879,-54.841224715987224,16.21375168687667,0.9300999446933842,0.7934722048834137,-0.4434972387848686,0.024903588019131062,56.9686965340366,71.29717395209495,-59.14458456716527,33.469787850398795
4DoF_V22_3_3x3_grid_4Nm_curriculum1_extended_active_passive_selector,20260702,77,1.0,touchdown,active,v22_3_active_bidirectional_4Nm_grid,,,1.0,4.0,0.2,0.3,0.01,True,True,success,8,8,0.17045637099169772,0.005600469668504363,0.1637461360937224,0.001109765229470951,0.04221825810312049,0.16180589423176076,0.005316251880513978,0.15543619650878773,0.001053445842459056,55.21265229651608,26.793722169904346,50.40557794332539,66.28171955963475,-0.6493883118273849,-0.6753147270306676,0.02486209402315831,-0.21034236336324486,47.07738719796498,30.012236557289032,55.138427908583864,65.54315351873272
4DoF_V22_3_3x3_grid_4Nm_curriculum1_extended_active_passive_selector,20260803,1974,-1.0,mid_cross,active,v22_3_active_bidirectional_4Nm_grid,,,1.0,4.0,0.2,0.35,0.01,True,True,success,10,10,2.056475234500248,0.036083094806100606,2.0186598603541617,0.0017322793399859196,0.04210554812733084,1.957336834186337,0.034343603740300675,1.9213444606955572,0.0016487697504795936,70.1671102371569,42.69570393233129,-14.441625456468106,77.64060660673658,0.6436621911808236,0.8554028800669728,0.22327602172899086,0.13194350668969845,56.08125479499068,78.75701136855962,-56.86295379365078,56.14641759421573
4DoF_V22_3_3x3_grid_4Nm_curriculum1_extended_active_passive_selector,20260803,1480,1.0,touchdown,active,v22_3_active_bidirectional_4Nm_grid,,,1.0,4.0,0.2,0.3,0.0,True,True,success,11,11,0.20185231637021453,0.012793971734573698,0.17716500462116294,0.011893340014477883,0.04127466405063612,0.19598895666851518,0.012422335383591256,0.17201875627818186,0.011547865006742038,48.523799733694204,24.942783297066402,53.35617149459455,72.34748892952405,-0.005717805022860567,-0.586637544316194,0.04605857005431924,-0.14157331424536357,38.535139335378105,31.733480743610873,62.99451384007728,76.67287133799434
4DoF_V22_3_3x3_grid_4Nm_curriculum1_extended_active_passive_selector,20260719,767,1.0,touchdown,active,v22_3_active_bidirectional_4Nm_grid,,,1.0,4.0,0.2,0.3,0.01,True,True,success,12,12,0.4001179863492645,0.015608953417739557,0.38020044168025136,0.004308591251273608,0.0403265589016735,0.3976292464080084,0.015511865490834853,0.37783558916880516,0.004281791748368405,66.08193828949231,15.390254998547148,44.65263858959291,45.80481506014818,-0.6087168847734445,0.5224053915300964,-0.6575178159330637,-0.16443640055283582,61.79348930410082,13.053081416007663,52.333125370984554,47.324724104295285
4DoF_V22_3_3x3_grid_4Nm_curriculum1_extended_active_passive_selector,20260702,567,-1.0,mid_cross,active,v22_3_active_bidirectional_4Nm_grid,,,1.0,4.0,0.2,0.35,0.02,True,True,success,12,12,2.070689191464652,0.04729985768677866,2.002698554681545,0.020690779096328438,0.04015980183312406,2.066354193635844,0.04720083520613777,1.9985058955794026,0.020647462850303368,54.89983234788565,59.55043194883077,-8.647186107574656,93.2491016523705,0.5494318474055675,0.2034241614208372,-0.3990419096852751,-0.05886005814642836,36.28683389764459,96.01955985735343,-64.93460687611874,52.01772413303515
4DoF_V22_3_3x3_grid_4Nm_curriculum1_extended_active_passive_selector,20260803,2042,-1.0,mid_cross,active,v22_3_active_bidirectional_4Nm_grid,,,1.0,4.0,0.2,0.4,0.0,True,True,success,10,10,1.8413572653147807,0.031264435275261106,1.8034493018563316,0.006643528183188016,0.03859404131773364,1.9120498586720496,0.03246472597989026,1.872686549042464,0.006898583649695424,80.94046614796768,41.98744307865546,-21.72671361161766,83.90323989248326,0.5618247032602088,0.9032301831362091,-0.8679312627257547,-0.31844582802080135,70.28980019644108,74.50775074964275,-61.844156605791134,61.09951946729016
4DoF_V22_3_3x3_grid_4Nm_curriculum1_extended_active_passive_selector,20260702,123,1.0,touchdown,active,v22_3_active_bidirectional_4Nm_grid,,,1.0,4.0,0.2,0.35,0.0,True,True,success,8,8,0.23507211151479915,0.012280673038131722,0.2109773912118093,0.011814047264858138,0.03794802846956677,0.2482523116059364,0.012969235057902494,0.22280663038849796,0.012476446159535953,55.82664603235948,22.101099333454204,65.26559734881195,59.311636133931486,-0.9193503414907589,-0.43619517821892373,0.7969332222179013,-0.33197952376435014,40.60615178358098,37.09382678804072,59.42372507680836,61.117079690084125
4DoF_V22_3_3x3_grid_4Nm_curriculum1_extended_active_passive_selector,20260803,2002,-1.0,mid_cross,active,v22_3_active_bidirectional_4Nm_grid,,,1.0,4.0,0.2,0.35,0.02,True,True,success,14,14,1.783503880369381,0.05486154945168039,1.6995597621052188,0.029082568812481887,0.03792817180673475,1.884488794894489,0.057967900350645356,1.7957916229918698,0.03072927155197399,68.59333071485071,40.382386320517384,-17.37669741468906,95.40465622146307,0.7514879981368228,-0.03358182934866516,0.5711276797200564,0.02524957683658402,46.845696526243366,88.66315979861437,-65.71040602096502,52.88440275134349
4DoF_V22_3_3x3_grid_4Nm_curriculum1_extended_active_passive_selector,20260702,584,-1.0,touchdown,active,v22_3_active_bidirectional_4Nm_grid,,,1.0,4.0,0.2,0.35,0.02,True,True,success,11,11,0.5878396426621213,0.016098356759965182,0.4673300108569123,0.10441127504524386,0.03772796800013841,0.6244200878835096,0.017100135161546636,0.4964113089215412,0.11090864380042183,60.31850510508285,46.99471180467578,-52.994997114071666,16.418496192718006,0.7852731870114174,0.46293408473623665,-0.5131421960192579,-0.20535573438961818,53.13438811846294,73.16557556795956,-60.82476443257374,32.780570658893495
4DoF_V22_3_3x3_grid_4Nm_curriculum1_extended_active_passive_selector,20260719,1335,-1.0,mid_cross,active,v22_3_active_bidirectional_4Nm_grid,,,1.0,4.0,0.2,0.4,0.0,True,True,success,11,11,1.8945282990557049,0.030587443260233854,1.8596144863671493,0.004326369428321761,0.03732070294338309,2.03438287858187,0.03284541640218831,1.9968917190172362,0.004645743162445647,83.98102315913187,42.76555572883445,-21.741707266907014,74.67307811385028,0.9778908169722718,-0.37007091255566027,-0.987244565036226,-0.16096106453085857,74.4270946681162,73.36805059754494,-61.55406332393453,64.94794013971493
4DoF_V22_3_3x3_grid_4Nm_curriculum1_extended_active_passive_selector,20260803,1774,1.0,touchdown,active,v22_3_active_bidirectional_4Nm_grid,,,1.0,4.0,0.2,0.4,0.02,True,True,success,8,8,0.11775815565083579,0.00021023600115792942,0.10954347446562551,0.008004445184052356,0.0365216492024229,0.1292177054433997,0.00023069496563595974,0.12020361849685023,0.008783391980913513,63.983508231239014,16.937466158261966,66.01573511883801,47.09525136447995,-0.7961007112858902,-0.5514664561979845,0.05783570034353813,-0.3460277596926109,49.248731199798286,32.16084478409946,55.7657307896576,48.09418642537781
4DoF_V22_3_3x3_grid_4Nm_curriculum1_extended_active_passive_selector,20260702,520,-1.0,touchdown,active,v22_3_active_bidirectional_4Nm_grid,,,1.0,4.0,0.2,0.35,0.0,True,True,success,9,9,0.21381693599825183,0.024604248985742892,0.16461032073015677,0.02460236628235215,0.03605109925654241,0.23768676550322781,0.027350987571466815,0.1829868832425874,0.027348894689173568,72.48379214880222,40.16327743950106,-39.22241025209297,41.38152047477956,0.8139050104241203,0.5628296742867316,-0.70528108512189,0.20049392116336862,68.08571613889627,60.46089226175033,-52.10110329424472,37.960662767174036
4DoF_V22_3_3x3_grid_4Nm_curriculum1_extended_active_passive_selector,20260719,1412,-1.0,touchdown,active,v22_3_active_bidirectional_4Nm_grid,,,1.0,4.0,0.2,0.4,0.02,True,True,success,13,13,0.6353416248388947,0.02564597852618153,0.46138201065673334,0.14831363565597977,0.03518056953844278,0.7237454624100483,0.02921445701294327,0.5255804493135628,0.1689505560835422,54.799517601279945,59.78280919621937,-70.27017109903703,8.11484480078611,0.9097273315596011,-0.04974209165867394,-0.7400875952410835,-0.1238841988329038,48.148251127804215,85.49243406170193,-75.03273788259196,32.419498058545265
4DoF_V22_3_3x3_grid_4Nm_curriculum1_extended_active_passive_selector,20260702,363,-1.0,mid_cross,active,v22_3_active_bidirectional_4Nm_grid,,,1.0,4.0,0.2,0.3,0.0,True,True,success,12,12,1.3000576116071716,0.03366224868475709,1.2474509159195204,0.018944447002894174,0.035042655241395534,1.486781001332114,0.03849705686868939,1.4266185631501873,0.021665381313237485,70.97529188091758,39.75247767198624,-23.165491810569204,82.6001192731717,0.43307569801722945,0.7797050185247831,0.2524296870249687,0.39706171409600066,54.5903464143637,80.07493401654445,-59.53770744407191,48.94301887861849
4DoF_V22_3_3x3_grid_4Nm_curriculum1_extended_active_passive_selector,20260803,1887,-1.0,mid_cross,active,v22_3_active_bidirectional_4Nm_grid,,,1.0,4.0,0.2,0.3,0.02,True,True,success,13,13,1.9175562257970342,0.0,1.8871723057231933,0.030383920073840963,0.03433900610008642,2.2379057730529186,0.0,2.202445874028073,0.035459899024845754,63.344966396553986,48.99221782304365,-5.096912074589002,100.417437915738,0.8904530124922327,-0.7015072725853946,-0.6598113189847907,0.2486309938871717,45.3575019520822,85.25946476214047,-57.125482345848816,56.65517171582017
4DoF_V22_3_3x3_grid_4Nm_curriculum1_extended_active_passive_selector,20260702,115,1.0,mid_cross,active,v22_3_active_bidirectional_4Nm_grid,,,1.0,4.0,0.2,0.3,0.02,True,True,success,12,12,1.7946671777760106,0.003795156257686354,1.7908720215183243,0.0,0.03421272367824954,2.102217663736758,0.0044455287422351785,2.097772134994523,0.0,50.239311326969826,29.652860348208982,9.471336886802856,56.3552193374876,0.3755975863751335,-0.01326511978881384,0.00852767887177519,-0.2468019280546413,47.29363199819607,34.83693194506481,50.980965981034636,69.4135822727277
4DoF_V22_3_3x3_grid_4Nm_curriculum1_extended_active_passive_selector,20260719,1342,-1.0,mid_cross,active,v22_3_active_bidirectional_4Nm_grid,,,1.0,4.0,0.2,0.4,0.0,True,True,success,12,12,2.219023897957283,0.010257374816143791,2.151324282600183,0.057442240540956424,0.03421090123625149,2.599434476610101,0.012015811889696758,2.5201290151527065,0.0672896495676979,80.53499932212263,41.45692212313859,-21.219301663261376,60.73303424285372,0.8400448733670745,-0.34061067078361096,-0.561071926489056,0.23953721072093714,66.84911239744511,78.62841334668487,-62.176824592617855,64.3268097871849
4DoF_V22_3_3x3_grid_4Nm_curriculum1_extended_active_passive_selector,20260803,1472,1.0,touchdown,active,v22_3_active_bidirectional_4Nm_grid,,,1.0,4.0,0.2,0.3,0.0,True,True,success,7,7,0.18673078379696334,0.0,0.15697494465670372,0.02975583914025961,0.03353752025663789,0.22313432460764945,0.0,0.18757752494833338,0.03555679965931607,61.07304764264683,26.242288971637738,52.05605456427131,63.89190330241439,-0.9866308337556153,-0.33717052375209344,0.5587519940281296,0.08677654440715943,49.60098535259003,37.05293227248412,44.24462659558082,46.92556121270779
4DoF_V22_3_3x3_grid_4Nm_curriculum1_extended_active_passive_selector,20260803,2018,-1.0,mid_cross,active,v22_3_active_bidirectional_4Nm_grid,,,1.0,4.0,0.2,0.35,0.02,True,True,success,12,12,1.915461601301482,0.06541624212409401,1.850045359177388,0.0,0.033211714507405225,2.311338560239605,0.078936107507796,2.2324024527318094,0.0,64.5541185688643,37.95590580851064,-15.651214470070725,61.47921632372146,0.07551486434517751,0.8913523541205246,-0.972770422954899,0.053181420486091646,40.39982208866307,85.54158018528258,-63.87488197675142,34.385058917757085
4DoF_V22_3_3x3_grid_4Nm_curriculum1_extended_active_passive_selector,20260702,453,-1.0,mid_cross,active,v22_3_active_bidirectional_4Nm_grid,,,1.0,4.0,0.2,0.3,0.02,True,True,success,10,10,1.4105060884080534,0.01521605084252099,1.3732340349088454,0.022056002656686856,0.03293337209474571,1.7164065951317369,0.018515999493089273,1.6710512443353807,0.026839351303266788,73.42864704604456,45.2865384530045,-20.335806442082454,89.78981916753384,0.7942825487224565,0.13370225442311057,-0.21121701232325685,-0.03071086937020029,63.97499394483794,71.9686816089942,-52.17008271341048,61.99985593776449
4DoF_V22_3_3x3_grid_4Nm_curriculum1_extended_active_passive_selector,20260702,369,-1.0,mid_cross,active,v22_3_active_bidirectional_4Nm_grid,,,1.0,4.0,0.2,0.3,0.0,True,True,success+touchdown_event,12,12,2.8299191191948725,0.02543717613385645,2.803273083898131,0.001208859162884879,0.031776982338681134,3.5689690452657916,0.03208024342636906,3.5353642420372857,0.0015245598021365063,73.55987245046656,44.070988141192146,-5.210919263952149,81.25278336459868,0.33674500435649923,0.6159409112484511,-0.16945381644761603,-0.3519562471094948,55.42977269305731,85.88308762572363,-53.097635139797625,67.38645389810273
4DoF_V22_3_3x3_grid_4Nm_curriculum1_extended_active_passive_selector,20260803,1511,1.0,touchdown,active,v22_3_active_bidirectional_4Nm_grid,,,1.0,4.0,0.2,0.3,0.01,True,True,success,9,9,0.19894136975012003,0.008345158118145542,0.18985567942062898,0.0007405322113455258,0.03090295573003568,0.2579921516713305,0.010822210089545948,0.24620960086015925,0.0009603407216253241,63.66868605378728,17.053575901456473,49.011972047654915,53.614247287465695,-0.6538015024820008,0.2543520838959161,0.03762206474616936,-0.08165069760897525,53.60468879052878,27.22463632811344,49.00395461104243,54.17381624260663
4DoF_V22_3_3x3_grid_4Nm_curriculum1_extended_active_passive_selector,20260719,799,1.0,touchdown,active,v22_3_active_bidirectional_4Nm_grid,,,1.0,4.0,0.2,0.3,0.01,True,True,success,6,6,0.12064571500578027,0.005654103819311559,0.10100568404470231,0.0139859271417664,0.03069805788801916,0.1575006721030742,0.007381324331655404,0.1318609875411587,0.018258360230260125,58.24295733277184,17.954846801987674,66.27517460043885,77.40362913591605,-0.8630764785566507,-0.9822360255146194,0.16472485012739035,-0.10880017208169068,47.65515676905909,27.173218866582953,57.031653992886106,64.30078441529591
4DoF_V22_3_3x3_grid_4Nm_curriculum1_extended_active_passive_selector,20260803,1860,-1.0,touchdown,active,v22_3_active_bidirectional_4Nm_grid,,,1.0,4.0,0.2,0.3,0.01,True,True,success,9,9,0.27199036446897246,0.009873686576247181,0.22308018535765853,0.03903649253506674,0.03056140989985027,0.356665862417783,0.01294754299416301,0.2925290638668364,0.05118925555678353,46.338809846256034,60.30468476946359,-59.948589191644935,9.506463896526146,0.9688512133701019,0.30065779536862514,0.5474149027278419,-0.2659752409170768,41.71683618476793,78.33872049164943,-63.2517842255356,18.51656010808833
4DoF_V22_3_3x3_grid_4Nm_curriculum1_extended_active_passive_selector,20260803,1854,-1.0,touchdown,active,v22_3_active_bidirectional_4Nm_grid,,,1.0,4.0,0.2,0.3,0.01,True,True,success,8,8,0.13770001228715528,0.017442883351693896,0.06837230485191467,0.051884824083546735,0.030083995254218444,0.18343401754377023,0.02323615021962505,0.09108064959035612,0.06911721773378908,59.80246518169331,47.77087138301931,-47.76668848396801,18.61681422906261,0.9648335551199407,0.1536007976845415,-0.9259777086234822,0.4652572303866518,57.27870572037013,61.16182578374164,-57.01049648593955,15.47199480287607
4DoF_V22_3_3x3_grid_4Nm_curriculum1_extended_active_passive_selector,20260702,181,1.0,touchdown,active,v22_3_active_bidirectional_4Nm_grid,,,1.0,4.0,0.2,0.35,0.01,True,True,success,7,7,0.08455510775367485,0.0,0.05907903350508648,0.025476074248588366,0.0292430313916274,0.11587743340805583,0.0,0.08096408310118233,0.03491335030687348,58.090056125543505,21.52970423295149,59.08578730201838,44.69499140895487,-0.8241660376782487,-0.19318942560725016,0.9833040676895646,0.3126455564623004,46.378404651221594,33.875307508118304,57.3968935130949,53.381891799761476
4DoF_V22_3_3x3_grid_4Nm_curriculum1_extended_active_passive_selector,20260719,1350,-1.0,touchdown,active,v22_3_active_bidirectional_4Nm_grid,,,1.0,4.0,0.2,0.4,0.0,True,True,success,7,7,0.14124922101774706,0.0,0.1288142524565316,0.01243496856121546,0.029083930991710416,0.19463205422090182,0.0,0.17749749264383227,0.017134561577069576,68.72128570105193,57.32265594884149,-57.82081933484593,41.91005907790117,0.7923183493000179,0.953234270593549,-0.8461247083000587,0.3811064835481617,69.0376338760941,68.19882645563432,-62.70195857976539,43.519086803454584
4DoF_V22_3_3x3_grid_4Nm_curriculum1_extended_active_passive_selector,20260702,477,-1.0,touchdown,active,v22_3_active_bidirectional_4Nm_grid,,,1.0,4.0,0.2,0.3,0.02,True,True,success,9,9,0.1856419200230792,0.010386906668829037,0.13469945012970266,0.04055556322454749,0.029056156645592194,0.25604676539917504,0.014326149259424591,0.18578432340319526,0.055936292736555177,55.73969587656521,46.75186840024569,-47.91536391357829,19.462800218494987,0.44889419276397824,0.9837946329582639,-0.4330272825232988,0.4604307492771139,48.80975222318552,68.03072516428485,-56.392293177656896,20.901045989192802
4DoF_V22_3_3x3_grid_4Nm_curriculum1_extended_active_passive_selector,20260702,400,-1.0,touchdown,active,v22_3_active_bidirectional_4Nm_grid,,,1.0,4.0,0.2,0.3,0.0,True,True,success,11,11,0.41729909802828286,0.029015718033012887,0.32835295951296994,0.05993042048230003,0.028501818499892327,0.5867543072447191,0.04079830896858226,0.4616892636507163,0.08426673462542057,68.41072575502865,41.93852480229874,-46.9867812590504,9.067209618853592,0.9299322936010139,-0.4620772270190501,-0.7532356199074552,0.42077317389201907,61.12675455085863,65.07450611435586,-57.10160590400098,29.108894015600512
4DoF_V22_3_3x3_grid_4Nm_curriculum1_extended_active_passive_selector,20260702,472,-1.0,mid_cross,active,v22_3_active_bidirectional_4Nm_grid,,,1.0,4.0,0.2,0.3,0.02,True,True,success,14,14,3.038765501815653,0.0043002255531061654,3.0161666119484423,0.018298664314104623,0.028454126399144658,4.279897236867325,0.006056579045552773,4.2480682174049305,0.02577244041684207,56.429814593497966,63.21181918950147,3.064521314150099,92.73631513985532,0.7780388195842247,-0.813042295108481,0.9864764963182138,0.33017606785374365,35.05790699086915,100.57635888202535,-56.3915270594007,71.44251744882841
4DoF_V22_3_3x3_grid_4Nm_curriculum1_extended_active_passive_selector,20260803,1630,1.0,touchdown,active,v22_3_active_bidirectional_4Nm_grid,,,1.0,4.0,0.2,0.35,0.01,True,True,success,8,8,0.10940648057714081,0.00039350730149819406,0.09218921681812585,0.016823756457516777,0.028042853881265123,0.15635157093781446,0.0005623568589372745,0.13174657293612257,0.024042641142754607,64.95374084958407,16.300396803484208,56.43040518668497,39.03116889361814,-0.36818932611299604,-0.6684952101461814,0.7224190378403212,-0.2954909831513435,52.23958653305449,31.02814268566973,50.42388026292854,44.24182167991062
4DoF_V22_3_3x3_grid_4Nm_curriculum1_extended_active_passive_selector,20260702,386,-1.0,touchdown,active,v22_3_active_bidirectional_4Nm_grid,,,1.0,4.0,0.2,0.3,0.0,True,True,success,9,9,0.10848308477065696,0.01002539988920584,0.05949680131091815,0.03896088357053297,0.027963496991086682,0.155471917584587,0.01436784498359632,0.08526750331181236,0.05583656928917831,62.64210621989704,47.45434623647986,-40.65783645499772,40.329242752379784,0.9694110112164984,-0.1394372332539322,-0.5376330358286352,-0.4680445328962475,58.55823818744399,63.58911720344673,-51.60204381964464,29.802403348990264
4DoF_V22_3_3x3_grid_4Nm_curriculum1_extended_active_passive_selector,20260719,1284,-1.0,mid_cross,active,v22_3_active_bidirectional_4Nm_grid,,,1.0,4.0,0.2,0.35,0.02,True,True,success,14,14,2.9797618782152377,0.03416143353687898,2.918555019826683,0.02704542485167583,0.027952198979240363,4.2721549000455665,0.048978053160601095,4.184401183249351,0.03877566363561453,75.38173905504568,34.03050607525286,-7.006238801313775,68.38482397248774,0.43041445619889007,0.12527954828300025,0.4579177825110512,0.41755884335244065,48.72881842483172,89.45091145484152,-59.19471023898967,60.840848496381916
4DoF_V22_3_3x3_grid_4Nm_curriculum1_extended_active_passive_selector,20260803,1946,-1.0,mid_cross,active,v22_3_active_bidirectional_4Nm_grid,,,1.0,4.0,0.2,0.35,0.0,True,True,success,11,11,1.6050551796424766,0.025902127875426555,1.5504286798157432,0.028724371951306935,0.027670378724080857,2.3246430412623837,0.03751472353300099,2.245526064910815,0.041602252818567796,58.435083389915754,66.27627081997356,-21.18437335482554,91.45233766917916,0.866067586881534,-0.6718689052314408,-0.1914632032291661,-0.07362710010191365,46.74117161577028,90.80239308440844,-64.26284128790941,53.53237717227862
4DoF_V22_3_3x3_grid_4Nm_curriculum1_extended_active_passive_selector,20260803,1881,-1.0,touchdown,active,v22_3_active_bidirectional_4Nm_grid,,,1.0,4.0,0.2,0.3,0.02,True,True,success,6,6,0.06755511666673877,0.0,0.04625141796530627,0.021303698701432505,0.026892804796005164,0.10067080915770034,0.0,0.06892398238653145,0.03174682677116889,53.98643193581521,57.742185194084655,-58.34105433069235,21.049280610077624,0.9614184906278676,0.9831294146213676,0.7956105798983073,0.4364856861930586,53.475861142113786,68.34674269173051,-58.28039106947925,26.398804939288574
4DoF_V22_3_3x3_grid_4Nm_curriculum1_extended_active_passive_selector,20260702,18,1.0,touchdown,active,v22_3_active_bidirectional_4Nm_grid,,,1.0,4.0,0.2,0.3,0.0,True,True,success,5,5,0.09001777955185919,0.005509837815597837,0.07448412425794082,0.010023817478320521,0.026105519918421888,0.13819023632526603,0.008458393371197378,0.11434384168247057,0.015388001271598083,49.99139985112016,37.27300302335545,54.375483284323565,61.73257232953932,-0.9011858690845804,-0.9716733785198457,-0.727634958782279,0.41497608802445685,44.18587329896934,39.218352760872094,50.7707510587529,58.951031813288544
4DoF_V22_3_3x3_grid_4Nm_curriculum1_extended_active_passive_selector,20260803,2142,-1.0,touchdown,active,v22_3_active_bidirectional_4Nm_grid,,,1.0,4.0,0.2,0.4,0.02,True,True,success,9,9,0.4067513790127145,0.01350138182247706,0.27448802259062943,0.11876197459960802,0.02609170147674293,0.6247525587749699,0.020737539626944308,0.4216017530974788,0.18241326605054684,67.35782833997953,55.36205665559976,-65.50387092761096,24.363526392715592,0.7307075130761784,0.6221669197142783,0.5591191777920292,0.05894720485600691,65.33738700996143,72.96040267394822,-60.763595950235676,57.131311200595064
4DoF_V22_3_3x3_grid_4Nm_curriculum1_extended_active_passive_selector,20260719,866,1.0,touchdown,active,v22_3_active_bidirectional_4Nm_grid,,,1.0,4.0,0.2,0.35,0.0,True,True,success,6,6,0.39125835863308944,0.0,0.3264697670254705,0.06478859160761898,0.025878734421542732,0.6059014690741867,0.0,0.5055700589761433,0.10033141009804347,66.09530435123945,19.947298302450392,53.622917779416454,51.00053889746865,-0.9734557715262622,-0.3956135697622305,-0.9633745321121281,0.4676169366715903,55.74490324126029,30.271516281989175,39.93802207161379,32.39912400489945
4DoF_V22_3_3x3_grid_4Nm_curriculum1_extended_active_passive_selector,20260803,1448,1.0,touchdown,active,v22_3_active_bidirectional_4Nm_grid,,,1.0,4.0,0.2,0.3,0.0,True,True,success,7,7,0.1919001845803362,0.014841104347337803,0.1738629740153123,0.0031961062176860977,0.025775997000594575,0.29836050284830457,0.02307449242729701,0.27031680280742026,0.004969207613587311,56.96883847990884,17.059511410534007,55.118046423557196,63.36359661646719,-0.47153360519812626,-0.23989694863993316,-0.495878214497812,-0.012550234787153225,55.9824946422852,11.558869351264537,59.472993937940124,62.291379183256474
4DoF_V22_3_3x3_grid_4Nm_curriculum1_extended_active_passive_selector,20260803,1825,-1.0,touchdown,active,v22_3_active_bidirectional_4Nm_grid,,,1.0,4.0,0.2,0.3,0.0,True,True,success,10,10,0.2186009461645903,0.023801748219514918,0.11861398569788667,0.07618521224718872,0.02555062771307874,0.34287188398427315,0.037332639210078296,0.18604402888767457,0.11949521588652028,69.53200560797208,39.03860891299777,-47.790244011825344,12.881515261224079,0.9933457987156191,-0.35756769579712144,0.39118232833384803,0.0140109321202192,63.066466041939144,60.9060331548911,-52.18003253436131,29.313247922944438
4DoF_V22_3_3x3_grid_4Nm_curriculum1_extended_active_passive_selector,20260702,95,1.0,touchdown,active,v22_3_active_bidirectional_4Nm_grid,,,1.0,4.0,0.2,0.3,0.02,True,True,success,6,6,0.10514549746545007,0.006151332245885396,0.09783664165947693,0.0011575235600877515,0.02552060856064242,0.16511292242763864,0.009659609478525188,0.1536356212514948,0.0018176916976186655,55.68718164856129,21.54800126757887,56.423890352278164,72.49682519878614,-0.577907212027696,-0.47871158469202246,0.07705613280798551,-0.4757414413683395,51.04240625883913,22.910479218109447,58.22552120606187,69.60279039921257
4DoF_V22_3_3x3_grid_4Nm_curriculum1_extended_active_passive_selector,20260719,1419,-1.0,touchdown,active,v22_3_active_bidirectional_4Nm_grid,,,1.0,4.0,0.2,0.4,0.02,True,True,success,10,10,0.8321795559297135,0.0068381765594387744,0.6843101314585518,0.14103124791172297,0.025213185928516332,1.3227285465283698,0.010869110250209956,1.087693802508239,0.22416563376992082,70.36956090488373,50.707684393554636,-65.54567340915287,16.134026280123674,0.39242348744008515,0.8578293665542072,-0.4495129783693501,-0.26070277389422636,66.67177933858798,70.9339361484994,-62.580234871785834,51.74064529270776
4DoF_V22_3_3x3_grid_4Nm_curriculum1_extended_active_passive_selector,20260719,861,1.0,touchdown,active,v22_3_active_bidirectional_4Nm_grid,,,1.0,4.0,0.2,0.35,0.0,True,True,success,8,8,0.18948201722354163,0.013093763022702725,0.17244952693979695,0.003938727261041952,0.025204395991195838,0.301281951533693,0.02081946632299975,0.2741997936204633,0.00626269159022993,58.34854125662475,18.806515095831536,65.86987308656457,65.53474423477947,-0.723849731325279,-0.16275850487445576,0.8764578127182105,-0.27799089164192026,41.348670006283236,40.51368993406619,53.49079218084674,56.269383007670015
4DoF_V22_3_3x3_grid_4Nm_curriculum1_extended_active_passive_selector,20260702,443,-1.0,mid_cross,active,v22_3_active_bidirectional_4Nm_grid,,,1.0,4.0,0.2,0.3,0.02,True,True,success,12,12,1.4056486380100042,0.02920101201150141,1.3375154858073408,0.03893214019116209,0.02512572173389656,2.242020818483705,0.04657584767646105,2.1333478958651844,0.06209707494205984,66.1155132692908,45.20518531255437,-14.075879983479602,86.5658735153337,0.8274457169230354,-0.7705474597122175,-0.5949712690404421,0.05732575922406313,50.46672495956002,76.88496107353508,-54.509110424278866,47.58004449835632
4DoF_V22_3_3x3_grid_4Nm_curriculum1_extended_active_passive_selector,20260719,1336,-1.0,touchdown,active,v22_3_active_bidirectional_4Nm_grid,,,1.0,4.0,0.2,0.4,0.0,True,True,success,8,8,0.5132824702814426,0.0038160994838701023,0.4265767913219813,0.0828895794755912,0.024817521053955585,0.8288566838069376,0.00616229804525295,0.6888429765588365,0.13385140920284816,52.3278229409955,74.0941557590312,-73.47051579646632,16.16274071653409,0.9054463706473703,0.3636082928304427,-0.062007522924506064,0.06600274256693994,51.550516268622886,86.39167491528914,-73.75331372311375,38.58097936469942
4DoF_V22_3_3x3_grid_4Nm_curriculum1_extended_active_passive_selector,20260719,1044,1.0,touchdown,active,v22_3_active_bidirectional_4Nm_grid,,,1.0,4.0,0.2,0.4,0.02,True,True,success,8,8,0.263104829726896,6.295183796547377e-05,0.25744127136168105,0.0056006065272494595,0.024806248164442157,0.42505893206134543,0.00010170182373572664,0.4159091719718625,0.00904805826574722,58.8004128949067,17.984577387901677,72.13746503703955,60.395628074185595,-0.5008920242177108,-0.494349550355496,0.5991142252804695,0.027510616059444826,44.057180493925024,35.97189343490142,60.212894657852736,55.676593443759394
4DoF_V22_3_3x3_grid_4Nm_curriculum1_extended_active_passive_selector,20260719,1180,-1.0,touchdown,active,v22_3_active_bidirectional_4Nm_grid,,,1.0,4.0,0.2,0.3,0.02,True,True,success,9,9,0.3402988298902217,0.015385623614574864,0.31798407460805367,0.006929131667593194,0.024509258555614963,0.5564314810304759,0.02515743394473938,0.5199440434025095,0.011330003683227006,67.82839546933202,37.03159357845916,-37.56174615237712,37.772309740684776,0.7344252581185198,0.18209571643852773,0.2942286250233277,0.08240008212621419,59.84979745808752,59.533840296774436,-49.78233742123305,30.425392063205535
4DoF_V22_3_3x3_grid_4Nm_curriculum1_extended_active_passive_selector,20260719,1318,-1.0,mid_cross,active,v22_3_active_bidirectional_4Nm_grid,,,1.0,4.0,0.2,0.35,0.02,True,True,success,9,9,1.9147122853206169,0.015946087349518794,1.8780168310840875,0.02074936688701068,0.024019954987863315,3.1945724731228706,0.026605005927695064,3.1333485028734045,0.03461896432177124,81.04303520963872,43.36569055883003,-16.505039539450426,87.88457149448278,0.397071172033463,0.4283307769333562,-0.9298579157562223,-0.3271925623766585,68.35719348751648,72.71756642840758,-59.16860780114376,61.550107445274705
4DoF_V22_3_3x3_grid_4Nm_curriculum1_extended_active_passive_selector,20260719,1287,-1.0,mid_cross,active,v22_3_active_bidirectional_4Nm_grid,,,1.0,4.0,0.2,0.35,0.02,True,True,success,11,11,1.954654283204673,0.03187789783755922,1.9191694156266335,0.0036069697404804285,0.024001024039573354,3.263785390469458,0.05322814276421553,3.204534507395614,0.0060227403096288325,89.1186792816701,34.73144123231945,-14.966657341001978,82.48811565281278,0.6036681551698164,-0.30621336488592377,-0.8902657504094262,0.07589281361806732,75.36710453891716,68.43635156779469,-56.34012435212956,64.70885866976877
4DoF_V22_3_3x3_grid_4Nm_curriculum1_extended_active_passive_selector,20260719,1293,-1.0,mid_cross,active,v22_3_active_bidirectional_4Nm_grid,,,1.0,4.0,0.2,0.35,0.02,True,True,success,15,15,3.7694259533643493,0.013960342689414115,3.6712843409487896,0.08418126972614545,0.02387420969595433,6.327433985526022,0.02343411115524052,6.162691507102143,0.14130836726863805,86.2269921400505,35.96392445610268,-5.7013422020135565,71.98018036981777,-0.009996437581239359,0.6917669383711611,-0.8890751823764627,-0.3510387691265314,61.7129749386068,93.68388273544625,-66.85893173275589,82.77333216461679
4DoF_V22_3_3x3_grid_4Nm_curriculum1_extended_active_passive_selector,20260803,1933,-1.0,touchdown,active,v22_3_active_bidirectional_4Nm_grid,,,1.0,4.0,0.2,0.35,0.0,True,True,success,7,7,0.5608340190888707,0.00278304319594299,0.4805918272100914,0.0774591486828363,0.023686563904675863,0.9488852492257508,0.004708681261665638,0.8131220293643491,0.13105453859973626,59.434997624479934,64.28588312641102,-63.71405649104104,13.692351541137306,0.7638996847646604,0.6888131169854423,-0.28916248358867613,0.2623434794861552,58.63389009638982,75.93525753795417,-62.63957112501303,42.01658057144014
4DoF_V22_3_3x3_grid_4Nm_curriculum1_extended_active_passive_selector,20260719,1271,-1.0,touchdown,active,v22_3_active_bidirectional_4Nm_grid,,,1.0,4.0,0.2,0.35,0.01,True,True,success,7,7,0.197631835538444,0.004749831876204031,0.1448360505949651,0.04804595306727484,0.023145934012640534,0.34218707708157614,0.008224034766053627,0.25077450034354215,0.08318854197198035,71.63805380843971,50.27207413261785,-59.2490041507997,29.035843537667464,0.7383128868358801,0.392264525449471,-0.8822133066784821,0.1077148316552552,71.46924924797032,59.04155144968699,-63.4002068437527,27.461038665645543
4DoF_V22_3_3x3_grid_4Nm_curriculum1_extended_active_passive_selector,20260719,1251,-1.0,mid_cross,active,v22_3_active_bidirectional_4Nm_grid,,,1.0,4.0,0.2,0.35,0.01,True,True,success,13,13,1.7773683069700563,0.04754166116610031,1.6953637889963677,0.03446285680758813,0.023044095715517902,3.0910011872387257,0.08267916701982299,2.948388054427935,0.059933965790967464,76.51792809935795,33.521534985131915,-17.403190897467915,52.87379872471895,0.7841996051019033,-0.6228981335290449,0.4208726177108473,0.19623575200920995,55.662926038256316,78.95021477796752,-53.903171466088175,56.67162945639191
4DoF_V22_3_3x3_grid_4Nm_curriculum1_extended_active_passive_selector,20260719,1073,1.0,touchdown,active,v22_3_active_bidirectional_4Nm_grid,,,1.0,4.0,0.2,0.4,0.02,True,True,success,8,8,0.21451834423638938,0.0,0.19954685416708348,0.014971490069305895,0.022771068140947454,0.37753954127418066,0.0,0.3511906082117098,0.02634893306247083,49.25741431178484,35.50463398136887,66.24935122852449,49.611711601072535,-0.9252126842707173,0.26277324200981633,0.2221214944026113,0.47110917246667294,35.21451809061014,51.52794818805985,58.77622232468594,54.11522789531282
4DoF_V22_3_3x3_grid_4Nm_curriculum1_extended_active_passive_selector,20260803,1754,1.0,touchdown,active,v22_3_active_bidirectional_4Nm_grid,,,1.0,4.0,0.2,0.4,0.01,True,True,success,8,8,0.05900127886185732,0.0006752645722378372,0.033635487074018616,0.024690527215600867,0.022575032853426574,0.10474045221604038,0.0011987454852844808,0.059710504494115454,0.04383120223664044,47.98095164242618,37.44161179661459,60.9668147619896,42.91393686185057,-0.21803657357332473,-0.8034575116494336,0.9454285360419965,0.1166802084843741,36.73818633190416,49.380234190440184,58.48435277328239,51.09869346316029
4DoF_V22_3_3x3_grid_4Nm_curriculum1_extended_active_passive_selector,20260719,1138,-1.0,touchdown,active,v22_3_active_bidirectional_4Nm_grid,,,1.0,4.0,0.2,0.3,0.01,True,True,success,6,6,0.18488664864076002,0.010957153847868318,0.1739294947928917,0.0,0.022468058026390347,0.32977780569789367,0.019544008067695764,0.31023379763019787,0.0,68.30212467610313,51.95522561491295,-41.599050825108975,52.91905063207982,0.8751740423016243,0.6474146822832776,0.6663543201839355,0.3476887550681743,65.83224673269956,64.46609955097604,-50.14012997782538,47.782251489281855
4DoF_V22_3_3x3_grid_4Nm_curriculum1_extended_active_passive_selector,20260803,1902,-1.0,touchdown,active,v22_3_active_bidirectional_4Nm_grid,,,1.0,4.0,0.2,0.3,0.02,True,True,success,7,7,0.31936687109428696,0.011499531530313767,0.30491075538821183,0.0029565841757614106,0.022166399134255405,0.5773991297049986,0.020790570652702674,0.5512632045885257,0.005345354463770326,63.16122773867714,52.77683019833052,-41.278250475532026,49.53459783528226,0.7407675466287116,0.3916647101528532,-0.07973056828549407,0.4863238924879716,60.03389081836134,65.58063061783294,-50.71380468844133,42.8899200149192
4DoF_V22_3_3x3_grid_4Nm_curriculum1_extended_active_passive_selector,20260803,1786,1.0,touchdown,active,v22_3_active_bidirectional_4Nm_grid,,,1.0,4.0,0.2,0.4,0.02,True,True,success,5,5,0.025118742386738474,0.0,0.0,0.025118742386738474,0.022164188101980065,0.045417944487819856,0.0,0.0,0.045417944487819856,52.57119973060833,34.113587423230825,53.535760824537405,39.5798243215132,-0.8560909177867786,-0.37073500433476836,0.9137000551508281,-0.14709354207780634,45.94780585991778,39.525992774128994,54.97122550114159,46.78139957641278
4DoF_V22_3_3x3_grid_4Nm_curriculum1_extended_active_passive_selector,20260702,671,-1.0,touchdown,active,v22_3_active_bidirectional_4Nm_grid,,,1.0,4.0,0.2,0.4,0.01,True,True,success,8,8,0.5524986038546003,0.004739966816787174,0.486058594720368,0.06170004231744504,0.022082611507559753,1.0026795635229522,0.008602135509142732,0.8821036219831891,0.11197380603062018,56.59775248559429,68.53032024981805,-69.48157550093529,22.33107271480999,0.7959461570536521,0.3373283449433464,0.446824685312331,-0.3031157270450482,54.074810201704246,82.88929874177352,-72.3233152046344,38.415421003596066
4DoF_V22_3_3x3_grid_4Nm_curriculum1_extended_active_passive_selector,20260719,1203,-1.0,touchdown,active,v22_3_active_bidirectional_4Nm_grid,,,1.0,4.0,0.2,0.35,0.0,True,True,success,7,7,0.16985577757246711,0.006823763454327051,0.11224786123380834,0.05078415288433173,0.021970928672437412,0.3098227611952844,0.012446778469228677,0.20474394691041004,0.0926320358156457,56.75543070441042,66.39075468105139,-70.15167321969305,20.297276260929863,0.710912799228471,0.8762046195441877,0.7339132283550287,0.4119526658870756,55.60416995423324,78.53732341858408,-68.49500693661236,34.086633012320036
4DoF_V22_3_3x3_grid_4Nm_curriculum1_extended_active_passive_selector,20260803,1775,1.0,touchdown,active,v22_3_active_bidirectional_4Nm_grid,,,1.0,4.0,0.2,0.4,0.02,True,True,success,6,6,0.0930223645983809,0.0003601032796407753,0.06921566918770841,0.023446592131031722,0.021779656550139387,0.1711661012051941,0.0006626091980507244,0.12736051473555796,0.04314297727158547,57.97866028138128,27.30754320799616,51.94350873193385,31.76029165068985,-0.4525769072599044,-0.7055064581101376,0.5272521499922243,-0.38936174810022994,50.059229422045455,35.10124831981921,50.77655872556752,39.859981940783676
4DoF_V22_3_3x3_grid_4Nm_curriculum1_extended_active_passive_selector,20260803,1512,1.0,touchdown,active,v22_3_active_bidirectional_4Nm_grid,,,1.0,4.0,0.2,0.3,0.01,True,True,success,9,9,0.256733367672776,0.01317524867233862,0.23374655597906846,0.009811563021368925,0.02173573961598846,0.47335754662740254,0.0242921418601618,0.43097512907586705,0.018090275691373753,60.13007322210407,17.98651376334952,64.8659877155235,64.49150846082128,-0.6035817576983991,0.08964830999233198,0.8264499341443263,-0.03565658786738013,41.76666065874885,43.15343408860345,51.38325662784629,58.11740424849454
4DoF_V22_3_3x3_grid_4Nm_curriculum1_extended_active_passive_selector,20260803,1702,1.0,touchdown,active,v22_3_active_bidirectional_4Nm_grid,,,1.0,4.0,0.2,0.4,0.0,True,True,success,9,9,0.2521060326318313,0.0,0.2420391476407826,0.01006688499104866,0.021458466558276768,0.4708319923534496,0.0,0.45203112722678923,0.018800865126660293,56.932244410577354,16.292706814699265,70.08472342336434,52.59124623099498,-0.8489656066752891,0.657118145685252,0.49157104993271017,-0.18737311274224755,39.077724447542174,40.388893142945896,59.70097854810472,53.262891690730505
4DoF_V22_3_3x3_grid_4Nm_curriculum1_extended_active_passive_selector,20260702,648,-1.0,touchdown,active,v22_3_active_bidirectional_4Nm_grid,,,1.0,4.0,0.2,0.4,0.01,True,True,success,7,7,0.551222808187655,0.0027634231574867425,0.4647390224478372,0.08372036258233105,0.021438696975981608,1.0304103301436478,0.005165714708712024,0.8687446935034804,0.15649992193145543,68.94185643575237,56.82688003410463,-68.70886046873015,17.454826412052483,0.5578829534671368,0.978452704095359,-0.08623502547801842,-0.09248444499650588,68.40234479882304,68.3723503599407,-65.13381255205246,43.07119075586542
4DoF_V22_3_3x3_grid_4Nm_curriculum1_extended_active_passive_selector,20260702,100,1.0,touchdown,active,v22_3_active_bidirectional_4Nm_grid,,,1.0,4.0,0.2,0.3,0.02,True,True,success,6,6,0.3455226720153455,0.017631266118534175,0.26819862967282476,0.05969277622398653,0.021328171106619304,0.6492386168146576,0.03312922639988117,0.5039464019676198,0.11216298844715665,57.29419530042382,17.46270973771052,65.65861970813114,86.72101611645321,-0.8156383762536565,-0.3680618432774456,0.5950228843834038,-0.03973637343718606,45.56981646510091,31.382768264144097,54.84301852622517,69.64919646377305
4DoF_V22_3_3x3_grid_4Nm_curriculum1_extended_active_passive_selector,20260719,1186,-1.0,touchdown,active,v22_3_active_bidirectional_4Nm_grid,,,1.0,4.0,0.2,0.3,0.02,True,True,success,6,6,0.03358789591264803,0.0,0.0,0.03358789591264803,0.02090686150709782,0.06438361634514957,0.0,0.0,0.06438361634514957,77.0927569363238,38.52167423656991,-42.52260423996682,39.98837958690774,0.6338272945508847,0.5226275042684378,-0.9735711874074331,0.08723035156245418,75.27233250458566,48.21119844346862,-52.18264985031906,26.755407333228497
4DoF_V22_3_3x3_grid_4Nm_curriculum1_extended_active_passive_selector,20260803,1842,-1.0,touchdown,active,v22_3_active_bidirectional_4Nm_grid,,,1.0,4.0,0.2,0.3,0.01,True,True,success,6,6,0.022707968955227892,0.0,0.0,0.022707968955227892,0.020836658931299594,0.04367486983912949,0.0,0.0,0.04367486983912949,71.52616752191841,46.10734315492312,-38.70176970186125,49.801352449105586,0.9986979862912706,-0.14738925621161325,-0.6795845547259669,-0.3542439871473205,71.02303699723342,53.25729550198563,-46.47424794755682,38.53696378238493
4DoF_V22_3_3x3_grid_4Nm_curriculum1_extended_active_passive_selector,20260803,1520,1.0,touchdown,active,v22_3_active_bidirectional_4Nm_grid,,,1.0,4.0,0.2,0.3,0.01,True,True,success,6,6,0.5628993458039373,0.03271417898678544,0.47100192721796724,0.05918323959918456,0.02081813627367518,1.0836032710722752,0.06297607489647333,0.9066971436710543,0.11393005250474751,54.31575120041904,18.77333849769251,63.59087033245045,84.34258400133774,-0.9813853018934389,-0.13618973295738157,0.991487574541255,0.48563262824254927,41.83915549970017,33.7399782410206,53.12649615342093,67.43972503167703
4DoF_V22_3_3x3_grid_4Nm_curriculum1_extended_active_passive_selector,20260719,1232,-1.0,touchdown,active,v22_3_active_bidirectional_4Nm_grid,,,1.0,4.0,0.2,0.35,0.0,True,True,success,5,5,0.012251000225893923,0.0,0.0,0.012251000225893923,0.020606394542279582,0.023825989581684623,0.0,0.0,0.023825989581684623,80.19436582667406,50.65844461168416,-47.18343288743096,58.065516131747565,0.9453004879554969,0.638263656271721,-0.5130014626167931,0.23131049138428994,81.52976773293766,56.110284758574785,-50.268848605450025,54.524953854078014
4DoF_V22_3_3x3_grid_4Nm_curriculum1_extended_active_passive_selector,20260719,905,1.0,touchdown,active,v22_3_active_bidirectional_4Nm_grid,,,1.0,4.0,0.2,0.35,0.01,True,True,success,9,9,0.29281062299612276,0.0,0.2894968330811437,0.0033137899149790753,0.02052187148749504,0.5718093802771734,0.0,0.5653381117888099,0.00647126848836363,62.395557953624824,18.059452031497297,66.69451897112555,55.1981836998473,-0.9088675504488855,0.6858266899185148,-0.014686135461828176,-0.4675206591625596,43.85778507283069,43.94152394166367,50.67220823564042,48.62464273286293
4DoF_V22_3_3x3_grid_4Nm_curriculum1_extended_active_passive_selector,20260803,2026,-1.0,touchdown,active,v22_3_active_bidirectional_4Nm_grid,,,1.0,4.0,0.2,0.35,0.02,True,True,success,8,8,0.054699634422874954,0.009478032881237622,0.0,0.04522160154163733,0.020424941840996705,0.1073260153362167,0.01859682451448841,0.0,0.0887291908217283,76.74393265807566,41.71001151815329,-51.739653606582536,40.867819691721756,0.7903922013026141,-0.2076931022812385,-0.3509402274228879,0.2707166763497171,73.57396247671122,54.433602405148726,-63.237352238197296,22.265507105904174
4DoF_V22_3_3x3_grid_4Nm_curriculum1_extended_active_passive_selector,20260803,2090,-1.0,touchdown,active,v22_3_active_bidirectional_4Nm_grid,,,1.0,4.0,0.2,0.4,0.01,True,True,success,6,6,0.0420243261886777,0.00602508866664209,0.020572919980875133,0.01542631754116048,0.020389515572979536,0.08259908979274859,0.011842351440707324,0.040436209665086015,0.030320528686955252,76.52811782178449,50.42340587320557,-50.0060608846578,48.05623833862214,0.960841000865652,0.17151154337341112,-0.10494412962127009,-0.18208512402003552,76.84198232350967,58.045269998944754,-52.42651991837576,51.379806749396025
4DoF_V22_3_3x3_grid_4Nm_curriculum1_extended_active_passive_selector,20260719,1417,-1.0,touchdown,active,v22_3_active_bidirectional_4Nm_grid,,,1.0,4.0,0.2,0.4,0.02,True,True,success,7,7,0.08382541933941284,0.008163143932316888,0.055684112473353295,0.01997816293374266,0.02036147298041943,0.16498632649071895,0.016066810528614042,0.10959822489733738,0.03932129106476754,68.318667077929,54.4972893688288,-57.879606070200396,43.55882172797199,0.4504113367668092,0.9415892022805199,-0.32742711728443674,0.46222829513742303,65.99997110824424,66.88918144320144,-64.33678376754007,37.14187039720348
4DoF_V22_3_3x3_grid_4Nm_curriculum1_extended_active_passive_selector,20260702,668,-1.0,mid_cross,active,v22_3_active_bidirectional_4Nm_grid,,,1.0,4.0,0.2,0.4,0.01,True,True,success,13,13,3.27532455240823,0.04289873974467864,3.2324258126635517,0.0,0.02030163574568857,6.4655387649831475,0.0846827422290739,6.380856022754074,0.0,75.16463156377762,36.34228285809472,3.617664849294284,93.74885149140451,-0.24316418606418222,0.9826315884627013,0.4098773582779569,-0.4414955115543574,40.497152118490135,97.5520318051018,-75.37077825523511,45.08210184906761
4DoF_V22_3_3x3_grid_4Nm_curriculum1_extended_active_passive_selector,20260702,127,1.0,touchdown,active,v22_3_active_bidirectional_4Nm_grid,,,1.0,4.0,0.2,0.35,0.0,True,True,success,7,7,0.12300662759585158,0.009163013498753965,0.10645397138195066,0.007389642715146955,0.020088627574441964,0.2453915788924333,0.018279717067438295,0.21236992369724783,0.014741938127747147,56.104985675719554,17.271076131090442,68.23252440782598,58.78185133721425,-0.1480807256892156,-0.9448585061473995,0.2962453445202211,-0.24457913413706878,45.989235878913,28.526662365109395,60.86157398612621,59.223528365755826
4DoF_V22_3_3x3_grid_4Nm_curriculum1_extended_active_passive_selector,20260702,487,-1.0,touchdown,active,v22_3_active_bidirectional_4Nm_grid,,,1.0,4.0,0.2,0.35,0.0,True,True,success,7,7,0.19233880584913765,0.0,0.1871879362234877,0.005150869625649947,0.020085757974289124,0.38376034913129375,0.0,0.3734831743451529,0.010277174786140863,57.04304711378813,65.14203282028593,-57.973470189380826,41.90629082237595,0.877920789806107,0.3510081214815055,0.9890182484118957,-0.36601038285161946,55.25762099158925,76.76162577060951,-61.100264669450624,39.417972675393145
4DoF_V22_3_3x3_grid_4Nm_curriculum1_extended_active_passive_selector,20260702,9,1.0,touchdown,active,v22_3_active_bidirectional_4Nm_grid,,,1.0,4.0,0.2,0.3,0.0,True,True,success,5,5,0.04780884157067903,0.005625794138801621,0.040021876454830456,0.002161170977046951,0.01994493141504286,0.09606320761864166,0.011304014333342103,0.08041671165540018,0.004342481629899389,47.71778750380839,37.98538097665226,47.78480175767103,61.25158985027718,-0.40808381073669464,-0.9556718816555063,-0.7299946172610385,-0.49211036810685593,43.60676893518007,39.29962931194323,48.41334306072428,62.893062687807394
4DoF_V22_3_3x3_grid_4Nm_curriculum1_extended_active_passive_selector,20260803,1582,1.0,touchdown,active,v22_3_active_bidirectional_4Nm_grid,,,1.0,4.0,0.2,0.35,0.0,True,True,success,4,4,0.012563818864010718,0.0003749734818381493,0.0,0.012188845382172568,0.019920423839838747,0.025275776263582322,0.000754368232645146,0.0,0.024521408030937174,54.80064087305736,19.48179514700526,62.30691796428722,52.79018710095199,-0.9306328380852171,-0.6384820270006475,0.38354970051312165,0.1803073017863861,50.00603869535371,22.020015434022262,61.763866546994336,56.28203020014123
4DoF_V22_3_3x3_grid_4Nm_curriculum1_extended_active_passive_selector,20260702,297,1.0,touchdown,active,v22_3_active_bidirectional_4Nm_grid,,,1.0,4.0,0.2,0.4,0.01,True,True,success,5,5,0.13167018345282638,0.009614683006492118,0.11056771934232545,0.011487781104008797,0.019760099902455697,0.26704208807191493,0.01949966924078208,0.22424389388887303,0.023298524942259785,62.81644948274229,15.397221962843094,56.26132133495962,36.56959972222493,-0.9325381179553733,-0.00729129183343491,0.045381781787443565,-0.1297934608290331,55.84051434280439,22.20103806594974,53.28297155667913,39.887454448929056
4DoF_V22_3_3x3_grid_4Nm_curriculum1_extended_active_passive_selector,20260719,1416,-1.0,touchdown,active,v22_3_active_bidirectional_4Nm_grid,,,1.0,4.0,0.2,0.4,0.02,True,True,success,10,10,1.361762910403267,0.0026194208789033805,1.2684577013586331,0.09068578816573043,0.01965723226928301,2.7762625997566017,0.005340283659926868,2.586038765450249,0.18488355064642628,77.55839819119188,44.572576317574246,-54.95415824964616,20.08589303609002,0.147088445435827,0.8418620238716437,-0.6583216455324157,0.22448902922838032,69.10200839322553,70.73620470474694,-65.13781639378172,52.13091359761673
4DoF_V22_3_3x3_grid_4Nm_curriculum1_extended_active_passive_selector,20260702,392,-1.0,touchdown,active,v22_3_active_bidirectional_4Nm_grid,,,1.0,4.0,0.2,0.3,0.0,True,True,success,4,4,0.2863858448430381,0.0,0.280030549848708,0.00635529499433007,0.019598496854279175,0.5856123072512276,0.0,0.5726167663335834,0.012995540917644217,64.75910754967448,60.01450919178415,-40.68554400917958,51.917828368700604,0.9977028645754811,0.8371646005439741,-0.9508836379041634,-0.03598837258449339,65.13154495181057,65.72495094271272,-45.94145303747907,52.68954715147268
4DoF_V22_3_3x3_grid_4Nm_curriculum1_extended_active_passive_selector,20260803,1808,-1.0,touchdown,active,v22_3_active_bidirectional_4Nm_grid,,,1.0,4.0,0.2,0.3,0.0,True,True,success,6,6,0.1883093096113072,0.0,0.1661486202022398,0.022160689409067395,0.019551700280952718,0.3859834384111617,0.0,0.3405599852992076,0.04542345311195403,52.10445669669619,69.63104628013271,-42.23813044651222,65.80571093134833,0.8178144330451935,0.3660740887842646,0.4134646362352965,0.10457905434430104,49.58193533348337,79.43688677426776,-54.6016737998092,46.9988306858514
4DoF_V22_3_3x3_grid_4Nm_curriculum1_extended_active_passive_selector,20260719,1434,-1.0,mid_cross,active,v22_3_active_bidirectional_4Nm_grid,,,1.0,4.0,0.2,0.4,0.02,True,True,success,12,12,2.1268382727692803,0.0,2.0299867010211843,0.09685157174809605,0.019410228903864003,4.39122024858919,0.0,4.191253665133757,0.19996658345543342,58.01362842459924,70.11605199478707,-17.14955359260561,94.63303004713616,0.12839905094553905,0.025421704581032767,-0.17740055091256957,0.34939398913620323,37.441565562971334,104.29211027103645,-78.29056830607765,50.977202191867896
4DoF_V22_3_3x3_grid_4Nm_curriculum1_extended_active_passive_selector,20260702,701,-1.0,touchdown,active,v22_3_active_bidirectional_4Nm_grid,,,1.0,4.0,0.2,0.4,0.02,True,True,success,8,8,0.035131071252712504,0.0005992853076481711,0.0,0.034531785945064335,0.01930318775336584,0.07293630679187459,0.0012441879935874453,0.0,0.07169211879828714,67.57405337247252,61.11193668970335,-55.328415448152874,58.0323301693807,0.9707252392551915,-0.6264044717629613,-0.7688882881804067,-0.23008363052505287,67.72216974903264,67.79575708115713,-61.1952751051676,48.930221135878874
4DoF_V22_3_3x3_grid_4Nm_curriculum1_extended_active_passive_selector,20260719,743,1.0,touchdown,active,v22_3_active_bidirectional_4Nm_grid,,,1.0,4.0,0.2,0.3,0.0,True,True,success,8,8,0.09728780343000287,0.003117274258169473,0.09314729967665979,0.0010232294951736172,0.019221954631233273,0.20283470305835666,0.006499184648178313,0.1942021939491793,0.0021333244609990547,54.38107838392761,26.43491868660107,49.12121578115326,60.41983898923439,0.18330551959876695,-0.8221455131340458,0.5278741559788562,0.08804122953653526,47.88574317939207,33.09981462561192,50.413804475762795,57.98062193225801
4DoF_V22_3_3x3_grid_4Nm_curriculum1_extended_active_passive_selector,20260803,2159,-1.0,touchdown,active,v22_3_active_bidirectional_4Nm_grid,,,1.0,4.0,0.2,0.4,0.02,True,True,success,8,8,0.2284290365914531,0.0,0.20489542214544587,0.023533614446007236,0.019190255375031606,0.4770368893931564,0.0,0.4278907633182142,0.04914612607494221,63.864443473577424,64.84097651324342,-81.80448562837427,15.254121233581882,0.6688280057784397,0.4732012728053314,-0.05473263135161477,0.0769310297355017,65.25629497733914,72.84565629227203,-71.83192288842696,38.947735876128014
4DoF_V22_3_3x3_grid_4Nm_curriculum1_extended_active_passive_selector,20260702,130,1.0,touchdown,active,v22_3_active_bidirectional_4Nm_grid,,,1.0,4.0,0.2,0.35,0.0,True,True,success,7,7,0.09155840613066812,0.00955551103082737,0.06983509981514287,0.012167795284697892,0.01918755427224006,0.1912317560219347,0.01995793976037786,0.1458597777527673,0.02541403850878957,45.56035977038382,20.14339674149073,74.84197722670557,72.3634014402391,-0.10438297453523715,-0.8565224564983802,0.9122311277127249,-0.3037404557895147,36.33494895684982,29.626229879937945,72.4790776127105,76.46096535104141
4DoF_V22_3_3x3_grid_4Nm_curriculum1_extended_active_passive_selector,20260719,1340,-1.0,touchdown,active,v22_3_active_bidirectional_4Nm_grid,,,1.0,4.0,0.2,0.4,0.0,True,True,success,8,8,0.4574950758328434,0.011608635913400256,0.44045331144097655,0.005433128478466529,0.019038645522882758,0.9630121945309275,0.0244357995025912,0.9271398370070466,0.011436558021289452,74.804515794539,50.992215594344195,-48.19136159787664,53.14919828433969,0.6722679723722589,0.23411157720343367,0.34805254853263956,-0.49152906910256655,70.64098872551834,67.31293202945747,-57.899755953503615,50.67922190911936
4DoF_V22_3_3x3_grid_4Nm_curriculum1_extended_active_passive_selector,20260702,88,1.0,touchdown,active,v22_3_active_bidirectional_4Nm_grid,,,1.0,4.0,0.2,0.3,0.02,True,True,success,5,5,0.10962833447714397,0.007717661209063818,0.09568510970338717,0.00622556356469297,0.018967688398789928,0.2316273402375654,0.01630619809409565,0.20216751049479803,0.013153631648671713,62.50450642258783,18.732230126386945,56.865050758227845,52.15919196383055,-0.5157083432092655,-0.7841869172123108,0.3139948905578547,-0.07980219342941786,55.888662708835234,25.00858100215804,52.70335293810174,51.753608104469286
4DoF_V22_3_3x3_grid_4Nm_curriculum1_extended_active_passive_selector,20260702,553,-1.0,mid_cross,active,v22_3_active_bidirectional_4Nm_grid,,,1.0,4.0,0.2,0.35,0.01,True,True,success,13,13,1.8234263468109455,0.049035636322076484,1.7727517301296833,0.0016389803591855857,0.018901345918939872,3.8661340289756194,0.10396819292910461,3.758690775071032,0.0034750609754829066,67.43614207889959,34.167287076526065,-22.56921473432113,44.754712903723615,0.14311554662015746,0.22328887894964344,-0.6579667011747683,-0.15547363090238608,40.04538147230961,84.55643306225734,-66.3062880587147,28.37739190907737
4DoF_V22_3_3x3_grid_4Nm_curriculum1_extended_active_passive_selector,20260803,1851,-1.0,mid_cross,active,v22_3_active_bidirectional_4Nm_grid,,,1.0,4.0,0.2,0.3,0.01,True,True,success,9,9,1.6781006282333408,0.026907903748305394,1.640938352643004,0.010254371842031696,0.018879660766766074,3.5620927538905676,0.05711722369422515,3.4832086450527173,0.021766885143625292,64.98940030347408,56.32858949974533,-3.9538133399461732,88.29615460441458,0.36075617086543077,-0.188581195890706,-0.9985472520825154,0.1078951961802942,53.01066689552326,78.38600553126562,-45.043961205175606,64.72046404059144
4DoF_V22_3_3x3_grid_4Nm_curriculum1_extended_active_passive_selector,20260719,840,1.0,touchdown,active,v22_3_active_bidirectional_4Nm_grid,,,1.0,4.0,0.2,0.3,0.02,True,True,success,4,4,0.004814206688988595,0.0007838554242046239,0.0,0.004030351264783971,0.018868342819722272,0.01022521348509476,0.0016648826217358905,0.0,0.00856033086335887,62.54520129112539,17.814396276201325,56.73539955635272,46.764745258021115,-0.777715246429479,-0.7888152535117845,-0.537576418519425,0.4326779130123376,59.19211098055746,18.11080514647005,55.47615063351081,50.98127307859522
4DoF_V22_3_3x3_grid_4Nm_curriculum1_extended_active_passive_selector,20260719,1170,-1.0,touchdown,active,v22_3_active_bidirectional_4Nm_grid,,,1.0,4.0,0.2,0.3,0.02,True,True,success,5,5,0.08610576005001806,0.0,0.06459760720691982,0.02150815284309825,0.018665605987522108,0.18487216237638418,0.0,0.1386933849924371,0.04617877738394709,48.05906924800434,66.66072061276724,-41.64296878410197,53.25921561923755,0.9040182740278797,0.3107833022665061,-0.4069915896487326,-0.16853731031663777,46.982858556254804,73.27761401392866,-50.84318545064539,39.553498082832554
4DoF_V22_3_3x3_grid_4Nm_curriculum1_extended_active_passive_selector,20260803,1503,1.0,touchdown,active,v22_3_active_bidirectional_4Nm_grid,,,1.0,4.0,0.2,0.3,0.01,True,True,success,6,6,0.14062700310182183,0.009726400385890989,0.13090060271593085,0.0,0.0186558064835812,0.3020898294214156,0.020893900663805972,0.2811959287576096,0.0,55.67611630781162,19.556344289204326,54.65626119726307,63.77735351078817,-0.09829417697593201,-0.7330309407308859,0.3465717263665167,0.48925214941218553,53.24926414028478,18.912844805113313,57.615869629950076,64.79321829509459
4DoF_V22_3_3x3_grid_4Nm_curriculum1_extended_active_passive_selector,20260719,1409,-1.0,mid_cross,active,v22_3_active_bidirectional_4Nm_grid,,,1.0,4.0,0.2,0.4,0.02,True,True,success,13,13,2.5041502719797584,0.008085104678111528,2.4351659857833963,0.06089918151825049,0.018556529039567046,5.4081042143191365,0.01746104823347429,5.259121857679096,0.13152130840656623,75.59511750533434,50.02053492349028,-24.357459221445705,65.58589000022279,0.6597480435685765,-0.6804687787653554,0.2980563973822541,0.2562864491391722,58.28325992609115,88.61438797610097,-67.45522492775487,66.18154298536103
4DoF_V22_3_3x3_grid_4Nm_curriculum1_extended_active_passive_selector,20260803,1828,-1.0,mid_cross,active,v22_3_active_bidirectional_4Nm_grid,,,1.0,4.0,0.2,0.3,0.0,True,True,success,11,11,2.9899968350260857,0.0355020247690829,2.9542723939293207,0.0002224163276818765,0.018407643713507345,6.509594548717424,0.07729231823860336,6.431818002503305,0.00048422797551592064,73.02531839652565,47.43057801868513,4.8641802801638105,92.42805438487584,0.3261252159328336,-0.08920809993630652,0.5016299912349445,0.36122955307412574,52.99933710316817,84.16626795291056,-53.35862278001934,61.71282447141596
4DoF_V22_3_3x3_grid_4Nm_curriculum1_extended_active_passive_selector,20260803,1446,1.0,touchdown,active,v22_3_active_bidirectional_4Nm_grid,,,1.0,4.0,0.2,0.3,0.0,True,True,success,8,8,0.2328693971150732,0.00765101731422513,0.15609985300752915,0.06911852679331891,0.018384328047289122,0.507628583612263,0.016678340436866307,0.34027978028017736,0.15067046289521932,48.627705833238714,38.173165333360515,57.32745804613707,85.39698090837389,-0.20927634853371946,-0.7137583085727766,-0.5576962061984545,-0.09153628541358971,38.65644653566487,48.70680062259864,45.87419004527932,65.58709826963675
4DoF_V22_3_3x3_grid_4Nm_curriculum1_extended_active_passive_selector,20260719,941,1.0,touchdown,active,v22_3_active_bidirectional_4Nm_grid,,,1.0,4.0,0.2,0.35,0.02,True,True,success,5,5,0.10338045724882931,0.0,0.10338045724882931,0.0,0.018147198606997317,0.22830228958594737,0.0,0.22830228958594737,0.0,53.27990717159902,34.870673331729655,58.72608398130177,65.04065610476671,-0.9160095524921905,-0.3296300203113516,0.9313071644154072,-0.21007003082259512,46.019617329062626,41.87746820679988,50.72320671267804,50.72385575345574
4DoF_V22_3_3x3_grid_4Nm_curriculum1_extended_active_passive_selector,20260803,1954,-1.0,mid_cross,active,v22_3_active_bidirectional_4Nm_grid,,,1.0,4.0,0.2,0.35,0.0,True,True,success,13,13,1.8966621526594205,0.031001260133389268,1.799238974676142,0.06642191784988928,0.018146553192937467,4.188680572623683,0.06846468458576259,3.9735265071673584,0.14668938087056185,79.60161746879996,38.41819823788924,-23.04819172363006,48.651288192080514,0.5322686267659844,-0.3801187050926542,-0.15985935848986488,-0.35879549675643496,61.66459744982615,80.02213503236709,-54.44167874777049,66.60738078249979
4DoF_V22_3_3x3_grid_4Nm_curriculum1_extended_active_passive_selector,20260702,661,-1.0,touchdown,active,v22_3_active_bidirectional_4Nm_grid,,,1.0,4.0,0.2,0.4,0.01,True,True,success,10,10,0.151811809464594,0.00020387572290296265,0.14600954188737833,0.0055983918543127,0.017933700075470627,0.33924781947581917,0.00045559297845677236,0.3262817226317872,0.012510503865575215,63.02350513493666,70.44614260444035,-73.22262643984992,41.903559492307906,0.8152771552359432,-0.4100137378102269,-0.7079653809142135,0.09900205119902039,63.752200229251166,78.92637457404187,-70.58008511811772,49.423611700621265
4DoF_V22_3_3x3_grid_4Nm_curriculum1_extended_active_passive_selector,20260803,2114,-1.0,mid_cross,active,v22_3_active_bidirectional_4Nm_grid,,,1.0,4.0,0.2,0.4,0.01,True,True,success,11,11,1.332934688747987,0.0,1.2645195065161277,0.06841518223185937,0.01787209826695653,2.988923070048438,0.0,2.8355114151184835,0.15341165492995448,68.71929415473926,69.98213890382196,-24.62948299816088,87.36063513383472,0.6373038686982433,-0.915592163751596,-0.6293701778595111,-0.23668536912377447,57.993834674988854,92.57829268092767,-68.77822019939106,68.98286563397208
4DoF_V22_3_3x3_grid_4Nm_curriculum1_extended_active_passive_selector,20260702,609,-1.0,touchdown,active,v22_3_active_bidirectional_4Nm_grid,,,1.0,4.0,0.2,0.4,0.0,True,True,success,7,7,0.10479591897795913,0.0,0.0687139643633548,0.03608195461460434,0.017835631937757765,0.23547091934690784,0.0,0.15439666466413499,0.08107425468277285,66.45562142691786,63.84200564297815,-70.17024165256221,27.50434303981334,0.7800522639838496,0.3143343139554602,0.22256826774069194,0.34205727014589715,67.21662741999349,71.74172585445154,-65.85258994406416,44.318058729601596
4DoF_V22_3_3x3_grid_4Nm_curriculum1_extended_active_passive_selector,20260719,1143,-1.0,touchdown,active,v22_3_active_bidirectional_4Nm_grid,,,1.0,4.0,0.2,0.3,0.01,True,True,success,4,4,0.012200900852330165,0.0,0.0,0.012200900852330165,0.017754216232102413,0.027540498913931354,0.0,0.0,0.027540498913931354,60.50882525887699,56.52548578220432,-49.24809161016678,34.35988457302598,0.9191575819703732,0.7124222305475671,-0.7047116227376091,0.1485725947662243,60.96981940849815,61.158742552312916,-53.42252058897796,28.849134381287833
4DoF_V22_3_3x3_grid_4Nm_curriculum1_extended_active_passive_selector,20260702,314,1.0,touchdown,active,v22_3_active_bidirectional_4Nm_grid,,,1.0,4.0,0.2,0.4,0.01,True,True,success,5,5,0.013561087302042057,0.00011183111659171443,0.0,0.013449256185450342,0.017578156079971097,0.030917374458442615,0.00025495923968066694,0.0,0.030662415218761944,51.60754886465172,15.814057064022684,77.47714082664622,58.370664696228346,-0.5771000868035929,-0.465640160043177,0.1674252180638658,-0.26633665145123586,46.011612750145744,20.130687280841098,75.74831669072212,62.22231167084669
4DoF_V22_3_3x3_grid_4Nm_curriculum1_extended_active_passive_selector,20260803,2017,-1.0,touchdown,active,v22_3_active_bidirectional_4Nm_grid,,,1.0,4.0,0.2,0.35,0.02,True,True,success,8,8,0.03987983827224213,0.009533853383894193,0.0,0.030345984888347943,0.01756128155350723,0.0910077952043724,0.021756732571151773,0.0,0.06925106263322063,65.57121045280336,50.4027645592266,-56.69149848683092,31.47455368333038,0.7661160886256619,-0.15462125209709843,0.05347716416951531,0.012727966964729442,62.077440885457236,63.02881761986984,-64.27698926622946,20.525687037397407
4DoF_V22_3_3x3_grid_4Nm_curriculum1_extended_active_passive_selector,20260702,498,-1.0,mid_cross,active,v22_3_active_bidirectional_4Nm_grid,,,1.0,4.0,0.2,0.35,0.0,True,True,success,13,13,2.2518528715954624,0.0,2.1712623507587616,0.08059052083670085,0.0175465043868464,5.1431692118325,0.0,4.9591027078609535,0.18406650397154686,68.43222303900137,56.00915853742965,-11.354469889757745,101.84778175321392,0.2093710966978739,0.043608395358264884,0.297563195302053,-0.051875786930399514,45.84690546621051,97.51451528724668,-72.55251277654129,57.81021657879503
4DoF_V22_3_3x3_grid_4Nm_curriculum1_extended_active_passive_selector,20260719,951,1.0,touchdown,active,v22_3_active_bidirectional_4Nm_grid,,,1.0,4.0,0.2,0.35,0.02,True,True,success,5,5,0.04909506558363869,0.0,0.04909506558363869,0.0,0.01746985059507833,0.11262377083763624,0.0,0.11262377083763624,0.0,69.48197393145452,12.604825172386503,52.81733823575321,39.586596179265754,-0.8020491456764061,-0.08378922622908913,0.6146083202186636,-0.2895299744441542,59.860040710446334,25.19681747151292,44.31283492422575,29.414804435903108
4DoF_V22_3_3x3_grid_4Nm_curriculum1_extended_active_passive_selector,20260702,504,-1.0,touchdown,active,v22_3_active_bidirectional_4Nm_grid,,,1.0,4.0,0.2,0.35,0.0,True,True,success,6,6,0.124476400928588,0.009882116658201741,0.10206241678833144,0.012531867482054815,0.017447549705262577,0.28591305699174524,0.02269848872732474,0.23442979850179446,0.028784769762626054,67.21901928832018,52.57413263780881,-49.63760624553712,33.05036351071148,0.5316290612202921,0.6725473961994137,-0.42215526874117093,-0.2229769403937064,65.06602389476765,62.91354128535429,-54.92718582437212,35.042302094762746
4DoF_V22_3_3x3_grid_4Nm_curriculum1_extended_active_passive_selector,20260702,20,1.0,touchdown,active,v22_3_active_bidirectional_4Nm_grid,,,1.0,4.0,0.2,0.3,0.0,True,True,success,5,5,0.014249227413838796,0.0,0.0,0.014249227413838796,0.01730356275472897,0.03300176716382268,0.0,0.0,0.03300176716382268,51.79835920286255,18.91684930915175,62.99343920977764,74.56825341859884,-0.941459972565377,0.09669261574838495,-0.6519142673603306,0.46265099224042117,46.24547068486283,23.032285335833624,58.89341478694017,69.30851601303254
4DoF_V22_3_3x3_grid_4Nm_curriculum1_extended_active_passive_selector,20260719,1414,-1.0,mid_cross,active,v22_3_active_bidirectional_4Nm_grid,,,1.0,4.0,0.2,0.4,0.02,True,True,success,14,14,2.9457598788192048,0.0439690875406866,2.8647225629603654,0.03706822831815271,0.017239885022324535,6.84769468212206,0.10221026129624941,6.659315852995479,0.08616856783033112,71.57379127840446,38.77944034614259,-19.041628688640607,53.397863730915574,0.05267299534582848,0.20031531952364223,-0.6411180479766307,0.2998868999236354,42.00842160674607,93.28045922712344,-74.12284372779307,41.390711902784204
4DoF_V22_3_3x3_grid_4Nm_curriculum1_extended_active_passive_selector,20260803,2138,-1.0,touchdown,active,v22_3_active_bidirectional_4Nm_grid,,,1.0,4.0,0.2,0.4,0.02,True,True,success,5,5,0.056537603665931274,0.0,0.039270345149188826,0.017267258516742445,0.016847193932615204,0.13449038362842447,0.0,0.09341541632259855,0.04107496730582593,56.392726264241716,76.75520256635382,-75.51546747367448,44.0814183310963,0.8822589035315109,0.9889618672454179,0.549819629352867,-0.12133873166158671,57.91694916443161,82.48512611550542,-72.48228375431485,48.21790153863551
4DoF_V22_3_3x3_grid_4Nm_curriculum1_extended_active_passive_selector,20260803,1617,1.0,touchdown,active,v22_3_active_bidirectional_4Nm_grid,,,1.0,4.0,0.2,0.35,0.01,True,True,success,7,7,0.06070780739060353,0.0,0.05845248069635516,0.002255326694248368,0.01680373950583558,0.14478381556742098,0.0,0.13940502133683114,0.005378794230589831,60.47472296437406,23.418606060573556,59.39703468604742,48.394272654499254,-0.6389269790700514,-0.059812062897601104,-0.04913073041711069,0.45103574967352245,47.845282138323206,39.99090239328731,46.81436318178805,42.68511959916707
4DoF_V22_3_3x3_grid_4Nm_curriculum1_extended_active_passive_selector,20260702,630,-1.0,touchdown,active,v22_3_active_bidirectional_4Nm_grid,,,1.0,4.0,0.2,0.4,0.0,True,True,success,11,11,0.4093942600727426,0.01072394393677493,0.38233129904246965,0.016339017093498012,0.01676478479053156,0.9786449898096763,0.025635273935838438,0.9139517739912982,0.03905794188253962,57.92320875125441,66.70687270822206,-61.91731724671688,37.46857427407514,0.9689836361707593,-0.7647800673156926,0.7174564408292321,0.30634371373609115,52.03505537735334,85.12053385954474,-70.4620764113634,38.226513444993344
4DoF_V22_3_3x3_grid_4Nm_curriculum1_extended_active_passive_selector,20260719,1380,-1.0,touchdown,active,v22_3_active_bidirectional_4Nm_grid,,,1.0,4.0,0.2,0.4,0.01,True,True,success,10,10,0.06034516803807476,0.0,0.03792311816240351,0.02242204987567125,0.016735486896409163,0.14450589341678036,0.0,0.0908128065489945,0.05369308686778586,72.51854720372205,51.19873728472633,-69.98710103830952,15.480957005430794,0.4935125237349436,-0.007715440650408079,-0.6975782068007934,0.4075588213091502,70.00972599352255,64.33342771882371,-69.65788680415407,28.57916807351936
4DoF_V22_3_3x3_grid_4Nm_curriculum1_extended_active_passive_selector,20260719,1260,-1.0,touchdown,active,v22_3_active_bidirectional_4Nm_grid,,,1.0,4.0,0.2,0.35,0.01,True,True,success,7,7,0.021105613564302968,0.0,0.0,0.021105613564302968,0.016534851387442956,0.05115394082072088,0.0,0.0,0.05115394082072088,70.95652683190535,48.90918004234483,-46.78950983781793,46.19350004961301,0.8241052165408558,-0.2948727868709453,-0.1826721092756487,-0.102796649925742,68.97989727176815,58.113485557482726,-54.48630748441715,34.57091410793231
4DoF_V22_3_3x3_grid_4Nm_curriculum1_extended_active_passive_selector,20260702,682,-1.0,touchdown,active,v22_3_active_bidirectional_4Nm_grid,,,1.0,4.0,0.2,0.4,0.02,True,True,success,6,6,0.21287183462960307,0.005372158867024543,0.1726827417048601,0.034816934057718435,0.016377971742379926,0.5208821754480369,0.01314528905328025,0.4225423354764962,0.08519455091826039,53.656819613869146,77.79322838245939,-83.21111138306158,21.80907372011216,0.9012143245741775,0.4565577721022247,0.3671039184027154,0.39649191819692076,55.54309440136991,82.97191323171933,-76.07735852624629,39.1620096922702
4DoF_V22_3_3x3_grid_4Nm_curriculum1_extended_active_passive_selector,20260702,574,-1.0,touchdown,active,v22_3_active_bidirectional_4Nm_grid,,,1.0,4.0,0.2,0.35,0.02,True,True,success,6,6,0.05807241519779725,0.00868706388776999,0.028628369442766057,0.020756981867261208,0.016123327258135298,0.14434329998339923,0.021592342327358557,0.07115793797171886,0.05159301968432181,71.36286747325619,46.11550962907014,-59.44297264040019,22.32289588219766,0.5419601048921101,0.7081155084678137,0.48766370418858274,0.024741176277575216,69.51641746724108,56.22411148295871,-60.82106403310023,22.979218336240862
4DoF_V22_3_3x3_grid_4Nm_curriculum1_extended_active_passive_selector,20260719,781,1.0,touchdown,active,v22_3_active_bidirectional_4Nm_grid,,,1.0,4.0,0.2,0.3,0.01,True,True,success,6,6,0.09357034821871885,0.012564991728903007,0.07438795080280015,0.006617405687015684,0.016054753548203043,0.2335694364935201,0.03136461596579275,0.18568651374797268,0.016518306779754667,58.25758568942892,14.134584847083998,59.63383275727111,68.6259206995271,-0.16736421816098757,-0.5064609876109474,-0.20331233655422642,0.22002608506539179,57.86745482224207,10.048894231760984,60.71920400439161,63.605963756211494
4DoF_V22_3_3x3_grid_4Nm_curriculum1_extended_active_passive_selector,20260702,715,-1.0,mid_cross,active,v22_3_active_bidirectional_4Nm_grid,,,1.0,4.0,0.2,0.4,0.02,True,True,success,11,11,2.5773172781193248,0.026794729106921402,2.538170967152285,0.01235158186011831,0.015785930916273894,6.543032806881572,0.06802375209544317,6.443652106220367,0.031356948565762016,89.92146935284836,38.93346720206811,-13.020967891854434,85.79866578430219,0.03027675841369737,0.7160733967359776,-0.6126001888011192,0.23668465144998085,71.28931503516516,80.89543710333359,-66.68908810463239,72.802176788502
4DoF_V22_3_3x3_grid_4Nm_curriculum1_extended_active_passive_selector,20260719,958,1.0,touchdown,active,v22_3_active_bidirectional_4Nm_grid,,,1.0,4.0,0.2,0.35,0.02,True,True,success,5,5,0.10028361710763337,0.005506096637985739,0.0913459681227084,0.003431552346939227,0.015783910029774,0.2546225151825635,0.013980111759405918,0.23192960950168878,0.008712793921468821,51.23329747333863,27.668297644090252,49.40738993557019,51.863968193855385,-0.058997490521053075,-0.8570323776074227,-0.22802735221976267,-0.13595914425744282,49.45761668199894,26.657479731474666,53.44718787512332,58.30551872514456
4DoF_V22_3_3x3_grid_4Nm_curriculum1_extended_active_passive_selector,20260702,646,-1.0,touchdown,active,v22_3_active_bidirectional_4Nm_grid,,,1.0,4.0,0.2,0.4,0.01,True,True,success+touchdown_event,7,7,0.2976769737113247,0.015938986231594853,0.2652067436327339,0.01653124384699593,0.015776400115416853,0.7561687757234498,0.040488733659010186,0.6736868362577616,0.041993205806677966,58.36649928717499,75.92550374186453,-60.44373386771363,50.22005733373248,0.6176458616083014,0.6092829807075104,0.06441182958662939,-0.10798853808897424,56.955362295051444,85.9519769788395,-65.77549966627345,55.20522734798546
4DoF_V22_3_3x3_grid_4Nm_curriculum1_extended_active_passive_selector,20260719,1376,-1.0,touchdown,active,v22_3_active_bidirectional_4Nm_grid,,,1.0,4.0,0.2,0.4,0.01,True,True,success,10,10,0.05039239870864852,0.002144530104260917,0.039207723265933796,0.00904014533845381,0.015723475946525553,0.1284392856340326,0.0054659417227677495,0.0999319757872354,0.023041368124029453,69.41211649740202,60.80929341174686,-67.55486978436676,34.171086383081814,0.8845047771908463,-0.9180800313355058,-0.5530401695996914,0.24278445164377793,69.4649227062724,68.3714475611781,-66.76695271444137,42.31205132159913
4DoF_V22_3_3x3_grid_4Nm_curriculum1_extended_active_passive_selector,20260719,1005,1.0,touchdown,active,v22_3_active_bidirectional_4Nm_grid,,,1.0,4.0,0.2,0.4,0.01,True,True,success,8,8,0.20493971969673558,0.0005211327412672459,0.20441858695546833,0.0,0.0156344126878509,0.525322469174192,0.0013358207906946095,0.5239866483834974,0.0,52.510504447595025,21.826462276778326,75.86467099897415,70.72192989419813,-0.13109710832853838,-0.7425186808613018,0.6495958832851874,-0.42927544829540387,38.76403270573016,39.7798420715664,62.72293958554706,61.697833473540264
4DoF_V22_3_3x3_grid_4Nm_curriculum1_extended_active_passive_selector,20260803,1644,1.0,touchdown,active,v22_3_active_bidirectional_4Nm_grid,,,1.0,4.0,0.2,0.35,0.02,True,True,success,9,9,0.32821282308383265,0.014685642112138783,0.3052346538178359,0.008292527153857952,0.015622234026530957,0.8419645682105071,0.03767308724766898,0.7830186556695723,0.02127282529326576,63.857771740011934,15.722408352704305,67.65479345105416,53.94517742163453,-0.2644093088803392,-0.16586513755839105,0.2575859518209336,-0.292687824304253,47.60930960003627,39.32086423347074,52.10624132899424,48.78260621826509
4DoF_V22_3_3x3_grid_4Nm_curriculum1_extended_active_passive_selector,20260719,1144,-1.0,touchdown,active,v22_3_active_bidirectional_4Nm_grid,,,1.0,4.0,0.2,0.3,0.01,True,True,success,7,7,0.044524125030418665,0.00790245369912084,0.0,0.036621671331297824,0.01555701356234062,0.11469660784598694,0.02035715766070404,0.0,0.0943394501852829,65.32181124911753,51.52371122697782,-51.92062853630615,30.85242751626567,0.8645858018186234,-0.45034254321749323,-0.27810033142428026,0.10110379469956765,63.311117851555764,59.93356881654825,-60.460552075233174,15.676981483817954
4DoF_V22_3_3x3_grid_4Nm_curriculum1_extended_active_passive_selector,20260803,1705,1.0,touchdown,active,v22_3_active_bidirectional_4Nm_grid,,,1.0,4.0,0.2,0.4,0.0,True,True,success,4,4,0.12013585763958982,0.006336451711626423,0.10723400294153805,0.006565402986425355,0.015413448699469534,0.31235915717703855,0.016475087080781676,0.2788136984049025,0.017070371691354395,45.35504352780059,24.338680745944824,75.78475916583085,67.19939246879173,-0.7066238825829088,-0.8214246727282475,-0.5778241063116645,0.20127133065098768,40.8521140879442,26.719454464952793,72.50575135230034,69.09421110623269
4DoF_V22_3_3x3_grid_4Nm_curriculum1_extended_active_passive_selector,20260803,1443,1.0,touchdown,active,v22_3_active_bidirectional_4Nm_grid,,,1.0,4.0,0.2,0.3,0.0,True,True,success,6,6,0.08745328436282165,0.00611180610258366,0.08134147826023799,0.0,0.015405788487096284,0.22749591561163343,0.015898898886170746,0.2115970167254627,0.0,55.31018138052042,32.43137494792221,40.73809297564385,43.382038231760596,-0.5722722749574007,0.21101166357690326,-0.5498957924702919,-0.0030875928893057125,49.35780722029727,38.95083936568902,42.13189757945857,50.28950572153917
4DoF_V22_3_3x3_grid_4Nm_curriculum1_extended_active_passive_selector,20260719,1227,-1.0,touchdown,active,v22_3_active_bidirectional_4Nm_grid,,,1.0,4.0,0.2,0.35,0.0,True,True,success,6,6,0.08271200268949992,0.00937939492284404,0.060538477864285956,0.01279412990236993,0.0152618625384605,0.21719129227002368,0.024629108687535185,0.15896641130506262,0.03359577227742589,64.741712854947,60.568490619855844,-64.61873269098574,30.259301228313582,0.5491864998311502,0.7764923988297805,0.6421740697497154,0.09557389640454472,63.14244899309467,70.56980054995033,-66.2680831519821,32.778913907273605
4DoF_V22_3_3x3_grid_4Nm_curriculum1_extended_active_passive_selector,20260719,872,1.0,touchdown,active,v22_3_active_bidirectional_4Nm_grid,,,1.0,4.0,0.2,0.35,0.0,True,True,success,4,4,0.04844157743582697,0.0,0.04844157743582697,0.0,0.015128056561846709,0.12832655862836428,0.0,0.12832655862836428,0.0,53.049605519664354,25.689953940354407,60.642833965065684,61.63867698775155,-0.8040193308320938,-0.6480209980810279,0.029402280336223052,-0.05652441513147044,47.46335845472662,30.48431087982464,55.07718580133681,56.22507514223386
4DoF_V22_3_3x3_grid_4Nm_curriculum1_extended_active_passive_selector,20260719,810,1.0,touchdown,active,v22_3_active_bidirectional_4Nm_grid,,,1.0,4.0,0.2,0.3,0.02,True,True,success,3,3,0.006872345611128525,0.0011049215461539528,0.0,0.005767424064974572,0.014880071334529343,0.018508933258106187,0.002975828095736401,0.0,0.015533105162369788,47.60026636037033,19.329599958375333,69.31501225909194,86.79795717430751,-0.9698462933331706,-0.8875948415221278,-0.10341019297197263,-0.32944102841773826,44.71239852101151,19.532702194891353,67.96551460448224,83.79870610447442
4DoF_V22_3_3x3_grid_4Nm_curriculum1_extended_active_passive_selector,20260803,1618,1.0,touchdown,active,v22_3_active_bidirectional_4Nm_grid,,,1.0,4.0,0.2,0.35,0.01,True,True,success,4,4,0.06833874467984864,0.004520120217846666,0.059591110252959385,0.004227514209042585,0.014848686441414627,0.1844422328221476,0.012199537312396794,0.16083288452103517,0.011409810988715643,46.206331565764394,33.98226013877256,62.47029691313382,64.71192971640323,-0.9746363249310583,-0.2036905084783367,0.12697559681259563,0.09845746368596542,41.11130339430198,37.97539398393327,59.93836921203078,64.25562028800499
4DoF_V22_3_3x3_grid_4Nm_curriculum1_extended_active_passive_selector,20260702,594,-1.0,touchdown,active,v22_3_active_bidirectional_4Nm_grid,,,1.0,4.0,0.2,0.35,0.02,True,True,success,6,6,0.021115842226316073,0.0,0.0,0.021115842226316073,0.014846568158941073,0.05699854143803708,0.0,0.0,0.05699854143803708,50.359917062583065,74.86331327275157,-59.112367579087596,53.731649980809856,0.8155885248468435,0.04189653487372924,-0.24533764780476974,-0.2989961815023914,49.74992568108734,80.98894987285459,-64.40010021282794,43.2196284380602
4DoF_V22_3_3x3_grid_4Nm_curriculum1_extended_active_passive_selector,20260702,653,-1.0,touchdown,active,v22_3_active_bidirectional_4Nm_grid,,,1.0,4.0,0.2,0.4,0.01,True,True,success,6,6,0.14102613000489353,0.001597269513037927,0.1306676513735779,0.008761209118277703,0.01482768314220459,0.3811603367150873,0.004317042418969833,0.35316381434840743,0.023679479947710018,82.56420908646344,50.41489319109159,-65.68907378511675,35.19950244877016,0.8304625922411415,-0.21204816827879247,-0.12804439604618922,0.15513873473094142,85.67187995658885,51.57906528560435,-58.73631787326717,47.432085395399206
4DoF_V22_3_3x3_grid_4Nm_curriculum1_extended_active_passive_selector,20260702,366,-1.0,touchdown,active,v22_3_active_bidirectional_4Nm_grid,,,1.0,4.0,0.2,0.3,0.0,True,True,success,8,8,0.6417854785720063,0.006439308402196908,0.5904017734323337,0.04494439673747572,0.01474160689610983,1.7447229378282834,0.017505552007909493,1.605034004405753,0.12218338141462105,70.01447518398307,43.56959152595841,-45.62383001542798,17.78928016571896,0.3672199126500244,0.4101840824890781,0.025205310491756228,0.05645143711509215,63.095000273675566,62.40349895032216,-51.876042581161116,34.31171549420215
4DoF_V22_3_3x3_grid_4Nm_curriculum1_extended_active_passive_selector,20260803,2135,-1.0,touchdown,active,v22_3_active_bidirectional_4Nm_grid,,,1.0,4.0,0.2,0.4,0.02,True,True,success,10,10,0.20585331262111511,0.0070609665467316705,0.12080525429359218,0.07798709178079127,0.01471017036317103,0.5608175142986006,0.019236579955223158,0.32911640606843157,0.21246452827494589,69.56440357152748,52.02031148435418,-65.50510003908975,26.90977279012876,0.7277208772224069,-0.4911019794540381,-0.047377641644535506,-0.19133903173663436,65.7154218815459,66.4177123441484,-68.2318978444769,30.575921496971805
