path,bytes,sha256
.gitattributes,209,86952e9a921526ba75b7f9279faa9d584b534d0c243e0b27843f41dfd8b6c32f
.gitignore,363,a5b2ba03137c6731e906f746a2d1ddf90127438f1f302151666bc82ab7f72351
analysis/four_link_active_default_confidence_statistics.py,9622,71fa0c435ad99f901acdc2961cbe54ddb5582800b00fa1885a46e4963bd7eaef
analysis/four_link_paired_inference.py,9222,e52320f2e3262955c304fb8e1e472986eb30629b7dcef86a0996fe0ab3d71b14
analysis/four_link_true_action_mask_paired_inference.py,9921,2dcc44785c7335f5ca156aeab72c1491a61d253791975cb68e5f2fdef89666b1
analysis/package_four_link_active_default_confirmation.py,2129,b222556f356700ce4fc54bb1922973d31840d14c12ce9d759da016cbb3728112
analysis/recompute_action_weight_table_ii.py,11783,a64f778e2b88e7f25bca4c7453d8c74d1292245f4bd4015459b03e29b38a0f7b
analysis/reproduce_paper2_tables.py,16380,9628a9221adf3b9056a12a89bfd93dd1896f8eb6034b3424b5e0f6f0eaf089f7
analysis/reproduce_table1.py,2876,5f16ad992b2b6d31450544ab40a0bd29d54656d3ef3e638bab555367531e914c
analysis/reproduce_table1_active_fallback.py,6032,9c599e66571dda935da6583a2df5c024357657705426d470f508f8a18b2ea58d
analysis/summarize_training_logs.py,2345,a09fefb796de3bb1f46877778bf616bd306b437bacadbada62a7d5b9343bf1aa
analysis/validate_four_link_pairing.py,5682,960714a522b1ad1b793e3157eb7d42bb23c9deff45818c1da8de1a9ab2ffe32d
CITATION.cff,718,c770191b033a3801e06e88b053511125b16db6c3ece31fff03aec694c7c8b049
configs/action_weight_checkpoint_manifest.json,17163,1d82e5907b9bec1fd1050f382a4b86e0ad4020993a808a0972a87cbd1dec6878
configs/four_link_active_default_confidence_p086_n054.json,754,7484eabda29c62fd3992cb4eb0f0a7002020d6a3179848fc95758a016f6cca0b
configs/four_link_true_action_mask_scratch_c090_epoch1275.json,6851,eca9571767042fab3a5d91015e11610f42ea21ee0840d7527682cb97b1c7609b
configs/paper2_cases.csv,680,48e61ae6075febfe32621b5a1869571b0310ce8a69310242dfb72eee1386ff13
configs/paper2_mpc_unified_12_cases.json,5158,c0100f0469e88199e5e6cf8c92baeb3bb229051e844d866631c34780304d83a1
configs/paper2_push_off_grid_12_cases.csv,8363,2f124523da7f0865280c24a96a0df7e1a6537f1e94320a45565dbaf335e96eed
configs/table1.json,1211,4d58d168a8e20d4d6bf9aaf6d36aac688e6f872dabb5cb14978b63935fa08ae4
configs/tvlqr_release.json,1243,25a0db3ae81664bacfb81c6379fe4ed93e32152e112a28a0d5042c8f946969fe
data/four_link/selector/paper_four_link_passive_sign_selector_v22_3_grid_dataset.csv,18029588,6b514ff6ef9e31f70e27ae7c290e2a6c8a315df3dd11edac092101330c1f59a5
data/four_link/training_logs/V22_3V9ActiveFull400Grid_training_log.csv,2792610,984599c5c617e25fdc2e6a252dc40098e5aa085e78ed933223e77c115e934535
data/four_link/training_logs/V22_3V9Bi400Grid_training_log.csv,2275282,e4ecad2ec74e92112d0072478899696030c79141fc13742dd431b320fce85ce9
data/four_link/training_logs/V22_3V9PerStepSign400Grid_training_log.csv,2794727,2cb9d24614892697bd8c3428698c797e48994ccf88aa3a869614ac579ca493c7
data/four_link/training_logs/V22_3V9TrueActionMaskScratch400Grid_training_log_through_epoch1307.csv,3876242,5fe20ee75cb69cdb774ffe7f61305d96c27f109d029cb09e7649448f6835a1ec
data/four_link/training_logs/V22_3V9TrueActionMaskScratch400Grid_training_log_through_epoch1307.jsonl,5093170,02a1bed3f636d9ed637d9a6664f5efdeaf2faa901971a2ad5dbf8692ac2f5a92
data/four_link/training_logs/V22_3V9UniNeg400Grid_training_log.csv,2593374,1d86c05f3fb0ffd5a5fb6bc359a23a4eb370e7944784f24fc2a5b4eb9cf58cb2
data/four_link/training_logs/V22_3V9UniPos400Grid_training_log.csv,1889722,0432c2e125133c9968e51fe29f3450d1feb366dc7a12d9d4869744a58c80795c
data/four_link/true_action_mask_scratch_c090_epoch1275/active_reference_comparison_trials.csv,3644671,50ab2001fc0a1e8caf6b85dceff9ff280c325dae42d14eda50329e0ed2a38b3e
data/four_link/true_action_mask_scratch_c090_epoch1275/active_reference_summary.csv,1258,4844bee1769f2ea0b488acc94d33d0e243d5a4b368b25e82d5a2f41c32f16cff
data/four_link/true_action_mask_scratch_c090_epoch1275/CHECKSUMS.sha256,2374,6176d1f4a29d22b38c740bd2e7f238bbcca66db8f7a77082cc7e100eaf46a1f8
data/four_link/true_action_mask_scratch_c090_epoch1275/controller_summary.csv,3089,50c9b853c7875bb350d3415ac63eb6b2fa730026aff99172fd2e9b3826eaf813
data/four_link/true_action_mask_scratch_c090_epoch1275/evaluation_manifest.json,5894,1a6f8ebd52a32d215a60d029a51d05a4c10108bbd78c4b5091778660530f19e5
data/four_link/true_action_mask_scratch_c090_epoch1275/paired_summary.csv,1839,ce6964327bd5d65f5c5a8f5798409ed34dcaa9060abe3ffda82044c17ba571af
data/four_link/true_action_mask_scratch_c090_epoch1275/paired_trials.csv,2668421,cab0475943a31109c386910f815e1a361fc68594c3ff1b61c872a51356db1f4d
data/four_link/true_action_mask_scratch_c090_epoch1275/passive_candidate_audit.csv,3892999,1f57def7be6f1ea9b7122dc82ba7de9d25fec97ccde5377d6843d71c5713b194
data/four_link/true_action_mask_scratch_c090_epoch1275/representative_initial_states.csv,27364,95ff9861a3b4cde8f141dd51888af519216940fa3e9f04af55c01cd35dafe540
data/four_link/true_action_mask_scratch_c090_epoch1275/representative_initial_states_passive_oracle_envelope.csv,27364,95ff9861a3b4cde8f141dd51888af519216940fa3e9f04af55c01cd35dafe540
data/four_link/true_action_mask_scratch_c090_epoch1275/representative_initial_states_passive_sign_selector.csv,27059,f2417156628355bbcfb9d7f14c3c61fccc500c64bb6023967b0b1e18b925dd35
data/four_link/true_action_mask_scratch_c090_epoch1275/rollouts_active_vs_passive.csv,7387633,39557858bdee443dcfbb837b15a2c337570eb8b8828721fd5e4dfa00d42f6ade
data/four_link/true_action_mask_scratch_c090_epoch1275/selector_vs_oracle_trials.csv,1789840,4e88e531b28b65a47ad94288fd24099506dc6a6bae0f5a807cdbedebf64d1e07
data/four_link/true_action_mask_scratch_c090_epoch1275/selector_vs_true_action_mask_summary.csv,738,15c920aeb0db2dec081f4ae409601b46c6d2b0e9b693e8fc2db265b28b4f50b0
data/four_link/true_action_mask_scratch_c090_epoch1275/selector_vs_true_action_mask_trials.csv,1278227,2918358b770a01a25e6961c1e71c2f534e59082ee2c2c68a98e92f0c3d5421bc
data/four_link/true_action_mask_scratch_c090_epoch1275/success_case_breakdown.csv,129022,41edf2c604bbf647783e1ac2b4fd78806ec450f0382033e319eebf32a4d9bb42
data/four_link/true_action_mask_scratch_c090_epoch1275/successful_initial_states_active.csv,94333,6079a3729474a1ee2390833978ef44ca44da4e9f8f94b1c0abf2a2516b5032bc
data/four_link/true_action_mask_scratch_c090_epoch1275/successful_initial_states_active_full.csv,93243,34eb68e6f0cccc9100833799109234b380e1a9b8edbb5e66ddbb232d02d844f6
data/four_link/true_action_mask_scratch_c090_epoch1275/successful_initial_states_all_controllers.csv,571856,2e2ce58c619d83db08c5937a784802c7e7167fa6a85668b63df1069f286f1183
data/four_link/true_action_mask_scratch_c090_epoch1275/successful_initial_states_passive_oracle_envelope.csv,96496,ebd07485960c52a546d4a55cac06a178e78379c9dba97f182b0d3e58c91f8bf2
data/four_link/true_action_mask_scratch_c090_epoch1275/successful_initial_states_passive_sign_selector.csv,98636,ce86aed0b443b15fc404a76bd812f2e533a788178ae99c7c7d4d295729c176fc
data/four_link/true_action_mask_scratch_c090_epoch1275/successful_initial_states_per_step_sign.csv,94496,a77f555f80e3b2c108e49d1259aa83ae734689be1e4712e3678f64b6db267408
data/four_link/true_action_mask_scratch_c090_epoch1275/successful_initial_states_true_action_mask_scratch.csv,97947,8b7fba597c444650b8ddf80562d567dec366d7c11b7acf07231cb12e779cc7fd
data/four_link/true_action_mask_scratch_c090_epoch1275/terminal_reason_summary.csv,21931,582b2a03557cdd0c95d994f9138312f0204e098664e9ae9473784c77808dfd5d
data/paper2/readonly_rerun/flat_L1145_r1__continuous.stderr.txt,0,e3b0c44298fc1c149afbf4c8996fb92427ae41e4649b934ca495991b7852b855
data/paper2/readonly_rerun/flat_L1145_r1__continuous.stdout.txt,207,02ff2511eb27a54f3b6d6e302f26552cd04da4234641ac68b097c7259f8ab29a
data/paper2/readonly_rerun/flat_L1145_r1__discrete.stderr.txt,0,e3b0c44298fc1c149afbf4c8996fb92427ae41e4649b934ca495991b7852b855
data/paper2/readonly_rerun/flat_L1145_r1__discrete.stdout.txt,883,523a46135fed701a557af45fd6ca7d85cdf536059882c699c3fc17a0b9743f71
data/paper2/readonly_rerun/flat_L1145_r1__lipm.stderr.txt,2403,f03f5388c847dd855aa4653c8a8d7e18b9c4ed64852f06a6abf17933f6d6d16e
data/paper2/readonly_rerun/flat_L1145_r1__lipm.stdout.txt,2078,a62af3425e67e1f135af67e39b977d4a618ef86aae24c14dee08227ae855a9e8
data/paper2/readonly_rerun/flat_L1145_r1__lqr.stderr.txt,146,4ee530d149178cee5383d66501486ebb99481e7b0a8465fdc91d12a10ff75265
data/paper2/readonly_rerun/flat_L1145_r1__lqr.stdout.txt,2486,07dbaa8973acf7e223de6c481e70eaf944b04907bf96f45792753aae9c3f8898
data/paper2/readonly_rerun/flat_L1145_r1__passive.stderr.txt,0,e3b0c44298fc1c149afbf4c8996fb92427ae41e4649b934ca495991b7852b855
data/paper2/readonly_rerun/flat_L1145_r1__passive.stdout.txt,850,f9247eb26894e2d02c46fd37f41773f9156080d32a37279e4e359f4778116bfa
data/paper2/readonly_rerun/flat_L1145_r2__continuous.stderr.txt,0,e3b0c44298fc1c149afbf4c8996fb92427ae41e4649b934ca495991b7852b855
data/paper2/readonly_rerun/flat_L1145_r2__continuous.stdout.txt,206,799ed75da27fcbed74cf9a2d83dbf0288c6a0c36de94c8c8bf4cb081f349a765
data/paper2/readonly_rerun/flat_L1145_r2__discrete.stderr.txt,0,e3b0c44298fc1c149afbf4c8996fb92427ae41e4649b934ca495991b7852b855
data/paper2/readonly_rerun/flat_L1145_r2__discrete.stdout.txt,897,507e58d384636dea1d51235a6d26850e7acef33949d2d8e16451ed2d9810d543
data/paper2/readonly_rerun/flat_L1145_r2__lipm.stderr.txt,2427,e07dba332a15f54c6bf74cd60fb7f5eb17eafb9a87973efc15dbd4146c719ba1
data/paper2/readonly_rerun/flat_L1145_r2__lipm.stdout.txt,2078,97601cd0648c0ad7a282ef8848c0e5397f664708bebb56d1df8484fd4d0bcdec
data/paper2/readonly_rerun/flat_L1145_r2__lqr.stderr.txt,148,41097f3749c5901c0046bcc46204a716063289c4c779c19a39ffb2a5b2d2d5f4
data/paper2/readonly_rerun/flat_L1145_r2__lqr.stdout.txt,2487,aa99f56d62a04edfc87adaf2fc06b3cfc8c44f765c73d8602ba0b71c018710d3
data/paper2/readonly_rerun/flat_L1145_r2__passive.stderr.txt,0,e3b0c44298fc1c149afbf4c8996fb92427ae41e4649b934ca495991b7852b855
data/paper2/readonly_rerun/flat_L1145_r2__passive.stdout.txt,884,db71586d05aa4a91ce831252ca7c6db6a9648d518786bf3c07d8d626e22b9b69
data/paper2/readonly_rerun/flat_L1145_r3__continuous.stderr.txt,0,e3b0c44298fc1c149afbf4c8996fb92427ae41e4649b934ca495991b7852b855
data/paper2/readonly_rerun/flat_L1145_r3__continuous.stdout.txt,221,c770231f8ea656ce470b25fdfc83cb2121f71a7883860faf00e68767638603d2
data/paper2/readonly_rerun/flat_L1145_r3__discrete.stderr.txt,0,e3b0c44298fc1c149afbf4c8996fb92427ae41e4649b934ca495991b7852b855
data/paper2/readonly_rerun/flat_L1145_r3__discrete.stdout.txt,880,71a8a505e06e8e31b8ca86f6357e13be7241288680999edb260ac3c6e0febc75
data/paper2/readonly_rerun/flat_L1145_r3__lipm.stderr.txt,2427,be5121ea8514063a297c9f9358a52660ce3c2622d6d3d5b1e4bffcae8763512e
data/paper2/readonly_rerun/flat_L1145_r3__lipm.stdout.txt,2079,5d45003b53ddc3dcdc570ed0cca36da8acb3f2090c2dda88688231fb8c1b6355
data/paper2/readonly_rerun/flat_L1145_r3__lqr.stderr.txt,36,d18b29e06e44e546fea7764a333f59c70640c253ae9063158d29a41b5a976a16
data/paper2/readonly_rerun/flat_L1145_r3__lqr.stdout.txt,1276,f62d354cfa4c33928bd940159791fd70e63a831dfb2530d051b9d89344829ff9
data/paper2/readonly_rerun/flat_L1145_r3__passive.stderr.txt,0,e3b0c44298fc1c149afbf4c8996fb92427ae41e4649b934ca495991b7852b855
data/paper2/readonly_rerun/flat_L1145_r3__passive.stdout.txt,882,8cee72b3612a90b8f41a50105e3004b53d6eff21cb1a245dc4c02d7864e191fb
data/paper2/readonly_rerun/flat_L128_r1__continuous.stderr.txt,0,e3b0c44298fc1c149afbf4c8996fb92427ae41e4649b934ca495991b7852b855
data/paper2/readonly_rerun/flat_L128_r1__continuous.stdout.txt,208,b50fc879a23a3100db5ee74b5b2c1c9c87409e7cd819b07fa10f368195a777dd
data/paper2/readonly_rerun/flat_L128_r1__discrete.stderr.txt,0,e3b0c44298fc1c149afbf4c8996fb92427ae41e4649b934ca495991b7852b855
data/paper2/readonly_rerun/flat_L128_r1__discrete.stdout.txt,882,399328957d6ccea5dc5b9a4c637a9a4663defeeacfb892693243b6c35bb57cda
data/paper2/readonly_rerun/flat_L128_r1__lipm.stderr.txt,2391,8780f2dca8addf02b1508860df7ee385ef0525a227d37488002c786a0e77d553
data/paper2/readonly_rerun/flat_L128_r1__lipm.stdout.txt,2079,4e5bc81216880950da96d1156e5345848776d04ae4ed5c52b7389c2563b57468
data/paper2/readonly_rerun/flat_L128_r1__lqr.stderr.txt,145,5f289d2b64534220e0d015b9f0ce807d02f1c7264af23514e9842d8b778289cb
data/paper2/readonly_rerun/flat_L128_r1__lqr.stdout.txt,2487,2dc7e02a8c35e0d926d24f6c594b269b539008dd2c83dc9807c975201dbce6d7
data/paper2/readonly_rerun/flat_L128_r1__passive.stderr.txt,0,e3b0c44298fc1c149afbf4c8996fb92427ae41e4649b934ca495991b7852b855
data/paper2/readonly_rerun/flat_L128_r1__passive.stdout.txt,884,857abe081f285f30d2e0f18e471838855a3210fdd69031b61d05b7f5bcae4f52
data/paper2/readonly_rerun/flat_L128_r2__continuous.stderr.txt,0,e3b0c44298fc1c149afbf4c8996fb92427ae41e4649b934ca495991b7852b855
data/paper2/readonly_rerun/flat_L128_r2__continuous.stdout.txt,207,42211864a0146da6cc3a1b946265e8ec3f2e5f84352645b85db995b027c7e479
data/paper2/readonly_rerun/flat_L128_r2__discrete.stderr.txt,0,e3b0c44298fc1c149afbf4c8996fb92427ae41e4649b934ca495991b7852b855
data/paper2/readonly_rerun/flat_L128_r2__discrete.stdout.txt,882,2a689d60addfd841a573a6b987acca588338e64f8aae0e1b0faf14c568a52b26
data/paper2/readonly_rerun/flat_L128_r2__lipm.stderr.txt,2415,9184b80ac8d8af06d7a2c3f8062add45c239b23d02102014c39ba163f9268f35
data/paper2/readonly_rerun/flat_L128_r2__lipm.stdout.txt,2078,30adf84fbd1be4e530b9aeaca4be256e6897ea7b6bd53cf20601511f114a4c02
data/paper2/readonly_rerun/flat_L128_r2__lqr.stderr.txt,147,cd808f36bd96c0ec0dc470301bf772d9d83ce073a96a0ea0313958d057b829c8
data/paper2/readonly_rerun/flat_L128_r2__lqr.stdout.txt,2486,03649b3da997f5c6c176aedd4984d5889f90edf3883e04778572e1c677fc3760
data/paper2/readonly_rerun/flat_L128_r2__passive.stderr.txt,0,e3b0c44298fc1c149afbf4c8996fb92427ae41e4649b934ca495991b7852b855
data/paper2/readonly_rerun/flat_L128_r2__passive.stdout.txt,899,f07e2b1b17af1812e234c04c5116c5962ad93275e0d956d644935a8421f64b6b
data/paper2/readonly_rerun/flat_L128_r3__continuous.stderr.txt,0,e3b0c44298fc1c149afbf4c8996fb92427ae41e4649b934ca495991b7852b855
data/paper2/readonly_rerun/flat_L128_r3__continuous.stdout.txt,207,def6ebc8ce0a9124a6b7d23af3e57bbcf05a456d2b45440767909116dc722021
data/paper2/readonly_rerun/flat_L128_r3__discrete.stderr.txt,0,e3b0c44298fc1c149afbf4c8996fb92427ae41e4649b934ca495991b7852b855
data/paper2/readonly_rerun/flat_L128_r3__discrete.stdout.txt,879,a4df5796379ed0cfd75d81012737602b29902da55bfa18061fbe49a2fecd7b1d
data/paper2/readonly_rerun/flat_L128_r3__lipm.stderr.txt,2415,275740438b2576f9a3c2952f8706dc6423f1878d1459724bc066673b4becc946
data/paper2/readonly_rerun/flat_L128_r3__lipm.stdout.txt,2079,10984e84eea9785125afacbc65e946777b76890f0d6895b98c645c8d81436ee4
data/paper2/readonly_rerun/flat_L128_r3__lqr.stderr.txt,147,473c09ed3099c125ed16f0634ff2d36eb2efb5a1f08cba2406e8f99e802713c4
data/paper2/readonly_rerun/flat_L128_r3__lqr.stdout.txt,2487,3a270075911aee3322db92393f069a765a6805f40467626b79fb7b634791975d
data/paper2/readonly_rerun/flat_L128_r3__passive.stderr.txt,0,e3b0c44298fc1c149afbf4c8996fb92427ae41e4649b934ca495991b7852b855
data/paper2/readonly_rerun/flat_L128_r3__passive.stdout.txt,883,fc1c705fc05ddd68a73caa9e7e01dfc84ffd04c8e1e7e8dd506be70d7b8a8446
data/paper2/readonly_rerun/paper2_group_summary.csv,5034,f171dd37218f262e82361b51e455d07bda8cc137a174fa15f8053dfa53fc4fc3
data/paper2/readonly_rerun/paper2_overall_summary.csv,1321,7d5332b3b6d098f7d35820a6e798a24c2be8d1f3c3f29dc2e9ffe9af3fcb76ef
data/paper2/readonly_rerun/paper2_rerun_results.csv,23625,388238eba89bf902ffa867f0ba15dfcace4465dd925b7e352028fa7a1df5abf9
data/paper2/readonly_rerun/raised_L1145_r1__continuous.stderr.txt,0,e3b0c44298fc1c149afbf4c8996fb92427ae41e4649b934ca495991b7852b855
data/paper2/readonly_rerun/raised_L1145_r1__continuous.stdout.txt,1999,e34f778f8e1fa9f2694e93b0b62529fe1f596e27b59fcec8defc5ec07bd8c66d
data/paper2/readonly_rerun/raised_L1145_r1__discrete.stderr.txt,0,e3b0c44298fc1c149afbf4c8996fb92427ae41e4649b934ca495991b7852b855
data/paper2/readonly_rerun/raised_L1145_r1__discrete.stdout.txt,882,d01750917ce239f69861e7bb9e60744b0172bf03e97b1fe9068fef2ec6a2bba5
data/paper2/readonly_rerun/raised_L1145_r1__lipm.stderr.txt,2475,ba24324f4ca26dbe62247253a011312f2c3295543b5e56b7d362ba6d580483ec
data/paper2/readonly_rerun/raised_L1145_r1__lipm.stdout.txt,2079,a1769aa0e7551b055ef09a86be38b9cb3ab92caa339dacda9a478411b8e6e210
data/paper2/readonly_rerun/raised_L1145_r1__lqr.stderr.txt,152,f96285c0865bc403e44721ed9c08ab8e00c6d76f91143888abbfdaf53b0604a6
data/paper2/readonly_rerun/raised_L1145_r1__lqr.stdout.txt,2487,c9cae2428f103bd570ddf23e4e6dd4dc7daeea5492f5f278551c043c4629b8c4
data/paper2/readonly_rerun/raised_L1145_r1__passive.stderr.txt,0,e3b0c44298fc1c149afbf4c8996fb92427ae41e4649b934ca495991b7852b855
data/paper2/readonly_rerun/raised_L1145_r1__passive.stdout.txt,898,a55edcbfc317ac5fdda6f1959b8eea19e3230503294035db2fe2e386b52c8667
data/paper2/readonly_rerun/raised_L1145_r2__continuous.stderr.txt,0,e3b0c44298fc1c149afbf4c8996fb92427ae41e4649b934ca495991b7852b855
data/paper2/readonly_rerun/raised_L1145_r2__continuous.stdout.txt,2011,c6fa5a7c2946f4fecbe98798926581af42c3bb397886f48113a35cd7161f3ab4
data/paper2/readonly_rerun/raised_L1145_r2__discrete.stderr.txt,0,e3b0c44298fc1c149afbf4c8996fb92427ae41e4649b934ca495991b7852b855
data/paper2/readonly_rerun/raised_L1145_r2__discrete.stdout.txt,881,b7433a89d530df15280cbf49dedaf35c9b8139c08dd8840494de03d2c74c6fb9
data/paper2/readonly_rerun/raised_L1145_r2__lipm.stderr.txt,2499,6e01fa13ffdd8f07e65a9075c36aa7833f48dd7fd8db6cabcc0e1b7d3b294990
data/paper2/readonly_rerun/raised_L1145_r2__lipm.stdout.txt,2079,561849ec06ffdb2bed67d994d6a91c19649db4c3e4b0aaada5febe3510e2828d
data/paper2/readonly_rerun/raised_L1145_r2__lqr.stderr.txt,154,14b0a69810f7b72d48ede39e7973b39427cd7878341d11beae81c37a011e4cba
data/paper2/readonly_rerun/raised_L1145_r2__lqr.stdout.txt,2487,fcb2fe4c07191a1923575ee3fb42fe31e2dc76ac516afa2c499ce00f91f04474
data/paper2/readonly_rerun/raised_L1145_r2__passive.stderr.txt,0,e3b0c44298fc1c149afbf4c8996fb92427ae41e4649b934ca495991b7852b855
data/paper2/readonly_rerun/raised_L1145_r2__passive.stdout.txt,896,b16d51a8f1218accd95f119887e6e343f443e4f6d42be9c2a24e4abd71846a2f
data/paper2/readonly_rerun/raised_L1145_r3__continuous.stderr.txt,0,e3b0c44298fc1c149afbf4c8996fb92427ae41e4649b934ca495991b7852b855
data/paper2/readonly_rerun/raised_L1145_r3__continuous.stdout.txt,1998,d0262beb032587ec53dae8f58793658a30c70b6d3c47cc6a3c0339772ea3bf5e
data/paper2/readonly_rerun/raised_L1145_r3__discrete.stderr.txt,0,e3b0c44298fc1c149afbf4c8996fb92427ae41e4649b934ca495991b7852b855
data/paper2/readonly_rerun/raised_L1145_r3__discrete.stdout.txt,895,c53b69bc249567daa497fb80e5b58d6620578162dbf62f355f34a4bb9c62c3fb
data/paper2/readonly_rerun/raised_L1145_r3__lipm.stderr.txt,2499,ce84e0e009a93dbf9c3cca6015d0ad9253567a99f2b0f622ccfc2921a4a184cc
data/paper2/readonly_rerun/raised_L1145_r3__lipm.stdout.txt,2079,91deb3c681bd6023bb65dc0edb1707311a8e8fcb6493e2050d77454f275354b9
data/paper2/readonly_rerun/raised_L1145_r3__lqr.stderr.txt,154,8d5d6c19f19a580af9712ba40aaed367d8a652d0752ae5f775f36c77197a128f
data/paper2/readonly_rerun/raised_L1145_r3__lqr.stdout.txt,2487,7e7f4e2a8c7cf0515d1d4ce6f9426d09fa6992d1b9f5baaaa6ab4eeec9074d7c
data/paper2/readonly_rerun/raised_L1145_r3__passive.stderr.txt,0,e3b0c44298fc1c149afbf4c8996fb92427ae41e4649b934ca495991b7852b855
data/paper2/readonly_rerun/raised_L1145_r3__passive.stdout.txt,883,711cd0bd7e6853c5567c6e90efc8efc040291fa8353d46b7085d03adecb97844
data/paper2/readonly_rerun/raised_L128_r1__continuous.stderr.txt,0,e3b0c44298fc1c149afbf4c8996fb92427ae41e4649b934ca495991b7852b855
data/paper2/readonly_rerun/raised_L128_r1__continuous.stdout.txt,2280,788537500d13df097146da8983ece8da3f5e9b8b3411227d7b76fe572365bfcb
data/paper2/readonly_rerun/raised_L128_r1__discrete.stderr.txt,0,e3b0c44298fc1c149afbf4c8996fb92427ae41e4649b934ca495991b7852b855
data/paper2/readonly_rerun/raised_L128_r1__discrete.stdout.txt,881,86d7b2a4682e2731938cf228aa6dd0d707886f8e8a83d3d3d45f61ba3ee5e984
data/paper2/readonly_rerun/raised_L128_r1__lipm.stderr.txt,2463,426cc30aa4192ec6a347389ebde07e326bd7e24e3b30bbfc2340c3caaed59d89
data/paper2/readonly_rerun/raised_L128_r1__lipm.stdout.txt,2079,0b60dacab341df0c6b7c21fd50524d7129a7ea2fd0c926e9b4d7ffe588a7a743
data/paper2/readonly_rerun/raised_L128_r1__lqr.stderr.txt,151,2f2d985c75c7390f025b29b0883fbeda26105f44b255b4626ab0c8528dfe8ede
data/paper2/readonly_rerun/raised_L128_r1__lqr.stdout.txt,2487,7eef208393c008191ffc75b62efe2ff85fefaacc27a4cc73a0c40163d5eaca2a
data/paper2/readonly_rerun/raised_L128_r1__passive.stderr.txt,0,e3b0c44298fc1c149afbf4c8996fb92427ae41e4649b934ca495991b7852b855
data/paper2/readonly_rerun/raised_L128_r1__passive.stdout.txt,883,8c764d74aa8302b5151b719a56b75fb9c38d35b41f7fc56fad78fe091c402744
data/paper2/readonly_rerun/raised_L128_r2__continuous.stderr.txt,0,e3b0c44298fc1c149afbf4c8996fb92427ae41e4649b934ca495991b7852b855
data/paper2/readonly_rerun/raised_L128_r2__continuous.stdout.txt,2265,f73b73e3566977225ba5d44200d3ce73dbc914ec81ee5d25d235f5e961b754cb
data/paper2/readonly_rerun/raised_L128_r2__discrete.stderr.txt,0,e3b0c44298fc1c149afbf4c8996fb92427ae41e4649b934ca495991b7852b855
data/paper2/readonly_rerun/raised_L128_r2__discrete.stdout.txt,882,9071167dd147bccc0dd5590a73a697ab5a8277ad0d76e6046739653830d0a152
data/paper2/readonly_rerun/raised_L128_r2__lipm.stderr.txt,2487,7793f83c3bb3763ee14a3835602c88f7baea738b335b5a037d2cecb096929d02
data/paper2/readonly_rerun/raised_L128_r2__lipm.stdout.txt,2079,8ecb79d2382a6d360d9d0cc6d5239f22935b45b5e5f6f63a6864d6bd702c4966
data/paper2/readonly_rerun/raised_L128_r2__lqr.stderr.txt,153,3261d57ab1d713a0818880b87a1eabdc68c60528d609a6a173b05611b5ab2c91
data/paper2/readonly_rerun/raised_L128_r2__lqr.stdout.txt,2487,0acaa2b9aaec343d553cf38400c3bcaff80815b306a3c3b60f1a9bbe771a165e
data/paper2/readonly_rerun/raised_L128_r2__passive.stderr.txt,0,e3b0c44298fc1c149afbf4c8996fb92427ae41e4649b934ca495991b7852b855
data/paper2/readonly_rerun/raised_L128_r2__passive.stdout.txt,883,e768ac821f55e9059d9b8327b0d3fb1bad23837be770f4d4fbb6392da3dfc114
data/paper2/readonly_rerun/raised_L128_r3__continuous.stderr.txt,0,e3b0c44298fc1c149afbf4c8996fb92427ae41e4649b934ca495991b7852b855
data/paper2/readonly_rerun/raised_L128_r3__continuous.stdout.txt,2264,fd6ecfe9e0bd900af7d677b109f4e7f14205b552f25815c3945decdf309fe134
data/paper2/readonly_rerun/raised_L128_r3__discrete.stderr.txt,0,e3b0c44298fc1c149afbf4c8996fb92427ae41e4649b934ca495991b7852b855
data/paper2/readonly_rerun/raised_L128_r3__discrete.stdout.txt,881,6fb06ccd1a7eab0fd15fa2218403d56b7a47b741a6ce8f0911ace2adca60070f
data/paper2/readonly_rerun/raised_L128_r3__lipm.stderr.txt,2487,4a23d6a4299e4fa15d5137906c8c5ec10048ac5d50b93215c6a3d60ceaefb677
data/paper2/readonly_rerun/raised_L128_r3__lipm.stdout.txt,2078,4af3dfc44fe33b4f18f93ff8a2c3e4ce116bde1c4bca66538869f4b091e43fae
data/paper2/readonly_rerun/raised_L128_r3__lqr.stderr.txt,153,6ef544f5427f0fdd989420bbe35f8cff597306992155032b1b8f9cc37a4e9d7c
data/paper2/readonly_rerun/raised_L128_r3__lqr.stdout.txt,2486,ee3c64cc39f1a7e7ade52d6e585313be383afbc9f94e84aa63e1533c0c328bee
data/paper2/readonly_rerun/raised_L128_r3__passive.stderr.txt,0,e3b0c44298fc1c149afbf4c8996fb92427ae41e4649b934ca495991b7852b855
data/paper2/readonly_rerun/raised_L128_r3__passive.stdout.txt,883,0cd04d9ce684c88b2a9efaee823a8fae5ad6a3e617fd133ec6b21bc92bff51cb
data/paper2/readonly_rerun/README.md,607,52622454b4f7794b923d3cca0675084cf19be1213a14323dbff1c823c3195b69
data/paper2/readonly_rerun/rerun_manifest.json,871,67c13b8f297ac10de221e67bb3322d74fb949be0539fa2fddf76054a4346a255
data/README.md,2027,51eb3a69182af767b91faf07ab121ce87c639b1244e392a2d14b8636173d394e
"data/two_link/action_map/working_save(-1,0)-30,30",6482048,f66e0ca5f0a548c5015c5e08b4df4b6bdc0b84be0e4cc9e11e28b7c57d3abeab
"data/two_link/action_map/working_save(-1,0,1)-30,30_from_2-2",6482048,f0d9311df4ad5af41998c2e0df2e79b7c7c3141f396d292c77a7dcf802836d5f
"data/two_link/action_map/working_save(0,1)-30,30",6482048,b28cf90c594b07f40bc7f495a4fd4f230197a4845c8dfc52e3c2abd519e4bf7f
data/two_link/action_map_source_aligned/active_default_route_30x30x30x30.h5,53698,aae91e23f19dc3f229b3b5fbd97909f737beec82534ac01f58c98cda7b94ba1d
data/two_link/action_map_source_aligned/baseline_active_30x30x30x30.h5,812048,1d17db045d032b879f2c467bbc977a2d45ee81e148a6785b7101571bab0a6e4a
data/two_link/action_map_source_aligned/candidate_active_30x30x30x30.h5,812048,e9c01ebaa0cd4143a7aa1d7bf094e88d92c51de1bef64593199006a2650e520c
data/two_link/action_map_source_aligned/negative_30x30x30x30.h5,812048,74b6ef600b570661d35b6e4c919c2cd919c44639db17be4ee40f48ed10620894
data/two_link/action_map_source_aligned/positive_30x30x30x30.h5,812048,3c2249b5657a53d0fbecaf3ef790bf1ddd3a3385ff3b4c9feaefb628372b3052
data/two_link/action_map_source_aligned/source_aligned_table1.json,4640,b5929967755839cd59e9a5fe02ffaf635090a5ad2b223f9d7b5b7f2b929839b9
data/two_link/offline_routing/working_save_passive-10-30,722048,dc7c3d3b561cd75f6bed38753e4ce7a045f716f3155cd2b81616c2300a7224ca
DATA_LICENSE.md,862,0b4dbf75a43a8f28caeb0ed3d7a44685a591e8156f7991679c1cbab7275bda31
docs/ABLATION_PROTOCOL.md,2462,4410afa0e29c365bab65fbbefcf56f6ac71c46c681a399a6e527231fc262ff1a
docs/CMT_METRIC.md,3414,ac1f99a9a0134f5ddd020e946b17477725e58695cb6bd7cf58f3c328df642546
docs/DATA_ARCHIVE_CHECKLIST.md,4728,63bbee00fa9d17c554000b7d6bb443658c917ce9e6c2393ce8aea85ad09ebd02
docs/DATA_AVAILABILITY.md,2001,4db3d6ab292c5231ef0d145192e906f3e2c4c0d7c7e5677a44c58710793c0847
docs/LICENSE_SELECTION.md,1176,989d591e8b12a4c9f9cf7e358c41af4e9882b3404a20120ea82f7e8e062f82d0
docs/NONINFERIORITY.md,3499,16463a506696b44d457f80b4cb0a849eba73de16138a1bbb8ae195e727121cd4
docs/PAPER2_CURRENT_PROTOCOL.md,1856,e08616bf95274caba0facd35cfb41265150287ece57bd9ebc4196603999a41e0
docs/PAPER2_MPC_UNIFIED_12CASE.md,2136,06af182a13ff9985eeb3ff5f661037e693bbf4eb7cfa1ed79b21abff69fd0753
docs/PAPER2_SOURCE_ALIGNED_R1_RERUN.md,1612,99818dc3e9fba9855874120f53a5220ab327689246011b094b066350f2a227aa
docs/PUBLISHING.md,3281,1c410efec1ae3329e1b0da72febc3555935be16d4bc146e7ad3c8b3d382f9898
docs/TABLE_FIGURE_PROVENANCE.md,4476,269db8d6d468733faa6790b82b1abdd5f660f92aa8570a541e5af08eb2f56fc5
docs/TABLE_II_PROTOCOL.md,2701,f9fd40235e1ab6820713547b3ccd37726bc0364f1c71076d1107a79a34f603f5
docs/TRUE_ACTION_MASK_BASELINE.md,3520,e9bf72a4fc091a32e4ef349e9d52d4666278aaa97c8847ede49b19d9ecb17d78
docs/TVLQR_RELEASE.md,1974,7e748ef6ec8bb713b2dbbcb848958db771bac8d9d3318bb8794ec0fef4da1150
docs/TWO_LINK_SELECTOR.md,2897,d0f9f4b74b8f674e66c9260298f015d627ff3fc2d1fdc8371e2a084823d75b88
environment/ENVIRONMENT_PROVENANCE.md,817,8861c1fd2b7679d9e2d445af85dc8d49d31066833f8b8a1b8cc5734147a3bd42
environment/local-audit-environment.txt,328,2cb2681a8c0ec682445f21b269344dbfa7a8726a0493c29448e5b405b481f0b1
environment/requirements-analysis.txt,55,a9548a95b21198d9a17c3ef6a404b4a0d960563e05acb9087d27665b63b65d90
environment/requirements-four-link.txt,54,776094ccb30c9625c8a6e8b11d52589abc43a66b8add4be2072cea2b24ca20b7
environment/requirements-mpc.txt,78,b2f9aa4c5615bfd34dc297e9eb1e5a8c6cb5af2cc3299c42dda60b119bbce0a9
environment/requirements-tvlqr.txt,45,4347da7f9d0819ebe6e7aeae38847fa7dcf8d7422de9e682222ecd5db3b133f6
"l1_stand(-1,0,1)_1417.pth",541885,879150de4259ae651e7a7c9937a6f3f6e669faa583332ff122ec714362e470ce
"l1_stand(0,-1)_696.pth",540825,12ff1ea00ccc8514079df64ed8a72c1d32cdcf2de528bb994e32ec071fc6c7b6
"l1_stand(0,1)_676.pth",540813,0f29029f6c7abe7c65b2247f7e9a60868fd91796212e55bdae7e8f9863c4fc17
l1_stand_continuous_1252.pth,2127137,97fa16e70260088506a51738f6d7f8909bc8aeaec119e335d93b0cd8630cb296
"l2_stand(-1,0,1)_1539.pth",541885,b13a6a4566ad05e9af731c79b532e07807cca66b489685dacc12dcabab82aad6
"l2_stand(0,-1)_829.pth",540825,fbb79104d4d0217649a7908485468aa9dcb26b7e29e5b61c22544159de58d155
"l2_stand(0,1)_815.pth",540813,036b7683e524e77084fb665d043dcae93ce999d6b46ae7baaf5a44ac20903e97
l2_stand_continuous_1329.pth,2127137,7a0dfff076d1eb5cd6e44accf760d77bde932df178c563dce1719d956220d38b
LICENSE,11357,c71d239df91726fc519c6eb72d318ec65820627232b2f796219e87dcf35d0ab4
models/four_link/paper_four_link_passive_sign_selector_v22_3_grid.pth,45105,99fdebbe1ecdccfdfd1d36902ff4dd6936712488065aa0e6cf5c8391b24979e1
models/four_link/three_expert_selector_v22_3/V22_3_three_expert_selector.pth,45125,d7f63ce349fda4f670a343f8b579f1512420616471d3ec4650e3c6c07105b954
models/four_link/v22_3_v9_active_full_400_grid/V22_3V9ActiveFull400Grid_c090_Policy_best.pth,2211437,43016fd53b43705694466739c70f1817c03e55e6596edb0e22380be1e8370d3f
models/four_link/v22_3_v9_bi_400_grid/V22_3V9Bi400Grid_c090_Policy_best.pth,2211341,0ca5581f39f5598ceb9c3283704e532a5efe441beb499a6c361402bf92e4720f
models/four_link/v22_3_v9_per_step_sign_400_grid/V22_3V9PerStepSign400Grid_c091_Policy_258.pth,2211437,655e77cebdffa54b42152fa1a08c8e99653ac162b3cfc45210404067a2782a29
models/four_link/v22_3_v9_true_action_mask_scratch_400_grid/V22_3V9TrueActionMaskScratch400Grid_c090_epoch1275_success250_Critic.pth,2158193,7f5972f37b1a8374ff69ca679bd1f00cbd46caaa7d665b1c7278df1f15acfe75
models/four_link/v22_3_v9_true_action_mask_scratch_400_grid/V22_3V9TrueActionMaskScratch400Grid_c090_epoch1275_success250_Policy.pth,2216876,74d26501c32e10892e8766f4980c291f6471aeeed0806225ad878919fc9d0b72
models/four_link/v22_3_v9_uni_neg_400_grid/V22_3V9UniNeg400Grid_c100_Policy_best.pth,2192893,4752c0c4632d5958ee64c7f3004a76e9a7bd7f3204dd914fdb7003bce9a92d7c
models/four_link/v22_3_v9_uni_pos_400_grid/V22_3V9UniPos400Grid_c097_Policy_best.pth,2192893,521962b8a3deea4411dc1b1c801cf9d8fcecfafa51d240f6752c07952ec1926a
models/paper2/tvlqr/l1_stand_continuous_1207.pth,2127137,9bfddd6828f9647fbe8838a77c3b9ec865d460f358306f3304c3669e6b67f29d
models/paper2/tvlqr/l1_stand_continuous_1252.pth,2127137,97fa16e70260088506a51738f6d7f8909bc8aeaec119e335d93b0cd8630cb296
models/paper2/tvlqr/l2_stand_continuous_1199.pth,2127137,fa4ca098f0ada09fb89e67d2f576978b945f2cc9a42555690d62077b64c706a1
models/paper2/tvlqr/l2_stand_continuous_1329.pth,2127137,7a0dfff076d1eb5cd6e44accf760d77bde932df178c563dce1719d956220d38b
"models/two_link/action_map/Policy_Net_Pytorch(-1,0)_1046.pth",2126746,e0f526f3dacf52ab9495b88cf8bddbb7c57c1f0670764f068b2be3f5eb6704ee
"models/two_link/action_map/Policy_Net_Pytorch(-1,0,1).pth",2128774,f017eca01172ab72a04faf4615fc0ed730d952205bacd268d1d26b3acd4de398
"models/two_link/action_map/Policy_Net_Pytorch(1,0)_900.pth",2126736,8cf8628d08211d3bc65db69b909ca5a80954042eee21633dd90c6facc9fbddee
models/two_link/action_map/Policy_Net_Pytorch_active_source_aligned_seed38.pth,2128773,356a6ab526f9dac4f81c4cd6e43a09ed753a133a0af62ff17004bb6ee002bf03
NOTICE,238,1f10946eef8284454a65c0dafa32fe25c8c73121a01a92d9a00846d6a0510340
README.md,10636,1f01782470a97c00989cb1e51e0ec76be350762945cfa06b04bd4cecb0830e91
results/action_weight_rerun_seed_20260716.csv,5289,b77de310ca12c2a7e2d2e8cb3586e8bce11b10f0cce5e165747871e40c9519b9
results/action_weight_rerun_seed_20260716_manifest.json,3984,3587244843cdcef98a961f2b9484baeeea06ee14fc2a4a443ade5c3367f4150c
results/action_weight_rerun_seed_20260716_pre_0p01m_filter.csv,4658,e19f982db3bcfc0b909550f93df2f6424e50c52fa7d9850c6cfecf07132651e6
results/action_weight_rerun_seed_20260716_pre_0p01m_filter_manifest.json,42236,a636c09c0ffc3f0e9bf73b99792de083c0f56367c34313091ff031dd006ff76e
results/action_weight_table_ii_seed_20260716.csv,798,22e0ebfcec66e7e6b1baef86049ee87efd1eaeee52b7fd4d7554fa72d86ebee5
results/action_weight_table_ii_seed_20260716_pre_0p01m_filter.csv,750,10752e1f80f628ba97252725ffe703efebd36d89252e69202a12f589c9307b46
results/four_link_active_default_confirmation/CHECKSUMS.sha256,266,c86a13ca7301e575af3fde43477c2c0e85e1ee9a6eda6af3a3d45bf49213e9e1
results/four_link_active_default_confirmation/matched_trials.csv.gz,491178,e15337702787cab80a7870475d3f21007b348a7a947e72bc1e879efe0100d357
results/four_link_active_default_confirmation/per_seed_summary.csv,361,c07937f90720344a8bba353b7c7a181a065bf29837e8d669018cd99d01af65c7
results/four_link_active_default_confirmation/publication_summary.json,1505,bf68e5328a8c6464fbc2410dfbc02f5612f96169277351d2fd0d965aa9ef7669
results/four_link_active_default_confirmation/README.md,1797,e6ac50094ee072c6841091e3cae7b2586b0ac43f88a58de5d3549c0ac116f9c5
results/four_link_statistics/active_vs_selector/displacement_threshold_sensitivity.csv,562,9fa2c32910e90ff0ba329d633e83179c95dbd77ea6d79643e116689181e526dc
results/four_link_statistics/active_vs_selector/paired_inference.json,4548,60d4955ba85b308b76987d8a4f493cb23152e95ec9deeee03bb19578e9d77dad
results/four_link_statistics/active_vs_selector/paired_success_2x2.csv,97,c2600c3e17efb52e72a923b97f768b1a64a7121bb46e977fdc1f184d3111eb97
results/four_link_statistics/active_vs_selector/terminal_reason_transition_matrix.csv,2600,49168e08fa692fb091b2cf783132dfa7883eec9696b89cf823c56126bdbdbf95
results/four_link_statistics/true_action_mask_scratch_c090_epoch1275/CHECKSUMS.sha256,270,648ede43c32b9f0406b0c32c0f51c5c25811fc4dceb37a973faf5c39c6405ea9
results/four_link_statistics/true_action_mask_scratch_c090_epoch1275/paired_binary_outcomes.csv,553,d42a6e6901849d0c7baf344ec2081f1d55d224e823bbadd913681ff6f8f0efd4
results/four_link_statistics/true_action_mask_scratch_c090_epoch1275/paired_cmt_summary.csv,544,6ad3c46add52afb90faacd42ade4e142375a297040a9e4d6f1a16669cc8a2ebe
results/four_link_statistics/true_action_mask_scratch_c090_epoch1275/paired_inference.json,2351,54952b4e1d63188e5fb767f69db9456b92bb3428187a77fdc6969c2dfe4b30eb
results/paper2_current/paper2_combined_cases.csv,15190,d5d0e8cdd9ea10e00cdb28b524434808759f3eb190661fa89dc698d09ba62f96
results/paper2_current/table_iv_current.csv,957,d39f4c24810420977c365f90c88b7c51f628f7c6c5b7abd1b87a518245735c38
results/paper2_current/table_v_current.csv,786,09f07e4f3e05afa128b73a4e41a04810a75718b81ebb07212079bcba6ce52b43
results/paper2_mpc_current_12_cases.csv,1128,c30144de86161a1883824b375c7b352942f6074e90122690ada6cf2d529c42b2
results/paper2_mpc_unified_12case/accepted_cases.csv,3592,37ee419c9fbd56e59ea16064698fb2a3e28272c45b9c62b0c46b5f935dd2c6fa
results/paper2_mpc_unified_12case/accepted_summary.json,1755,874c0d626af7b2c1f75c994151dbadcb6f46f170111814a6c2686cb21102c94d
results/paper2_mpc_unified_12case/CHECKSUMS.sha256,262,b7bba1f9e451679f08ca018361e8d96e6fb9bb895e3e9ab0ea592b1b0cca57ff
results/paper2_mpc_unified_12case/formal_validation.json,1442,b4b957a4a5410bea49972d71cd3049baf922acf326c7ee9a235c522e7935be42
results/paper2_push_off_grid_12case/accepted_cases.csv,9599,ec9cedfc366bb1aab81b00fe46e1ef4608694f4eeeea84fb999a4d22bc84faab
results/paper2_push_off_grid_12case/candidates/flat_L1145_r1/continuous_torque_ppo.csv,1026294,30db06eba352bd528088f9607ce5c60dffd4bdd2d39dbd09e61d9dcb08dcd48e
results/paper2_push_off_grid_12case/candidates/flat_L1145_r1/discrete_active_ppo.csv,1053071,c2528cb907c22a4ec14e04152cca40c4ce366fcba1642a003762e44e819e37e8
results/paper2_push_off_grid_12case/candidates/flat_L1145_r1/proposed_selector.csv,1028061,69fa9ff1c3dcef18a7e1e601bec25088346ae1a0dc88f146b22f9b2c5d0bcaf9
results/paper2_push_off_grid_12case/candidates/flat_L1145_r2/continuous_torque_ppo.csv,1027678,af78fef42f32557f89ac340cf6b6f2ddf8ccbbea9a0729fe65bae158604de8ee
results/paper2_push_off_grid_12case/candidates/flat_L1145_r2/discrete_active_ppo.csv,1054016,ad63eaa955d53a80cba34215017010456dd9110e6268674430ff059a8d014e4c
results/paper2_push_off_grid_12case/candidates/flat_L1145_r2/proposed_selector.csv,1027642,c9a84be45a68918348bcebab2ef200e98bcc8c7cb6904e8134f780e955a7dbef
results/paper2_push_off_grid_12case/candidates/flat_L1145_r3/continuous_torque_ppo.csv,1035716,b439a454c45911f709bf690ca67eb1cb86594eac8fe23685f9618a01044fa4fa
results/paper2_push_off_grid_12case/candidates/flat_L1145_r3/discrete_active_ppo.csv,1051842,b4f66da40d4352b267135c0508bc581b13abfb55ee8809014e2fcfacb0420714
results/paper2_push_off_grid_12case/candidates/flat_L1145_r3/proposed_selector.csv,1025608,9dd2efca63ff4a11fb9453aeaf5c09aa894e04fd4823a3954d108f6be5999c6c
results/paper2_push_off_grid_12case/candidates/flat_L1280_r1/continuous_torque_ppo.csv,1024035,b1fa1c34f312ef300f1afb2deded91d4237002a2f737f07f2b80cb838e06378c
results/paper2_push_off_grid_12case/candidates/flat_L1280_r1/discrete_active_ppo.csv,1052274,5bd47983d9fdc0c490d968ded4ed7e0f966e428bc9431fb306066bee9841461b
results/paper2_push_off_grid_12case/candidates/flat_L1280_r1/proposed_selector.csv,1027751,e9df5b52bf0bf6d7d0d47ef99519254dcf658a6b273c7ed7915fef03d32d2f7b
results/paper2_push_off_grid_12case/candidates/flat_L1280_r2/continuous_torque_ppo.csv,1029844,a9d8cada4f1aa2213ddaa5b2bdaeeceb6c389acd395836e49aee9e66caa93718
results/paper2_push_off_grid_12case/candidates/flat_L1280_r2/discrete_active_ppo.csv,1050198,6fd170d368d529620259c0a6ffc7f3d60a3cca23c41f273d0bccfd8578933ad9
results/paper2_push_off_grid_12case/candidates/flat_L1280_r2/proposed_selector.csv,1029319,87bc822307434d2e1c86f55f692a220c77e949e5847904db2b3aedf3178ab672
results/paper2_push_off_grid_12case/candidates/flat_L1280_r3/continuous_torque_ppo.csv,1034576,30032306dd678209f41883968ab56a0cd5da979288aaa75b811d8e84ba0d1af6
results/paper2_push_off_grid_12case/candidates/flat_L1280_r3/discrete_active_ppo.csv,1055521,7e41d9f800c635b3e488a3973f14b447375c924987c641285973f63c87bf1d98
results/paper2_push_off_grid_12case/candidates/flat_L1280_r3/proposed_selector.csv,1028241,a54bcd7a701d267da57dcf086182cde2bb53e4dfcc0c14fa36d41c596d21b673
results/paper2_push_off_grid_12case/candidates/raised_L1145_r1/continuous_torque_ppo.csv,1039465,aa090af04eff1027d4b09bf499ce20fc02b86fa61b0061aa207265db7dcf8f97
results/paper2_push_off_grid_12case/candidates/raised_L1145_r1/discrete_active_ppo.csv,1041712,79a687ce208136d8706af7b15c765d9e29fd6a4e9ee0d43fe722833b320404fc
results/paper2_push_off_grid_12case/candidates/raised_L1145_r1/proposed_selector.csv,1027832,fcf9b9d67e2f5d6ae412de0d0b3f4a34c24c2ee00c54b2b8520b6e2b63a9884f
results/paper2_push_off_grid_12case/candidates/raised_L1145_r2/continuous_torque_ppo.csv,1039305,12c8002d1551bc7635d018fd470d48ae5559b7bf03271c5df6c122c2eedf0db9
results/paper2_push_off_grid_12case/candidates/raised_L1145_r2/discrete_active_ppo.csv,1041828,83eb6bf67b470b7ef6ec7428c825f8cce335c745b90190ffdd0db0361a30d16d
results/paper2_push_off_grid_12case/candidates/raised_L1145_r2/proposed_selector.csv,1029119,ea30c62082f6e0a6a2eb9c81147037bf3291275d38e44240711fcb6a5e9eab11
results/paper2_push_off_grid_12case/candidates/raised_L1145_r3/continuous_torque_ppo.csv,1041846,0281f1e75844911ed6d52bb7d3d0eb663347430e03ba359a8109e6422f0895d4
results/paper2_push_off_grid_12case/candidates/raised_L1145_r3/discrete_active_ppo.csv,1038900,90490e2f511862912b5c83715c12e71001202714c56f4a3b55b4d4cbe87436c9
results/paper2_push_off_grid_12case/candidates/raised_L1145_r3/proposed_selector.csv,1027785,a3b310267b7b6b3e74d6df8e84b2809ac181a6408e2c97ec425781b6e8f099ba
results/paper2_push_off_grid_12case/candidates/raised_L1280_r1/continuous_torque_ppo.csv,1037857,309af45045883d3587a9efa8177f40e3bb41ec7e6a3cc347a461004a91f31b5c
results/paper2_push_off_grid_12case/candidates/raised_L1280_r1/discrete_active_ppo.csv,1042165,01ea11a4e0f7f1005ac90c8776741ed46ec0f82e073ca8567e534a97f2f0628f
results/paper2_push_off_grid_12case/candidates/raised_L1280_r1/proposed_selector.csv,1027246,35e87c06566f78d7e625e71ea0a387ad1c84bf2cb4aa62ca310458e64e424396
results/paper2_push_off_grid_12case/candidates/raised_L1280_r2/continuous_torque_ppo.csv,1037509,e00fa3cdba13176d49b404230dda127f6020c3a472388b9cdeb791a373efdb2c
results/paper2_push_off_grid_12case/candidates/raised_L1280_r2/discrete_active_ppo.csv,1039458,1928a2fe4c8f1d85f2f78da13dc83927c2128cedfd803877e109e376c850bec8
results/paper2_push_off_grid_12case/candidates/raised_L1280_r2/proposed_selector.csv,1028856,12399c08602b3b50591c308ac616ed34e5d9b609fb03c7d289ca9bd38817918c
results/paper2_push_off_grid_12case/candidates/raised_L1280_r3/continuous_torque_ppo.csv,1041711,cf1a95a97bbcd07b43ba2ebc1c32cf97563999c2d6b42b2bff8ff73eb060a63e
results/paper2_push_off_grid_12case/candidates/raised_L1280_r3/discrete_active_ppo.csv,1041326,2334f6760053fe2857d14405958e680458fbbefe02296f7f3ac774b9f562978b
results/paper2_push_off_grid_12case/candidates/raised_L1280_r3/proposed_selector.csv,1028533,e17b0930bced8dc76964e7b429593c20d2da6c1902add27aa896088f8e7dc559
results/paper2_push_off_grid_12case/case_pairwise_cmt_summary.csv,1452,814210a2584dd468ad9d8e996304822e3b3acbf350b4a16c09b8eea01d0373d6
results/paper2_push_off_grid_12case/CHECKSUMS.sha256,4823,35546424e48cc0c9d0bfd6f889b53b6e655de89756f56c5cc61957115f189f30
results/paper2_push_off_grid_12case/controller_summary.csv,567,8deef6f5f87675b801aad4aa77037715e6dd11bcaaecc98ac80b7c12f960ff1a
results/paper2_push_off_grid_12case/provenance.json,18284,154e1faf1b30a319c525c1e5010974f0e85d0853011f1716d36428c4c32c6a1e
results/paper2_push_off_grid_12case/README.md,1663,d9bcea19382c65aeb76945e15f3245ed8ce3bd88eef0f87b76a465b09f414dd9
results/paper2_push_off_grid_12case/selected_minima.csv,3969,4e0351f084fc73b7dead6ddc719e96a97b0e13fd2d5dac45f6834a07396c3895
results/paper2_push_off_grid_12case/validation_summary.json,1541,69a54f2596fe519169696ead2fbf8a5073701572f31d92c9da7b0eb62e469b5a
results/paper2_source_aligned_r1_rerun_20260721/CHECKSUMS.sha256,744,32d07e6a827aa16d3c18e81ae5fc72b8f257a75391b40fb7d50064d6e3990e69
results/paper2_source_aligned_r1_rerun_20260721/raised_L1145_r1_continuous_source_aligned_recovery_1p00.stdout.txt,2001,bb23bd72b2d637ed1cf9cb8522466463fab1a6b50edde4625211e35848d02e1d
results/paper2_source_aligned_r1_rerun_20260721/raised_L1145_r1_discrete.stdout.txt,884,c620b4798e7fd28ee66ffe3b946b27107346b081a2831d62253df7292c7aa760
results/paper2_source_aligned_r1_rerun_20260721/raised_L1145_r1_lipm_source_aligned_recovery_0p95.stdout.txt,2025,0ae0fccc058ca54030c51cec1abca7da4ca5a3f224700a2d6803cede8124b512
results/paper2_source_aligned_r1_rerun_20260721/rerun_manifest.json,2865,8f7915a06129a1525e3b518b51225eaf6c2569d8cc60996b2a8e1e801435dcfc
results/paper2_source_aligned_r1_rerun_20260721/rerun_records.csv,1171,4d7bc247de67d8a200d50d19f5d782da04b8a3ec4b80af80b18b0e6a75077703
results/paper2_source_aligned_r1_rerun_20260721/source_snapshot/Multi_continuous.py,15555,1f1db06227a0d1b4db268b9c479088df4bd0fdbdb483ace5deb3f83dfa6f9520
results/paper2_source_aligned_r1_rerun_20260721/source_snapshot/Qi_multi_ac_discrete_sim.py,14261,de48eec87acbc56c655c05a99c5b7bc805eae5d4ad533a94a20fe5415790a8d0
results/table1/table_i.csv,671,bd67f6e635e70c1d0c0353ddb82e752bb8be9f39f21c6cfe844d577b35d8b5f6
results/table1/table_i_source_aligned_summary.json,585,850d38de64c5d298cfd7d28e6d6695c3e8b086e39d36569194adb6ad1beb5da4
results/table_xii_training_log_diagnostics.csv,1252,94d4aee067baa8b2bfa526dfda6022f7a1e87be098f5dcc4f350fc30bcb1ad09
results/tvlqr_seed0/flat_1.145_r1.stderr.txt,108,b15fc639f55b93c97cb2419e9c97956c98e5a3b35f6ac8e1ae4234895594b0b0
results/tvlqr_seed0/flat_1.145_r1.stdout.txt,2487,5de23e0d526a00416b8ad82ad24ad0b76a7a6a158e590047f28d0442c2d4066a
results/tvlqr_seed0/flat_1.145_r2.stderr.txt,108,b15fc639f55b93c97cb2419e9c97956c98e5a3b35f6ac8e1ae4234895594b0b0
results/tvlqr_seed0/flat_1.145_r2.stdout.txt,2486,e3abf35ef3083a80b60a57a852a3393d133f962fb29c6cb67c7c6d2ce3f1c331
results/tvlqr_seed0/flat_1.145_r3.stderr.txt,108,b15fc639f55b93c97cb2419e9c97956c98e5a3b35f6ac8e1ae4234895594b0b0
results/tvlqr_seed0/flat_1.145_r3.stdout.txt,2487,002e41c2750f73b0f855e612582c5cede95e70cee5d48f7a12e0a4f2d166b39c
results/tvlqr_seed0/flat_1.28_r1.stderr.txt,108,6f7966bedccdb24a1f606589eeb423d8fb9f3bd1301bb72777d148262ecae54b
results/tvlqr_seed0/flat_1.28_r1.stdout.txt,2487,2dc7e02a8c35e0d926d24f6c594b269b539008dd2c83dc9807c975201dbce6d7
results/tvlqr_seed0/flat_1.28_r2.stderr.txt,108,6f7966bedccdb24a1f606589eeb423d8fb9f3bd1301bb72777d148262ecae54b
results/tvlqr_seed0/flat_1.28_r2.stdout.txt,2486,03649b3da997f5c6c176aedd4984d5889f90edf3883e04778572e1c677fc3760
results/tvlqr_seed0/flat_1.28_r3.stderr.txt,108,6f7966bedccdb24a1f606589eeb423d8fb9f3bd1301bb72777d148262ecae54b
results/tvlqr_seed0/flat_1.28_r3.stdout.txt,2487,3a270075911aee3322db92393f069a765a6805f40467626b79fb7b634791975d
results/tvlqr_seed0/raised_1.145_r1.stderr.txt,108,13ba4c9bb0a5077be3614e1ff328199519f94c8da1f24e169fcc43707ed2d5ab
results/tvlqr_seed0/raised_1.145_r1.stdout.txt,2486,37bac6c2317793e0718f5d0fb6a69fde00c78c19febeb0d1db52db68882cb7b3
results/tvlqr_seed0/raised_1.145_r2.stderr.txt,108,6f7966bedccdb24a1f606589eeb423d8fb9f3bd1301bb72777d148262ecae54b
results/tvlqr_seed0/raised_1.145_r2.stdout.txt,2487,fcb2fe4c07191a1923575ee3fb42fe31e2dc76ac516afa2c499ce00f91f04474
results/tvlqr_seed0/raised_1.145_r3.stderr.txt,108,6f7966bedccdb24a1f606589eeb423d8fb9f3bd1301bb72777d148262ecae54b
results/tvlqr_seed0/raised_1.145_r3.stdout.txt,2487,7e7f4e2a8c7cf0515d1d4ce6f9426d09fa6992d1b9f5baaaa6ab4eeec9074d7c
results/tvlqr_seed0/raised_1.28_r1.stderr.txt,108,6f7966bedccdb24a1f606589eeb423d8fb9f3bd1301bb72777d148262ecae54b
results/tvlqr_seed0/raised_1.28_r1.stdout.txt,2487,7eef208393c008191ffc75b62efe2ff85fefaacc27a4cc73a0c40163d5eaca2a
results/tvlqr_seed0/raised_1.28_r2.stderr.txt,108,6f7966bedccdb24a1f606589eeb423d8fb9f3bd1301bb72777d148262ecae54b
results/tvlqr_seed0/raised_1.28_r2.stdout.txt,2487,0acaa2b9aaec343d553cf38400c3bcaff80815b306a3c3b60f1a9bbe771a165e
results/tvlqr_seed0/raised_1.28_r3.stderr.txt,108,6f7966bedccdb24a1f606589eeb423d8fb9f3bd1301bb72777d148262ecae54b
results/tvlqr_seed0/raised_1.28_r3.stdout.txt,2486,ee3c64cc39f1a7e7ade52d6e585313be383afbc9f94e84aa63e1533c0c328bee
results/tvlqr_seed0/tvlqr_cases.csv,2630,4325f41e9ad68e2131fb24debae9efe9abaddb0e470a529a804cfafc2c40c610
results/tvlqr_seed0/tvlqr_group_summary.csv,313,d7a9c8850b733d8883c1846cf0aefd5dcc0817272fba8f03dd66450ebe3739c8
results/tvlqr_seed0/tvlqr_run_manifest.json,576,f264323aed361d5e71a86d685136c533802fdc7090d279e91ff5af13debe5590
results/two_link_active_fallback_fixed12/fixed_proposed_push_off_results.csv,2277,1d01b2417017cb43cb837ba533fcdbfa62623585f321f1b24dad3028cd719ae2
results/two_link_active_fallback_fixed12/README.md,634,9efd2ce5660bb5a23203a37d168fb17eb065d5bd8c6c8e2a5f39f60d195f6ee3
results/two_link_active_fallback_fixed12/summary.json,684,84018daf9a9e79ba03895adc15556ddfa59afb2a9fe3cf14c2d490bc356a92f1
results/two_link_primary_12_cases.csv,4798,e82b89f98f9df537da4b7e83def9529dc1a92cda0c90c7f1a6c1cc3a434f31f9
src/four_link/evaluation/paper_four_link_reachability_cmt_v22_3_grid_true_action_mask.py,161451,c13c0c45b092fc43aa75fc091e870a14e4d8b6730cda5b2b8659c21a2d2bb186
src/four_link/evaluation/paper_four_link_three_expert_selector_evaluation.py,162623,6f4d5717ade86c4906d7ea472c3a46c146d8041d1febd5028551ee4e57c0396c
src/four_link/evaluation/run_active_default_confidence_confirmation.py,8825,22c38de8ea576fdc4b9daf3f84b3499e83a8add7cb2f619c6851db232b069d9f
src/four_link/selector/paper_four_link_passive_sign_selector_v22_3_grid.py,18753,9695003f04c0ba3e4d056c86289f9a0998a283269823be01c1fe560630136bf5
src/four_link/selector/train_four_link_three_expert_selector.py,20705,f6a249da5b53dea059c9880bc7feb4b1c30248e503899f3c9b605e0d5e347457
src/four_link/training/v22_3_v9_active_full_400_grid.py,113395,a765120525d060a26ee806d5e715a3ec2586483c528dc7f5ca98f1237dc60250
src/four_link/training/v22_3_v9_bi_400_grid.py,115656,1c70d68ac6cd863f88422b158270f1eeec62c2b298cbacb2e297a8086b7e24a1
src/four_link/training/v22_3_v9_per_step_sign_400_grid.py,115873,70a1b48899903e5bb76d9747be56c2c3cf0187ba65dd10dbd149c4eb887cd0a9
src/four_link/training/v22_3_v9_true_action_mask_400_grid_common.py,21663,b7a0e7258cec5a416177dd85da8b1a12b04d567c6e0039ee60cb76a938efda99
src/four_link/training/v22_3_v9_true_action_mask_scratch_400_grid.py,183,12077c92d6fb60242a21750bc085f2bcd76b5d77cd90881e3399bf9d9b3fc626
src/four_link/training/v22_3_v9_uni_neg_400_grid.py,115636,78cf7cc520c6ba6f4d017536662342ca91addb258dea1170a254b123fd0f150c
src/four_link/training/v22_3_v9_uni_pos_400_grid.py,115636,4cf18705ab9be4aeb2e5c02f704665ac54252d58c2f47c347bd5dd130be85607
src/paper2/artifact_paths.py,1875,7e28d5285d3eaeb97bfcb285d487315f3ca66e36ab388045ebd03c8e86f33010
src/paper2/entrypoints/flat_1.145_r1/LIPM.py,21263,0648ec6027d9b7532fe7a38f60edddcfbbb7cfdb754ebf155502ef56bebcab76
src/paper2/entrypoints/flat_1.145_r1/LQR.py,23027,7a5a915d563514754ed2696005581c4ecd71b774b2714bdf578848226b766dd7
src/paper2/entrypoints/flat_1.145_r1/Multi_continuous.py,16680,1dd0c94eb1bf6adf12447c2e6c98a5d935351440af3678cd61deb542230c01eb
src/paper2/entrypoints/flat_1.145_r1/Qi_multi_ac_discrete_sim.py,16648,c3d6431e5b9661b4bc3d862a48c647bd2c3869af542f2a6d656f20e04f19f265
src/paper2/entrypoints/flat_1.145_r1/Qi_multi_passive_sim.py,17697,7cf8fc9f44ad7599d03fb4ca41a6e192c4ed4a21167e3651e705f1525647c719
src/paper2/entrypoints/flat_1.145_r2/LIPM.py,21263,009e22508239656dcfaf60ad163f211b9ba8ba567218609a109ac22e412758b6
src/paper2/entrypoints/flat_1.145_r2/LQR.py,23027,35d5ea3f51ebbeb86bc0879abf752397674c0171b9b18357a052acc3b300973a
src/paper2/entrypoints/flat_1.145_r2/Multi_continuous.py,16681,a9b68989a705a2a64a4f052ee1640a8db18fc3362093aa4d567701874a1c295b
src/paper2/entrypoints/flat_1.145_r2/Qi_multi_ac_discrete_sim.py,16635,e5aa8c6bc94327ea1e2b0ce357371b3fa45dd644e81cd42ff48c5b5ded40f3f9
src/paper2/entrypoints/flat_1.145_r2/Qi_multi_passive_sim.py,18080,6bc768e9fdd7dad640eba80dba3f9ad0f14c9fdb4053c5af8825fe41da119a6c
src/paper2/entrypoints/flat_1.145_r3/LIPM.py,21263,90326e9286b1ff79bc51c2d07ca5ae0333d31cfb0123b01b3846f3e438042504
src/paper2/entrypoints/flat_1.145_r3/LQR.py,23027,d164b4fc90d928a1f76a0a36d48b32e162c53bf8dce041d2a45c9c28fa168051
src/paper2/entrypoints/flat_1.145_r3/Multi_continuous.py,16680,413130eed14cf1a76718ef2af074289a3c2e16950e5344844ad52ad0e67349c8
src/paper2/entrypoints/flat_1.145_r3/Qi_multi_ac_discrete_sim.py,16635,eaf51b1945a1139ed2e360dbec59c3e67397203ee021c6deb3712f5a82d4bcf4
src/paper2/entrypoints/flat_1.145_r3/Qi_multi_passive_sim.py,18080,a718bb9b24227ae1e80726016e0331756b65760c29fc51fb750f8db0fc828653
src/paper2/entrypoints/flat_1.28_r1/LIPM.py,21301,961f57c1084a37245606e672873e6d651d9ee40bdc5dd2e82a2b73cafdb38fb2
src/paper2/entrypoints/flat_1.28_r1/LQR.py,23106,7433685a283ff834151898b507a1cb1f9cc6f45645597da5a5d5340508a4fcf5
src/paper2/entrypoints/flat_1.28_r1/Multi_continuous.py,16693,8a3eb448241b7140ad8c6aa8e16dc2742ca6ff1eba1bf8bc3837e0dcea0a19cd
src/paper2/entrypoints/flat_1.28_r1/Qi_multi_ac_discrete_sim.py,16672,fbf72ce6e1e9054e12cf6686e8b2c84ec06e8ac7f5cb034d0d7f80557a2ec1bd
src/paper2/entrypoints/flat_1.28_r1/Qi_multi_passive_sim.py,18079,87d68b55f12999a830ec35f10eef39f69504dbad4b58072a3ca6576071cde384
src/paper2/entrypoints/flat_1.28_r2/LIPM.py,21303,bba0d0995bda73b32eee8e1055222c6413c97652bbde8e6b3c1725847b599365
src/paper2/entrypoints/flat_1.28_r2/LQR.py,23108,3d2b1bf3647d018b68e2124af03b7f797aca29ee917edbd9dd1d5050dfdf5f23
src/paper2/entrypoints/flat_1.28_r2/Multi_continuous.py,16682,ca08109f34ab23c02a2b3812bd242f662e3dbbdf8e8e51200a603f51d5beda1b
src/paper2/entrypoints/flat_1.28_r2/Qi_multi_ac_discrete_sim.py,16675,b254272fa05a5c3972b76638d1b6d40f28f060a468549d7e4badb0cc1f0d7a16
src/paper2/entrypoints/flat_1.28_r2/Qi_multi_passive_sim.py,18078,618f0dd1c6c1aee247df9a5f162235b4a5577b27a9068c889331106b51556c75
src/paper2/entrypoints/flat_1.28_r3/LIPM.py,21301,18569c514abcf912764c36e78c8054abda043244c3572440674c5601b1596e31
src/paper2/entrypoints/flat_1.28_r3/LQR.py,23106,117c2658f204b5f2d1b06f5ca08196c507c58b70bfbab611ae490d728af05e8d
src/paper2/entrypoints/flat_1.28_r3/Multi_continuous.py,16679,8458cf2f66b446ee7beaab33b57bd92e8f4c891b5a5b566ba127b429e7537812
src/paper2/entrypoints/flat_1.28_r3/Qi_multi_ac_discrete_sim.py,16672,5d9d11de830578d9cc2eea0bfb417a1a0e4d6d517e09c987f8c8f8eddea8c28b
src/paper2/entrypoints/flat_1.28_r3/Qi_multi_passive_sim.py,18077,20669b266599554f2c7162e0419e241f915a30ec65ccab63f66f20351244e420
src/paper2/entrypoints/raised_1.145_r1/LIPM.py,20660,0a7971448038a99c9f54ffa2ce177dca67c2ae6a966f8a74214e31347cb16a30
src/paper2/entrypoints/raised_1.145_r1/LQR.py,23192,33b99c9d13ec8742f9452dd2eef014b86fad47651634e19fde24011239003a91
src/paper2/entrypoints/raised_1.145_r1/Multi_continuous.py,17625,584847fec7535376dcc7b7d2dcef348e369f73556144a4a7c2802a163deed9df
src/paper2/entrypoints/raised_1.145_r1/Qi_multi_ac_discrete_sim.py,16681,761701a301a545409be7b463211e7c9df9d1dc77b3d2deb5b3e14352f6d99003
src/paper2/entrypoints/raised_1.145_r1/Qi_multi_passive_sim.py,18208,202e42b83e54d6581065500df52ac9263f0e80f158582c3139b6c3f31866833c
src/paper2/entrypoints/raised_1.145_r2/LIPM.py,21206,1608003eb88c338274552b07021627a28954ec78d0cdfcbfd32ecb58542f4711
src/paper2/entrypoints/raised_1.145_r2/LQR.py,23115,798c5b8e81f91c4e3308ca6174e275539a3170a453c42518ec2a3b4d0b202902
src/paper2/entrypoints/raised_1.145_r2/Multi_continuous.py,18065,0cbb5ae0a8bf22b5efe2c3b26abb3d0b371a368f9e4d41d99215f1d1ce742529
src/paper2/entrypoints/raised_1.145_r2/Qi_multi_ac_discrete_sim.py,16710,8e348d2b630a9a273fb1e1b4dbc21cb1a37b3e36e31851aff328cc7fb429a6b2
src/paper2/entrypoints/raised_1.145_r2/Qi_multi_passive_sim.py,18208,c1d3eed6b48d7551534b4d88fef3e2b46b69c755ddcdf97110788aa977bdbed7
src/paper2/entrypoints/raised_1.145_r3/LIPM.py,21207,b5514372e4468ebf64377f9a02fbf3d692c041e0077fab189f334066406220c9
src/paper2/entrypoints/raised_1.145_r3/LQR.py,23115,05af3935a63f8b38cd86c2162075219ed92af37b32aab07d510afeba5fecc06b
src/paper2/entrypoints/raised_1.145_r3/Multi_continuous.py,18050,0380d47e69c86bf0c8ebc9f2549fbf47cdb4a4aa333a2957a67e8dde75640d9a
src/paper2/entrypoints/raised_1.145_r3/Qi_multi_ac_discrete_sim.py,16682,4527be9c1b058b46f12a14fccf6f394ef8923c5f6611ded829b9ffbbfdcb4c82
src/paper2/entrypoints/raised_1.145_r3/Qi_multi_passive_sim.py,18208,b51b42ea53ceaadf12ce3b57423a908b7136dca9fa77eada2c16dfa3cf93d333
src/paper2/entrypoints/raised_1.28_r1/LIPM.py,21203,1dacd87920db79822a10ed87978874581c86904749add73a3313bbe8412ec62c
src/paper2/entrypoints/raised_1.28_r1/LQR.py,23112,3b1183062b6c913c3677a2aedc9f47b9cc2abbde0861baf984a58b92df6272a2
src/paper2/entrypoints/raised_1.28_r1/Multi_continuous.py,18428,0f1f8adfb52600a861f9aae57b74040532d16a601228974fec757807b33cdb09
src/paper2/entrypoints/raised_1.28_r1/Qi_multi_ac_discrete_sim.py,16680,89b8af626de29428904eaea99569c92d3d60144d57777914902c1ad492366a87
src/paper2/entrypoints/raised_1.28_r1/Qi_multi_passive_sim.py,18208,3683d70302e18a775b1ed61571711de4a3187c7957ddcffa91f137ebb5734004
src/paper2/entrypoints/raised_1.28_r2/LIPM.py,21206,a07eaf5ae9fbcc56bae806e191052a0a248dee26809f6c8855c749b0b627011f
src/paper2/entrypoints/raised_1.28_r2/LQR.py,23115,360085949a99b1103a86f3a9c8e37b1257ef4c3b26f2cc9bd28d6792354dc25d
src/paper2/entrypoints/raised_1.28_r2/Multi_continuous.py,18416,ed9ea725d4548c62414cd0f6256af6414997ad9c51970fef20cba0245ecd1355
src/paper2/entrypoints/raised_1.28_r2/Qi_multi_ac_discrete_sim.py,16694,34621a9875300d6c4121a0fac049b0906cf77a94adc7eb2488742c39c9949866
src/paper2/entrypoints/raised_1.28_r2/Qi_multi_passive_sim.py,18207,0d681e07f4dd54586a5fe232770b986c4b85baab3fa127cc4486e59dc08dd71a
src/paper2/entrypoints/raised_1.28_r3/LIPM.py,21205,1e9c35ced9a8f94bcf6ab0db30e65bd8469b1ebdd84c7c474618c384d966668b
src/paper2/entrypoints/raised_1.28_r3/LQR.py,23113,c88cd172f8a6bdb17b743abf86c545e6868363825a34a0f2a13ac04504a7eb5b
src/paper2/entrypoints/raised_1.28_r3/Multi_continuous.py,18413,871b649e37cf425ef78cc7506c2ba4f35d8cbfb3c41a6fb3d9a9040b4bb1054b
src/paper2/entrypoints/raised_1.28_r3/Qi_multi_ac_discrete_sim.py,16679,c7836fa6db4c37e10bef2854ebc67fd9fdeee5283213b8169aea78730a108236
src/paper2/entrypoints/raised_1.28_r3/Qi_multi_passive_sim.py,18206,32ded5dd2374acaee9a43c92c5132454b8a14bb49160c36470732d3b254cb833
src/paper2/entrypoints/README.md,1382,ff93033b12fc4055abb1aa179ea37c83992b256a467e6b1a4d96887e497f2877
src/paper2/mpc/extend_fine_edge.py,3235,b40b1507eceec23cd2c785608415f23003d2fee0bec0dde40c92768702785e17
src/paper2/mpc/mpc_ppo_aligned_common.py,36911,452791d164605f9a38e8f46beba4c407a9a6f409b9dc4b79d3935a7b62abbbfe
src/paper2/mpc/mpc_ppo_aligned_search_recovery_coarse_to_fine.py,7445,d778c44e345896c516ccd686a64f7cc9604cbceab7435fea4ac8f4351c0e5e32
src/paper2/mpc/run_unified_12case.py,31197,8f3579255e2ba228cf08474b65641c7b618ce210dbcfe7d37d47d11f060ceeb1
src/paper2/mpc/two_link_mpc_multistep_compare.py,27594,f8dc01bac479f549fe6e7aab6667771be8b6b3deab215ba5406d510093a07760
src/paper2/mpc/validate_release.py,6285,316d576a2dcd9fec75eeae14ba0bcef535284df9e5bf9279c44acfbb62727802
src/paper2/push_off_grid/README.md,1910,ff642bc7b9df09272e68afbb6f59d6ee1fd0d7d30524e50df21d46b059774b86
src/paper2/push_off_grid/validate_release.py,14105,b944ab6855cb3bc32193fe57a407e86a1e97bd1c9c29e385737eccf39e9e01bb
"src/two_link/action_weight/action_weight=0.02/60,30(0.33m)/Whole_energy_comparison_low_dim.py",30971,95a18504d0e842a379df33f3ad3dee9c98586d4183a74d3c84e50f5effb6873d
"src/two_link/action_weight/action_weight=0.02/60,30(0.33m),0.01m/Whole_energy_comparison_low_dim.py",31001,266dae09780f5615ef5d8904d51bfaa200efde2f487ad6f7a5d274c1a94d0e74
"src/two_link/action_weight/action_weight=0.02/70,20(0.225m)/Whole_energy_comparison_low_dim.py",30969,7eb47613b12144ebf996b6a3a00b5b5d1c8eb2934c2c98f85cdcfc83b1780d51
"src/two_link/action_weight/action_weight=0.02/70,20,(0.225m),0.01m/Whole_energy_comparison_low_dim.py",31001,301c9762f5124cef5a0b7683a821258575924f579d5de8853600ef3cae65696c
"src/two_link/action_weight/action_weight=0.04/60,30(0.33m)/Whole_energy_comparison_low_dim.py",30979,45a132e32579b87f7741a4b7453d2c05675fc789962f68d358bba4c148a881fd
"src/two_link/action_weight/action_weight=0.04/60,30(0.33m),0.01m/Whole_energy_comparison_low_dim.py",30998,e78c7c0a81b6662c3faa5f96007872c9842519a2938eb7c93afa9ed990425a9a
"src/two_link/action_weight/action_weight=0.04/70,20(0.225m)/Whole_energy_comparison_low_dim.py",30969,83ecd73d17c5d702b81924e7d52da84f073db5866f7d38340afffad54fe58779
"src/two_link/action_weight/action_weight=0.04/70,20,(0.225m),0.01m/Whole_energy_comparison_low_dim.py",30989,190c3681d41ab103df6bdb40a0dc9bcf240eb7dfda1191bffe7b711babdac5c4
"src/two_link/action_weight/action_weight=0.06/60,30(0.33m)/Whole_energy_comparison_low_dim.py",30969,ef1006dd01c60b5ce1113a80dfecb94253dea481a3b76b690f441255c1579df5
"src/two_link/action_weight/action_weight=0.06/60,30(0.33m),0.01m/Whole_energy_comparison_low_dim.py",30989,93496f7e777066cb6b04896fba134d67e07706f21f9be8592eb91de50893a77a
"src/two_link/action_weight/action_weight=0.06/70,20(0.225m)/Whole_energy_comparison_low_dim.py",30969,60c375a06847a7920ef7f5f9035750b7386f35b37f719e30f70f398e7b471cda
"src/two_link/action_weight/action_weight=0.06/70,20,(0.225m),0.01m/Whole_energy_comparison_low_dim.py",30989,1bb38e529bf47f49c51bd4c17ebb331c36640e35bf324958485258e1d579f32f
src/two_link/action_weight/cmt_metrics.py,3903,f5ba131ab76c887b17f278417ed223d2c9157d64df858d41a99e01e03b8b7520
src/two_link/action_weight/README.md,1768,137b6bff19dde499d127d10f234e5646655a2f203fde3957c3d07ca085025e23
src/two_link/action_weight/tests/test_cmt_metrics.py,8847,8126204e53157ad76813325a7a9ad0db64535c833633fcb6f4760e6ad5db34b9
src/two_link/offline_lookup/atc50_event_lookup.py,3897,da092856c989efefe0a72af1301362011e6db0f4f0ffa0f96296bc09554adf8c
src/two_link/offline_routing/transition_locked_router.py,2286,5829d7523837346f576135448df0c179cffcae44aa345fea068cef380a8abdf4
supplementary/S4/build_manifest.py,3214,d39ef268db6411d46e06eaa5ca6e2fdb8c412e9fb6fd4e0ed1e07db236cf12b0
supplementary/S4/CHECKSUMS.sha256,8715,56cbcc0e6c132e8c3d5a2e11569fdf2336b0038472a9036bdb52496f5b2f15c0
supplementary/S4/five_batch_phase_aware_confirmation/code/analyze_confirmation.py,43173,f9ef73de8963c8e8fafe22e822a62c3e26b0afc8562833ad0bdd570b50bde02d
supplementary/S4/five_batch_phase_aware_confirmation/code/build_manuscript_metrics.py,18587,75cfdbb44b731c385160079568e5a9bc098401ca4a47460bc2d9aa3b81f797c9
supplementary/S4/five_batch_phase_aware_confirmation/code/plot_figure10.py,12550,017d1ed9c1d7e6c263fab69f3fd7550946c854f93035c96a0b02637060406ae4
supplementary/S4/five_batch_phase_aware_confirmation/code/replay_hard_mask.py,5013,8be5c79902e8f6349bb61fd3f35af747f2db37a77a5629f68b1aaa79de781f7d
supplementary/S4/five_batch_phase_aware_confirmation/code/run_five_batches_parallel.py,5287,bc1012f1827b85b9701f412ba54b63e0d6826701be78109bbc499ab228a30673
supplementary/S4/five_batch_phase_aware_confirmation/code/run_route_bank_seed.py,8776,3ba048dbe8a14b693051d85bff07c874793bb57253c7134dc7e10cd4930f23a7
supplementary/S4/five_batch_phase_aware_confirmation/EXECUTION_AMENDMENT_01.json,1022,d9408e70aa20deb23a13402405e730688f958e424c20802b699ff296c7a13d31
supplementary/S4/five_batch_phase_aware_confirmation/EXECUTION_AMENDMENT_01_SHA256SUMS.txt,195,fd53299e9f4394d473f7d9dc07d867142c4f7a816b79e7b2af29fe866dbd32ee
supplementary/S4/five_batch_phase_aware_confirmation/FROZEN_SHA256SUMS.txt,302,e407de327b3f07ab7cf4cf30c94bc056e27ade00a2f316b6ce87ffdc79b907bb
supplementary/S4/five_batch_phase_aware_confirmation/manuscript_metrics/five_batch_manuscript_metrics.json,27684,69c803619b7d3be5d64d8b0394463ada1702b3bbe6871c07c61d3c3de87b92b2
supplementary/S4/five_batch_phase_aware_confirmation/manuscript_metrics/table_controller_summary.csv,1051,2718ba225f83f1976fac72830b92656345fc705fd3e052a8b8a9b692c5a56613
supplementary/S4/five_batch_phase_aware_confirmation/manuscript_metrics/table_five_batches.csv,1148,9287c50b5bf5dcac1d92e12c539ed549a632f3f5280cb0671d213bc85943ffc5
supplementary/S4/five_batch_phase_aware_confirmation/manuscript_metrics/table_grid_cells.csv,1267,00bc5d25e700ec8fceee6584c2ebc092949709bcf506613cc59022a9c3941a20
supplementary/S4/five_batch_phase_aware_confirmation/protocol.json,3660,3ee4fc567e0ae922fd9379ff0eb7cd3eb2bb5dd850cc26e199230ea45bda642f
supplementary/S4/five_batch_phase_aware_confirmation/README.md,3644,1269e949a772f4b5f1fdea5861f168f526b6c367795703ea3994e1e66883835b
supplementary/S4/five_batch_phase_aware_confirmation/results/controller_metrics_by_batch.csv,8391,01c76e5aecc92658e708d5388ab920fffc491aed6ab8752e218ec982c454b34c
supplementary/S4/five_batch_phase_aware_confirmation/results/controller_metrics_by_cell.csv,14404,f54dbf9a584e5117de3bd45591fa693907bf9cdad7b7b9de0382d17a389bc5ae
supplementary/S4/five_batch_phase_aware_confirmation/results/controller_metrics_by_cell_direction.csv,28632,1cb2df3481f9d57009e36f98a41252d9b6389a495bccd29d755963112bf6c84b
supplementary/S4/five_batch_phase_aware_confirmation/results/controller_metrics_by_seed.csv,24002,a4bb337a80ce80e414d182628a6d28fb4cc3ce4330b13627c3e5a50f4a0f5145
supplementary/S4/five_batch_phase_aware_confirmation/results/controller_metrics_overall.csv,1921,f54a518567f4cdca4068d6485d4247054e2d3d24a2df2ca32f08222c1a689a29
supplementary/S4/five_batch_phase_aware_confirmation/results/final_confirmation_report.json,23621,a47446b53651a5cbc598cefcc28c5651243d16175748537b9f6c5973f3af592a
supplementary/S4/five_batch_phase_aware_confirmation/results/matched_trials_10800.csv.gz,565993,b32cea139fb80ea0c4067fd8198225843135d8edb8e4b9dc5ecbeed5978cce4b
supplementary/S4/five_batch_phase_aware_confirmation/results/paired_metrics_by_batch.csv,6626,91e9ffe352c7df86f4d4203a7d40fcc0886e870048a09f89f7ae49e88bcaa456
supplementary/S4/five_batch_phase_aware_confirmation/results/paired_metrics_by_cell.csv,11429,325e720843bbed13e00ca8180bdc9ee350f46246c92f5f563e6293aea130c081
supplementary/S4/five_batch_phase_aware_confirmation/results/paired_metrics_by_cell_direction.csv,22260,ef6e73c381bad734fe4206fb56feee95c5378b0ef220fef7bb04ac66fcba8400
supplementary/S4/five_batch_phase_aware_confirmation/results/paired_metrics_by_seed.csv,18690,08ce0efadfe7ebea2f89eeaa8e9a0b539fa81b30856a404bad6ec8c43ef29649
supplementary/S4/five_batch_phase_aware_confirmation/results/paired_metrics_overall.csv,1657,eba4e3861609f9791a2c13dd2b6943b1d67c597a5adb8cf5913d749c22105f61
supplementary/S4/five_batch_phase_aware_confirmation/results/raw_integrity_by_seed.csv,3035,b6d79331ca050e5b2247c89ffa118506e975076c5572a86009e17f4cea72b47d
supplementary/S4/five_batch_phase_aware_confirmation/results/README.md,839,29429257e7751c3b7e62a347cfc393e76e8610cd33073ac28a799cc7831342b8
supplementary/S4/five_batch_phase_aware_confirmation/results/RESULTS_SUMMARY.json,8491,22ec7bd7191f2fec87f4114d54558264a9668990ee3c082d67617e1554818c1b
supplementary/S4/five_batch_phase_aware_confirmation/results/SHA256SUMS.txt,1528,aeac2252139c7ee20f4038d4a9a7e10e2442ec36e4a9a7e2b8c181c5123c4492
supplementary/S4/five_batch_phase_aware_confirmation/results/terminal_reason_summary.csv,4527,b314d7a19e51b84b544c306dcab175ca12f666a5bfd01e551c26030cba11ce85
supplementary/S4/fourlink_additional_batches/code/analyze_validity.py,19808,13f0c066d797a5613402b58a734aff68d42c4557428c0242ea38694328a3be8d
supplementary/S4/fourlink_additional_batches/code/paired_discordance.py,2639,4d33ed58fbfda984f956115771ec04183d6321e87ee4b89f401b32c0f2d0b371
supplementary/S4/fourlink_additional_batches/code/run_batches.py,6448,b12ca968270ad6362f30ee16aea09d902e22c1cd4983a8bf9d9818b97e67b327
supplementary/S4/fourlink_additional_batches/config/batches.json,2230,61b9f9987472b16cf91fc2a8b3f0fd6d7a77bc1c00f61677b013fe7fd6616db5
supplementary/S4/fourlink_additional_batches/README.md,2334,eb124e7a74a02f58d46ec5402832b7b57fc3fbe76455d8176babd63bff9e547a
supplementary/S4/fourlink_additional_batches/results/batch_and_pooled_summary.csv,6672,5fe51edd04b20853b7541ee10caf92f7b8217b17a94101e13f4b9cf7c20c4f7c
supplementary/S4/fourlink_additional_batches/results/command_cell_summary.csv,10360,58a0e2208b32ce23f631dae3801bbce0548e5658d166d7549882069b15fd98ee
supplementary/S4/fourlink_additional_batches/results/matched_records.csv,6480534,84a8218e3ce4488a3a637079c8d5c8e6333ad8b42685fafd160c8bcc3d074a1f
supplementary/S4/fourlink_additional_batches/results/paired_discordance.csv,383,8a2048f73617048a347d8c86e6aabf3c84470b6fdcb927aa0c25489f310ae1b6
supplementary/S4/fourlink_additional_batches/results/paired_discordance.json,951,b33f9a7643f7a190117ba7f047853c6896ddcc92bc3a5d1b12e5c2821f51b328
supplementary/S4/fourlink_additional_batches/results/pooling_check.csv,296,5e943d291cc64638a376350b1b36d2a574fe26e82a3033fa099499d89bf81716
supplementary/S4/fourlink_additional_batches/results/seed_stream_heterogeneity.csv,526,aa87f514b4099a17b1f9d6ffd06179de9e96dfad01046bd6b0df4247e67c4930
supplementary/S4/fourlink_additional_batches/results/seed_stream_summary.csv,10027,710ad3c2abf90f72126d8cc2c8b9f17d7bcf88328784b41b110a2eb91d17a66e
supplementary/S4/fourlink_additional_batches/results/validation.json,976,94f81477dea078b24284b85793cb4d49945d0feaba5a6e9023337f6279fdecac
supplementary/S4/hold_vs_requery/analyze_results.py,9075,a36c3afa69a9a189bc931af4bb351d8cdef321939c346107219fab66f65f1cf6
supplementary/S4/hold_vs_requery/experiment_config.json,1873,e36c36e88a810e5b8b8b5e1dc5e225a98179def1aa8f4c61266007d38a31ec53
supplementary/S4/hold_vs_requery/README.md,1904,31581e25d12ceb5edb1f3f2532a7bf132950b30ed266051600c5f22d4876f6a8
supplementary/S4/hold_vs_requery/results/hold_validation.json,1343,1d550e39d6b424146e4ccc71d1227fe5f405403ff50561386bc10a72cee03c60
supplementary/S4/hold_vs_requery/results/hold_vs_requery_trials.csv,517542,fbbfb23e21029fc11e98f4268d7677be1d7e6c0853508b92670aa2559771f776
supplementary/S4/hold_vs_requery/results/paired_inference.csv,7426,f58537363b2596f34e2a6ae289911a4fb6f9821723806894b9e430ae427b6dcf
supplementary/S4/hold_vs_requery/results/paired_inference.json,7212,4b5b64a4d5efb21202107752d8121e71463cecba22991af79b97f415408b3d3d
supplementary/S4/hold_vs_requery/results/QA_REPORT.json,599,10c79247c6f0bb61ad88d5f890bc64ccb0b443736c6706687e6a0dc979bd7bc3
supplementary/S4/hold_vs_requery/results/sign_sequences.csv,303612,366626becad59c7146ee6471b0ef3ea79b1f328a4b8e7e50631eb90f251a7138
supplementary/S4/hold_vs_requery/results/summary.csv,2790,8b7a9567e40e15199f3d0484cb556e685761248fbecf597a977e1e5170d46047
supplementary/S4/hold_vs_requery/results/summary.json,3086,0cbfe8c161bcca7b6406098f2a38a62e9b1a196f53aa2af4969aa4e67def1081
supplementary/S4/hold_vs_requery/results/switch_count_distribution.csv,117,842803ed6359543c605f5049231614f20b2b677e55d4ab910afd4740b26caa75
supplementary/S4/hold_vs_requery/results/terminal_reason_transitions.csv,2206,7d28381699f3e01b3b142b18d3ae3373eeb53c286cba4be3c4acecb598d9c31d
supplementary/S4/hold_vs_requery/run_hold_vs_requery.py,35874,783ca78056e8a4404b6cb9d7ee88a66863d3651abb2d3557c741dae99d20d837
supplementary/S4/landing_metric/_generated/validation.json,888,598e196f1e840de1ed21aa4f22a4b882637e936d7e541706fba482bbe9c46e93
supplementary/S4/landing_metric/code/foot_geometry.py,1500,e51d8e95aa737d2c2f802f0fb02bbede1dd8cefe5c031c7c2215e7b7d8efce45
supplementary/S4/landing_metric/code/recompute_landing_metrics.py,6206,6a1249c6b356b07ae3fbb5f22cef6dde10f96a6f5d74cbbfc93a89b868b5c108
supplementary/S4/landing_metric/code/test_foot_geometry.py,1118,5e6ae6fa0846716be37885cda857d8d04bba7daaa7e38ffc8f88ca3dbe869e1d
supplementary/S4/landing_metric/inputs/terminal_state_records.csv,38352,625541c7cbba3962408decaa7bc40c3cdfa90fc432dc8a1b35c1ddfab3a41d2e
supplementary/S4/landing_metric/README.md,1256,0941d9f8e80cf66146ae9418a28b3f1b2404908d34a00900881962bec4cf0d58
supplementary/S4/landing_metric/results/case_metrics.csv,13009,90ca03cf64bd46b8bae805973ebc57bfdcf7994059cf5b160cfc0fc9037cd0c4
supplementary/S4/landing_metric/results/controller_summary.csv,966,968e44d650b34a44380b61996faca7135a246f6b237d1cfa75715db05b279e99
supplementary/S4/LICENSE,11357,c71d239df91726fc519c6eb72d318ec65820627232b2f796219e87dcf35d0ab4
supplementary/S4/MANIFEST.csv,9038,7c3e922b08410d8a5a0f306afea1185a8b6e3f34d850de7378d3457353508478
supplementary/S4/README.md,1534,3d232655bd6158706b331f63a01c0957de31bc74003a4e8ee0db77ab5f4b4ccb
tests/test_displacement_sensitivity.py,1798,f7d40092a0921d8c8b2ad6ffc3b613d7f6aa20edf6d233b3b2b0a8aeec81555a
tests/test_five_batch_phase_aware_release.py,4966,aa8b717475cb5d1b0d67a6a23c997643a0b15ef604b5bfcb5f9c51b534d7f520
tests/test_paper2_mpc_unified.py,9745,7efe251083673caac1e7de732bb19cc8d98f3c5373ef70ca9a2a5b00a763d118
tests/test_paper2_push_off_grid.py,1682,634c04941088dd6b4d4515519ac16db871e6230d742c9d5b77673bf765e0abeb
tests/test_reference_artifacts.py,6352,dbec133df0c35b3060761b98b5727641b7dbb7ba25a2dbee060ae1f14c78db27
tests/test_release_cleanliness.py,7835,afd2038bd78979b1f03e10903c8acfe915f43468c657be4a4a672c3b7bb020cd
tests/test_s4_release.py,7648,5650c50798e96e76dfb0559607252797f7c3705db6c745b039c0267db9ebbfe6
tests/test_selected_evidence_release.py,4995,9f4a71405b8edce60aa9d23e85b6898b6e4f3771d7daccde3b45b7322554614d
tests/test_selector_label_protocol.py,2001,6617f2a3330f852395c5e85e2d376a7965f58b2557a61a498e986c8ffabe033c
tests/test_true_action_mask_release.py,9173,61a4f792804ee712687d688c2b7ee3549ca576732f9145ace6340040169191dc
tests/test_two_link_routing_lookup.py,2840,68b2a492837e48a4f1795be6a423161dac2e836d3370a3943242abd78296e980
tools/audit_paper2_readonly.py,14227,074c1c5f01e5a8fa6ad36fe57a1a7164d54b7e166680bdbd598d29a8f4aac5b8
tools/build_manifest.py,1455,85326c31ea2a394bd69bae836094d0d761a37f4dc646cbfa0ee59453c04bf794
tools/run_frozen_tvlqr.py,11859,397e7dbb7de2c597075208796ebbc13350df4d80419288a63828623e973a9d41
tools/verify_manifest.py,2774,fcb8b1442de844ffd90713ed2a5914cabac3dc4a7079f4eec5a0544ae220d432
