eval_label,controller,reason_group,reason,count,fraction_of_all,fraction_of_failures,fraction_of_successes,n_all,n_failures,n_successes
4DoF_V22_3_3x3_grid_4Nm_legacy_success_true_action_mask_scratch_c090,active,failure_exact_terminal_reason,clearance_ground+foot_ground_before_ready,958,0.44351851851851853,0.8084388185654009,0.0,2160,1185,975
4DoF_V22_3_3x3_grid_4Nm_legacy_success_true_action_mask_scratch_c090,active,failure_exact_terminal_reason,clearance_ground+foot_ground_bad_clearance,105,0.04861111111111111,0.08860759493670886,0.0,2160,1185,975
4DoF_V22_3_3x3_grid_4Nm_legacy_success_true_action_mask_scratch_c090,active,failure_exact_terminal_reason,clearance_ground+foot_ground_after_ready,39,0.018055555555555554,0.03291139240506329,0.0,2160,1185,975
4DoF_V22_3_3x3_grid_4Nm_legacy_success_true_action_mask_scratch_c090,active,failure_exact_terminal_reason,clearance,36,0.016666666666666666,0.030379746835443037,0.0,2160,1185,975
4DoF_V22_3_3x3_grid_4Nm_legacy_success_true_action_mask_scratch_c090,active,failure_exact_terminal_reason,clearance_ground+knee_ground,23,0.010648148148148148,0.019409282700421943,0.0,2160,1185,975
4DoF_V22_3_3x3_grid_4Nm_legacy_success_true_action_mask_scratch_c090,active,failure_exact_terminal_reason,q1_low_limit,18,0.008333333333333333,0.015189873417721518,0.0,2160,1185,975
4DoF_V22_3_3x3_grid_4Nm_legacy_success_true_action_mask_scratch_c090,active,failure_exact_terminal_reason,speed,6,0.002777777777777778,0.005063291139240506,0.0,2160,1185,975
4DoF_V22_3_3x3_grid_4Nm_legacy_success_true_action_mask_scratch_c090,active,failure_reason_token,clearance_ground,1125,0.5208333333333334,0.9493670886075949,0.0,2160,1185,975
4DoF_V22_3_3x3_grid_4Nm_legacy_success_true_action_mask_scratch_c090,active,failure_reason_token,foot_ground_before_ready,958,0.44351851851851853,0.8084388185654009,0.0,2160,1185,975
4DoF_V22_3_3x3_grid_4Nm_legacy_success_true_action_mask_scratch_c090,active,failure_reason_token,foot_ground_bad_clearance,105,0.04861111111111111,0.08860759493670886,0.0,2160,1185,975
4DoF_V22_3_3x3_grid_4Nm_legacy_success_true_action_mask_scratch_c090,active,failure_reason_token,foot_ground_after_ready,39,0.018055555555555554,0.03291139240506329,0.0,2160,1185,975
4DoF_V22_3_3x3_grid_4Nm_legacy_success_true_action_mask_scratch_c090,active,failure_reason_token,clearance,36,0.016666666666666666,0.030379746835443037,0.0,2160,1185,975
4DoF_V22_3_3x3_grid_4Nm_legacy_success_true_action_mask_scratch_c090,active,failure_reason_token,knee_ground,23,0.010648148148148148,0.019409282700421943,0.0,2160,1185,975
4DoF_V22_3_3x3_grid_4Nm_legacy_success_true_action_mask_scratch_c090,active,failure_reason_token,q1_low_limit,18,0.008333333333333333,0.015189873417721518,0.0,2160,1185,975
4DoF_V22_3_3x3_grid_4Nm_legacy_success_true_action_mask_scratch_c090,active,failure_reason_token,speed,6,0.002777777777777778,0.005063291139240506,0.0,2160,1185,975
4DoF_V22_3_3x3_grid_4Nm_legacy_success_true_action_mask_scratch_c090,active,success_terminal_reason,success,971,0.449537037037037,0.0,0.9958974358974358,2160,1185,975
4DoF_V22_3_3x3_grid_4Nm_legacy_success_true_action_mask_scratch_c090,active,success_terminal_reason,success+touchdown_event,4,0.001851851851851852,0.0,0.0041025641025641026,2160,1185,975
4DoF_V22_3_3x3_grid_4Nm_legacy_success_true_action_mask_scratch_c090,active_full,failure_exact_terminal_reason,clearance_ground+foot_ground_before_ready,966,0.44722222222222224,0.8214285714285714,0.0,2160,1176,984
4DoF_V22_3_3x3_grid_4Nm_legacy_success_true_action_mask_scratch_c090,active_full,failure_exact_terminal_reason,clearance_ground+foot_ground_bad_clearance,97,0.04490740740740741,0.0824829931972789,0.0,2160,1176,984
4DoF_V22_3_3x3_grid_4Nm_legacy_success_true_action_mask_scratch_c090,active_full,failure_exact_terminal_reason,clearance,35,0.016203703703703703,0.02976190476190476,0.0,2160,1176,984
4DoF_V22_3_3x3_grid_4Nm_legacy_success_true_action_mask_scratch_c090,active_full,failure_exact_terminal_reason,clearance_ground+foot_ground_after_ready,34,0.01574074074074074,0.02891156462585034,0.0,2160,1176,984
4DoF_V22_3_3x3_grid_4Nm_legacy_success_true_action_mask_scratch_c090,active_full,failure_exact_terminal_reason,clearance_ground+knee_ground,29,0.013425925925925926,0.02465986394557823,0.0,2160,1176,984
4DoF_V22_3_3x3_grid_4Nm_legacy_success_true_action_mask_scratch_c090,active_full,failure_exact_terminal_reason,q1_low_limit,9,0.004166666666666667,0.007653061224489796,0.0,2160,1176,984
4DoF_V22_3_3x3_grid_4Nm_legacy_success_true_action_mask_scratch_c090,active_full,failure_exact_terminal_reason,speed,6,0.002777777777777778,0.00510204081632653,0.0,2160,1176,984
4DoF_V22_3_3x3_grid_4Nm_legacy_success_true_action_mask_scratch_c090,active_full,failure_reason_token,clearance_ground,1126,0.5212962962962963,0.9574829931972789,0.0,2160,1176,984
4DoF_V22_3_3x3_grid_4Nm_legacy_success_true_action_mask_scratch_c090,active_full,failure_reason_token,foot_ground_before_ready,966,0.44722222222222224,0.8214285714285714,0.0,2160,1176,984
4DoF_V22_3_3x3_grid_4Nm_legacy_success_true_action_mask_scratch_c090,active_full,failure_reason_token,foot_ground_bad_clearance,97,0.04490740740740741,0.0824829931972789,0.0,2160,1176,984
4DoF_V22_3_3x3_grid_4Nm_legacy_success_true_action_mask_scratch_c090,active_full,failure_reason_token,clearance,35,0.016203703703703703,0.02976190476190476,0.0,2160,1176,984
4DoF_V22_3_3x3_grid_4Nm_legacy_success_true_action_mask_scratch_c090,active_full,failure_reason_token,foot_ground_after_ready,34,0.01574074074074074,0.02891156462585034,0.0,2160,1176,984
4DoF_V22_3_3x3_grid_4Nm_legacy_success_true_action_mask_scratch_c090,active_full,failure_reason_token,knee_ground,29,0.013425925925925926,0.02465986394557823,0.0,2160,1176,984
4DoF_V22_3_3x3_grid_4Nm_legacy_success_true_action_mask_scratch_c090,active_full,failure_reason_token,q1_low_limit,9,0.004166666666666667,0.007653061224489796,0.0,2160,1176,984
4DoF_V22_3_3x3_grid_4Nm_legacy_success_true_action_mask_scratch_c090,active_full,failure_reason_token,speed,6,0.002777777777777778,0.00510204081632653,0.0,2160,1176,984
4DoF_V22_3_3x3_grid_4Nm_legacy_success_true_action_mask_scratch_c090,active_full,success_terminal_reason,success,978,0.4527777777777778,0.0,0.9939024390243902,2160,1176,984
4DoF_V22_3_3x3_grid_4Nm_legacy_success_true_action_mask_scratch_c090,active_full,success_terminal_reason,success+touchdown_event,6,0.002777777777777778,0.0,0.006097560975609756,2160,1176,984
4DoF_V22_3_3x3_grid_4Nm_legacy_success_true_action_mask_scratch_c090,passive_oracle_envelope,failure_exact_terminal_reason,clearance_ground+foot_ground_before_ready,909,0.42083333333333334,0.7762596071733561,0.0,2160,1171,989
4DoF_V22_3_3x3_grid_4Nm_legacy_success_true_action_mask_scratch_c090,passive_oracle_envelope,failure_exact_terminal_reason,clearance_ground+foot_ground_bad_clearance,89,0.0412037037037037,0.07600341588385995,0.0,2160,1171,989
4DoF_V22_3_3x3_grid_4Nm_legacy_success_true_action_mask_scratch_c090,passive_oracle_envelope,failure_exact_terminal_reason,clearance,87,0.04027777777777778,0.07429547395388557,0.0,2160,1171,989
4DoF_V22_3_3x3_grid_4Nm_legacy_success_true_action_mask_scratch_c090,passive_oracle_envelope,failure_exact_terminal_reason,clearance_ground+knee_ground,32,0.014814814814814815,0.027327070879590094,0.0,2160,1171,989
4DoF_V22_3_3x3_grid_4Nm_legacy_success_true_action_mask_scratch_c090,passive_oracle_envelope,failure_exact_terminal_reason,clearance_ground+foot_ground_after_ready,23,0.010648148148148148,0.01964133219470538,0.0,2160,1171,989
4DoF_V22_3_3x3_grid_4Nm_legacy_success_true_action_mask_scratch_c090,passive_oracle_envelope,failure_exact_terminal_reason,q1_low_limit,22,0.010185185185185186,0.018787361229718188,0.0,2160,1171,989
4DoF_V22_3_3x3_grid_4Nm_legacy_success_true_action_mask_scratch_c090,passive_oracle_envelope,failure_exact_terminal_reason,speed,7,0.0032407407407407406,0.005977796754910333,0.0,2160,1171,989
4DoF_V22_3_3x3_grid_4Nm_legacy_success_true_action_mask_scratch_c090,passive_oracle_envelope,failure_exact_terminal_reason,q1_low_limit+q3_high_limit,1,0.000462962962962963,0.0008539709649871904,0.0,2160,1171,989
4DoF_V22_3_3x3_grid_4Nm_legacy_success_true_action_mask_scratch_c090,passive_oracle_envelope,failure_exact_terminal_reason,q3_high_limit,1,0.000462962962962963,0.0008539709649871904,0.0,2160,1171,989
4DoF_V22_3_3x3_grid_4Nm_legacy_success_true_action_mask_scratch_c090,passive_oracle_envelope,failure_reason_token,clearance_ground,1053,0.4875,0.8992314261315115,0.0,2160,1171,989
4DoF_V22_3_3x3_grid_4Nm_legacy_success_true_action_mask_scratch_c090,passive_oracle_envelope,failure_reason_token,foot_ground_before_ready,909,0.42083333333333334,0.7762596071733561,0.0,2160,1171,989
4DoF_V22_3_3x3_grid_4Nm_legacy_success_true_action_mask_scratch_c090,passive_oracle_envelope,failure_reason_token,foot_ground_bad_clearance,89,0.0412037037037037,0.07600341588385995,0.0,2160,1171,989
4DoF_V22_3_3x3_grid_4Nm_legacy_success_true_action_mask_scratch_c090,passive_oracle_envelope,failure_reason_token,clearance,87,0.04027777777777778,0.07429547395388557,0.0,2160,1171,989
4DoF_V22_3_3x3_grid_4Nm_legacy_success_true_action_mask_scratch_c090,passive_oracle_envelope,failure_reason_token,knee_ground,32,0.014814814814814815,0.027327070879590094,0.0,2160,1171,989
4DoF_V22_3_3x3_grid_4Nm_legacy_success_true_action_mask_scratch_c090,passive_oracle_envelope,failure_reason_token,foot_ground_after_ready,23,0.010648148148148148,0.01964133219470538,0.0,2160,1171,989
4DoF_V22_3_3x3_grid_4Nm_legacy_success_true_action_mask_scratch_c090,passive_oracle_envelope,failure_reason_token,q1_low_limit,23,0.010648148148148148,0.01964133219470538,0.0,2160,1171,989
4DoF_V22_3_3x3_grid_4Nm_legacy_success_true_action_mask_scratch_c090,passive_oracle_envelope,failure_reason_token,speed,7,0.0032407407407407406,0.005977796754910333,0.0,2160,1171,989
4DoF_V22_3_3x3_grid_4Nm_legacy_success_true_action_mask_scratch_c090,passive_oracle_envelope,failure_reason_token,q3_high_limit,2,0.000925925925925926,0.0017079419299743809,0.0,2160,1171,989
4DoF_V22_3_3x3_grid_4Nm_legacy_success_true_action_mask_scratch_c090,passive_oracle_envelope,success_terminal_reason,success,987,0.45694444444444443,0.0,0.9979777553083923,2160,1171,989
4DoF_V22_3_3x3_grid_4Nm_legacy_success_true_action_mask_scratch_c090,passive_oracle_envelope,success_terminal_reason,success+touchdown_event,2,0.000925925925925926,0.0,0.0020222446916076846,2160,1171,989
4DoF_V22_3_3x3_grid_4Nm_legacy_success_true_action_mask_scratch_c090,passive_sign_selector,failure_exact_terminal_reason,clearance_ground+foot_ground_before_ready,950,0.4398148148148148,0.794314381270903,0.0,2160,1196,964
4DoF_V22_3_3x3_grid_4Nm_legacy_success_true_action_mask_scratch_c090,passive_sign_selector,failure_exact_terminal_reason,clearance_ground+foot_ground_bad_clearance,85,0.03935185185185185,0.07107023411371237,0.0,2160,1196,964
4DoF_V22_3_3x3_grid_4Nm_legacy_success_true_action_mask_scratch_c090,passive_sign_selector,failure_exact_terminal_reason,clearance,61,0.02824074074074074,0.05100334448160535,0.0,2160,1196,964
4DoF_V22_3_3x3_grid_4Nm_legacy_success_true_action_mask_scratch_c090,passive_sign_selector,failure_exact_terminal_reason,clearance_ground+foot_ground_after_ready,36,0.016666666666666666,0.030100334448160536,0.0,2160,1196,964
4DoF_V22_3_3x3_grid_4Nm_legacy_success_true_action_mask_scratch_c090,passive_sign_selector,failure_exact_terminal_reason,clearance_ground+knee_ground,32,0.014814814814814815,0.026755852842809364,0.0,2160,1196,964
4DoF_V22_3_3x3_grid_4Nm_legacy_success_true_action_mask_scratch_c090,passive_sign_selector,failure_exact_terminal_reason,q1_low_limit,20,0.009259259259259259,0.016722408026755852,0.0,2160,1196,964
4DoF_V22_3_3x3_grid_4Nm_legacy_success_true_action_mask_scratch_c090,passive_sign_selector,failure_exact_terminal_reason,speed,9,0.004166666666666667,0.007525083612040134,0.0,2160,1196,964
4DoF_V22_3_3x3_grid_4Nm_legacy_success_true_action_mask_scratch_c090,passive_sign_selector,failure_exact_terminal_reason,q1_high_limit,1,0.000462962962962963,0.0008361204013377926,0.0,2160,1196,964
4DoF_V22_3_3x3_grid_4Nm_legacy_success_true_action_mask_scratch_c090,passive_sign_selector,failure_exact_terminal_reason,q1_low_limit+q3_high_limit,1,0.000462962962962963,0.0008361204013377926,0.0,2160,1196,964
4DoF_V22_3_3x3_grid_4Nm_legacy_success_true_action_mask_scratch_c090,passive_sign_selector,failure_exact_terminal_reason,q3_high_limit,1,0.000462962962962963,0.0008361204013377926,0.0,2160,1196,964
4DoF_V22_3_3x3_grid_4Nm_legacy_success_true_action_mask_scratch_c090,passive_sign_selector,failure_reason_token,clearance_ground,1103,0.5106481481481482,0.9222408026755853,0.0,2160,1196,964
4DoF_V22_3_3x3_grid_4Nm_legacy_success_true_action_mask_scratch_c090,passive_sign_selector,failure_reason_token,foot_ground_before_ready,950,0.4398148148148148,0.794314381270903,0.0,2160,1196,964
4DoF_V22_3_3x3_grid_4Nm_legacy_success_true_action_mask_scratch_c090,passive_sign_selector,failure_reason_token,foot_ground_bad_clearance,85,0.03935185185185185,0.07107023411371237,0.0,2160,1196,964
4DoF_V22_3_3x3_grid_4Nm_legacy_success_true_action_mask_scratch_c090,passive_sign_selector,failure_reason_token,clearance,61,0.02824074074074074,0.05100334448160535,0.0,2160,1196,964
4DoF_V22_3_3x3_grid_4Nm_legacy_success_true_action_mask_scratch_c090,passive_sign_selector,failure_reason_token,foot_ground_after_ready,36,0.016666666666666666,0.030100334448160536,0.0,2160,1196,964
4DoF_V22_3_3x3_grid_4Nm_legacy_success_true_action_mask_scratch_c090,passive_sign_selector,failure_reason_token,knee_ground,32,0.014814814814814815,0.026755852842809364,0.0,2160,1196,964
4DoF_V22_3_3x3_grid_4Nm_legacy_success_true_action_mask_scratch_c090,passive_sign_selector,failure_reason_token,q1_low_limit,21,0.009722222222222222,0.017558528428093644,0.0,2160,1196,964
4DoF_V22_3_3x3_grid_4Nm_legacy_success_true_action_mask_scratch_c090,passive_sign_selector,failure_reason_token,speed,9,0.004166666666666667,0.007525083612040134,0.0,2160,1196,964
4DoF_V22_3_3x3_grid_4Nm_legacy_success_true_action_mask_scratch_c090,passive_sign_selector,failure_reason_token,q3_high_limit,2,0.000925925925925926,0.0016722408026755853,0.0,2160,1196,964
4DoF_V22_3_3x3_grid_4Nm_legacy_success_true_action_mask_scratch_c090,passive_sign_selector,failure_reason_token,q1_high_limit,1,0.000462962962962963,0.0008361204013377926,0.0,2160,1196,964
4DoF_V22_3_3x3_grid_4Nm_legacy_success_true_action_mask_scratch_c090,passive_sign_selector,success_terminal_reason,success,961,0.4449074074074074,0.0,0.9968879668049793,2160,1196,964
4DoF_V22_3_3x3_grid_4Nm_legacy_success_true_action_mask_scratch_c090,passive_sign_selector,success_terminal_reason,success+touchdown_event,3,0.001388888888888889,0.0,0.0031120331950207467,2160,1196,964
4DoF_V22_3_3x3_grid_4Nm_legacy_success_true_action_mask_scratch_c090,per_step_sign,failure_exact_terminal_reason,clearance_ground+foot_ground_before_ready,948,0.4388888888888889,0.8054375531011045,0.0,2160,1177,983
4DoF_V22_3_3x3_grid_4Nm_legacy_success_true_action_mask_scratch_c090,per_step_sign,failure_exact_terminal_reason,clearance_ground+foot_ground_bad_clearance,80,0.037037037037037035,0.06796941376380629,0.0,2160,1177,983
4DoF_V22_3_3x3_grid_4Nm_legacy_success_true_action_mask_scratch_c090,per_step_sign,failure_exact_terminal_reason,clearance_ground+knee_ground,55,0.02546296296296296,0.04672897196261682,0.0,2160,1177,983
4DoF_V22_3_3x3_grid_4Nm_legacy_success_true_action_mask_scratch_c090,per_step_sign,failure_exact_terminal_reason,clearance,41,0.01898148148148148,0.034834324553950725,0.0,2160,1177,983
4DoF_V22_3_3x3_grid_4Nm_legacy_success_true_action_mask_scratch_c090,per_step_sign,failure_exact_terminal_reason,clearance_ground+foot_ground_after_ready,31,0.014351851851851852,0.026338147833474938,0.0,2160,1177,983
4DoF_V22_3_3x3_grid_4Nm_legacy_success_true_action_mask_scratch_c090,per_step_sign,failure_exact_terminal_reason,q1_low_limit,11,0.005092592592592593,0.009345794392523364,0.0,2160,1177,983
4DoF_V22_3_3x3_grid_4Nm_legacy_success_true_action_mask_scratch_c090,per_step_sign,failure_exact_terminal_reason,speed,10,0.004629629629629629,0.008496176720475786,0.0,2160,1177,983
4DoF_V22_3_3x3_grid_4Nm_legacy_success_true_action_mask_scratch_c090,per_step_sign,failure_exact_terminal_reason,q1_low_limit+q3_low_limit,1,0.000462962962962963,0.0008496176720475786,0.0,2160,1177,983
4DoF_V22_3_3x3_grid_4Nm_legacy_success_true_action_mask_scratch_c090,per_step_sign,failure_reason_token,clearance_ground,1114,0.5157407407407407,0.9464740866610025,0.0,2160,1177,983
4DoF_V22_3_3x3_grid_4Nm_legacy_success_true_action_mask_scratch_c090,per_step_sign,failure_reason_token,foot_ground_before_ready,948,0.4388888888888889,0.8054375531011045,0.0,2160,1177,983
4DoF_V22_3_3x3_grid_4Nm_legacy_success_true_action_mask_scratch_c090,per_step_sign,failure_reason_token,foot_ground_bad_clearance,80,0.037037037037037035,0.06796941376380629,0.0,2160,1177,983
4DoF_V22_3_3x3_grid_4Nm_legacy_success_true_action_mask_scratch_c090,per_step_sign,failure_reason_token,knee_ground,55,0.02546296296296296,0.04672897196261682,0.0,2160,1177,983
4DoF_V22_3_3x3_grid_4Nm_legacy_success_true_action_mask_scratch_c090,per_step_sign,failure_reason_token,clearance,41,0.01898148148148148,0.034834324553950725,0.0,2160,1177,983
4DoF_V22_3_3x3_grid_4Nm_legacy_success_true_action_mask_scratch_c090,per_step_sign,failure_reason_token,foot_ground_after_ready,31,0.014351851851851852,0.026338147833474938,0.0,2160,1177,983
4DoF_V22_3_3x3_grid_4Nm_legacy_success_true_action_mask_scratch_c090,per_step_sign,failure_reason_token,q1_low_limit,12,0.005555555555555556,0.010195412064570943,0.0,2160,1177,983
4DoF_V22_3_3x3_grid_4Nm_legacy_success_true_action_mask_scratch_c090,per_step_sign,failure_reason_token,speed,10,0.004629629629629629,0.008496176720475786,0.0,2160,1177,983
4DoF_V22_3_3x3_grid_4Nm_legacy_success_true_action_mask_scratch_c090,per_step_sign,failure_reason_token,q3_low_limit,1,0.000462962962962963,0.0008496176720475786,0.0,2160,1177,983
4DoF_V22_3_3x3_grid_4Nm_legacy_success_true_action_mask_scratch_c090,per_step_sign,success_terminal_reason,success,979,0.4532407407407407,0.0,0.9959308240081384,2160,1177,983
4DoF_V22_3_3x3_grid_4Nm_legacy_success_true_action_mask_scratch_c090,per_step_sign,success_terminal_reason,success+touchdown_event,4,0.001851851851851852,0.0,0.004069175991861648,2160,1177,983
4DoF_V22_3_3x3_grid_4Nm_legacy_success_true_action_mask_scratch_c090,true_action_mask_scratch,failure_exact_terminal_reason,clearance_ground+foot_ground_before_ready,988,0.45740740740740743,0.8138385502471169,0.0,2160,1214,946
4DoF_V22_3_3x3_grid_4Nm_legacy_success_true_action_mask_scratch_c090,true_action_mask_scratch,failure_exact_terminal_reason,clearance_ground+foot_ground_bad_clearance,94,0.04351851851851852,0.07742998352553541,0.0,2160,1214,946
4DoF_V22_3_3x3_grid_4Nm_legacy_success_true_action_mask_scratch_c090,true_action_mask_scratch,failure_exact_terminal_reason,clearance,54,0.025,0.044481054365733116,0.0,2160,1214,946
4DoF_V22_3_3x3_grid_4Nm_legacy_success_true_action_mask_scratch_c090,true_action_mask_scratch,failure_exact_terminal_reason,clearance_ground+foot_ground_after_ready,38,0.017592592592592594,0.03130148270181219,0.0,2160,1214,946
4DoF_V22_3_3x3_grid_4Nm_legacy_success_true_action_mask_scratch_c090,true_action_mask_scratch,failure_exact_terminal_reason,q1_low_limit,16,0.007407407407407408,0.013179571663920923,0.0,2160,1214,946
4DoF_V22_3_3x3_grid_4Nm_legacy_success_true_action_mask_scratch_c090,true_action_mask_scratch,failure_exact_terminal_reason,speed,16,0.007407407407407408,0.013179571663920923,0.0,2160,1214,946
4DoF_V22_3_3x3_grid_4Nm_legacy_success_true_action_mask_scratch_c090,true_action_mask_scratch,failure_exact_terminal_reason,clearance_ground+knee_ground,8,0.003703703703703704,0.006589785831960461,0.0,2160,1214,946
4DoF_V22_3_3x3_grid_4Nm_legacy_success_true_action_mask_scratch_c090,true_action_mask_scratch,failure_reason_token,clearance_ground,1128,0.5222222222222223,0.929159802306425,0.0,2160,1214,946
4DoF_V22_3_3x3_grid_4Nm_legacy_success_true_action_mask_scratch_c090,true_action_mask_scratch,failure_reason_token,foot_ground_before_ready,988,0.45740740740740743,0.8138385502471169,0.0,2160,1214,946
4DoF_V22_3_3x3_grid_4Nm_legacy_success_true_action_mask_scratch_c090,true_action_mask_scratch,failure_reason_token,foot_ground_bad_clearance,94,0.04351851851851852,0.07742998352553541,0.0,2160,1214,946
4DoF_V22_3_3x3_grid_4Nm_legacy_success_true_action_mask_scratch_c090,true_action_mask_scratch,failure_reason_token,clearance,54,0.025,0.044481054365733116,0.0,2160,1214,946
4DoF_V22_3_3x3_grid_4Nm_legacy_success_true_action_mask_scratch_c090,true_action_mask_scratch,failure_reason_token,foot_ground_after_ready,38,0.017592592592592594,0.03130148270181219,0.0,2160,1214,946
4DoF_V22_3_3x3_grid_4Nm_legacy_success_true_action_mask_scratch_c090,true_action_mask_scratch,failure_reason_token,q1_low_limit,16,0.007407407407407408,0.013179571663920923,0.0,2160,1214,946
4DoF_V22_3_3x3_grid_4Nm_legacy_success_true_action_mask_scratch_c090,true_action_mask_scratch,failure_reason_token,speed,16,0.007407407407407408,0.013179571663920923,0.0,2160,1214,946
4DoF_V22_3_3x3_grid_4Nm_legacy_success_true_action_mask_scratch_c090,true_action_mask_scratch,failure_reason_token,knee_ground,8,0.003703703703703704,0.006589785831960461,0.0,2160,1214,946
4DoF_V22_3_3x3_grid_4Nm_legacy_success_true_action_mask_scratch_c090,true_action_mask_scratch,success_terminal_reason,success,937,0.4337962962962963,0.0,0.9904862579281184,2160,1214,946
4DoF_V22_3_3x3_grid_4Nm_legacy_success_true_action_mask_scratch_c090,true_action_mask_scratch,success_terminal_reason,success+touchdown_event,9,0.004166666666666667,0.0,0.009513742071881607,2160,1214,946
