walk_direction,commanded_step_length_m,commanded_step_height_m,controller,n,success_count,success_rate,success_wilson_95_low,success_wilson_95_high,valid_count,valid_rate,valid_wilson_95_low,valid_wilson_95_high,self_valid_mean_cmt,self_valid_sample_sd_cmt,self_valid_median_cmt,self_valid_q25_cmt,self_valid_q75_cmt,route_positive_count,route_negative_count,route_active_count,route_hard_mask_count
-1.0,0.3,0.0,active,600,358,0.5966666666666667,0.5569191470800464,0.6351842573906382,185,0.30833333333333335,0.27269878773134837,0.3464065309905704,2.4388022392774142,5.894062987904006,0.8419259885325635,0.19362731539382783,2.122554463332495,0,0,600,0
-1.0,0.3,0.0,positive_expert,600,248,0.41333333333333333,0.3746043320514548,0.45316502945758674,121,0.20166666666666666,0.1715049695752588,0.2356241786962493,0.07967583279303057,0.09036768305757927,0.05008934801137017,0.028021054816759847,0.08848755740518158,600,0,0,0
-1.0,0.3,0.0,negative_expert,600,350,0.5833333333333334,0.5434772736089304,0.6221291095554529,179,0.29833333333333334,0.26310128834817,0.3361312643940227,0.8038028867452823,2.635238441084833,0.15557835447754165,0.06778699841684299,0.5787541260144733,0,600,0,0
-1.0,0.3,0.0,proposed_phase_aware_three_expert,600,359,0.5983333333333334,0.558601468961459,0.6368140631725133,179,0.29833333333333334,0.26310128834817,0.3361312643940227,1.2504337603604792,2.8998417737001336,0.4538256431567878,0.0650496394328112,1.2656109500950445,22,241,337,0
-1.0,0.3,0.0,released_two_expert_selector,600,349,0.5816666666666667,0.541799114298437,0.6204951412026586,174,0.29,0.2551191238284465,0.3275527905973079,0.752287465744418,2.680966363715811,0.0862424521138238,0.03652861927802634,0.44562191021230857,130,470,0,0
-1.0,0.3,0.0,true_hard_mask,600,354,0.59,0.5501945105891836,0.6286603832283503,178,0.2966666666666667,0.2615036970694153,0.3344167280094898,1.577373494341529,1.9417075956722123,0.9033393053861591,0.5462155388348295,1.6523799606170937,0,0,0,600
-1.0,0.3,0.01,active,600,364,0.6066666666666667,0.5670201021394037,0.6449560683110069,194,0.3233333333333333,0.28713254163546603,0.3617819260560416,1.6892556317163008,4.449809228310756,0.505746410227853,0.1037353020114456,1.5573727735820528,0,0,600,0
-1.0,0.3,0.01,positive_expert,600,279,0.465,0.42543972667536817,0.5050055923955911,142,0.23666666666666666,0.2043995651449481,0.272284264055601,0.10680959992213238,0.1473286922819288,0.05959023293927174,0.03295996621927224,0.12168940979449498,600,0,0,0
-1.0,0.3,0.01,negative_expert,600,351,0.585,0.5451558920932663,0.6237626187344044,179,0.29833333333333334,0.26310128834817,0.3361312643940227,0.7067431243104277,2.6920510654801206,0.13664357809665353,0.05422475140516331,0.4588832324858886,0,600,0,0
-1.0,0.3,0.01,proposed_phase_aware_three_expert,600,364,0.6066666666666667,0.5670201021394037,0.6449560683110069,188,0.31333333333333335,0.2775051040209626,0.35153659769081913,0.8810500763730189,2.6504515319442037,0.20618490832733571,0.046273281057744045,0.8698149076298155,44,245,311,0
-1.0,0.3,0.01,released_two_expert_selector,600,360,0.6,0.5602842577964939,0.6384434020007659,181,0.3016666666666667,0.26629818895612284,0.33955861911264523,0.6669910980084954,2.6829997871395004,0.06643952354365135,0.03522831030416646,0.38534811142802644,167,433,0,0
-1.0,0.3,0.01,true_hard_mask,600,370,0.6166666666666667,0.5771380492953796,0.654710887134757,187,0.31166666666666665,0.2759024447670414,0.34982712928145254,1.4364529688867487,1.8813731283283517,0.9328059461141847,0.5374479402965626,1.592860232905263,0,0,0,600
-1.0,0.3,0.02,active,600,379,0.6316666666666667,0.5923473624908886,0.6693107229088371,179,0.29833333333333334,0.26310128834817,0.3361312643940227,2.3926022391436894,7.635356569617998,0.32927642275570035,0.0816126889567956,1.4805269906378546,0,0,600,0
-1.0,0.3,0.02,positive_expert,600,260,0.43333333333333335,0.39423111501886426,0.47328377844962927,116,0.19333333333333333,0.16372559988686522,0.22684291006820453,0.08287623213936902,0.11476106046351034,0.04787151583226558,0.02447602189032238,0.08635459223729962,600,0,0,0
-1.0,0.3,0.02,negative_expert,600,350,0.5833333333333334,0.5434772736089304,0.6221291095554529,167,0.2783333333333333,0.24396887405645667,0.31551814672628403,1.0143095309506598,4.643553146677672,0.11315847711533189,0.04090950669831031,0.3675485753141339,0,600,0,0
-1.0,0.3,0.02,proposed_phase_aware_three_expert,600,370,0.6166666666666667,0.5771380492953796,0.654710887134757,175,0.2916666666666667,0.2567143926453856,0.3292696494436565,1.581222115368807,6.614803229266932,0.15289277249296815,0.03916648863426593,0.7099336033868111,28,238,334,0
-1.0,0.3,0.02,released_two_expert_selector,600,353,0.5883333333333334,0.5485145097653442,0.6270282563889021,160,0.26666666666666666,0.23284852244066429,0.30345360469906274,1.0050970536162853,4.747552999266321,0.058408800906376596,0.024022401317610027,0.27288146721704837,149,451,0,0
-1.0,0.3,0.02,true_hard_mask,600,363,0.605,0.5653354357075326,0.6433286070795903,166,0.27666666666666667,0.24237839505342534,0.3137964980660278,1.12080932401371,1.4973717836161144,0.606017540810731,0.3717056857221108,1.1009249388527405,0,0,0,600
-1.0,0.35,0.0,active,600,371,0.6183333333333333,0.5788260422730251,0.6563350218203989,183,0.305,0.2694973623831972,0.34298370101214615,1.5452113410484944,2.50542070969734,0.5741010541160901,0.1545516699983508,1.8160981564250722,0,0,600,0
-1.0,0.35,0.0,positive_expert,600,284,0.47333333333333333,0.4336792400859655,0.513326717301432,126,0.21,0.17930553513436756,0.24438425145357887,0.13373784056641175,0.29005525763230205,0.058410765870791886,0.026626107538207874,0.130508528570541,600,0,0,0
-1.0,0.35,0.0,negative_expert,600,341,0.5683333333333334,0.5283902809874657,0.6074069532073287,168,0.28,0.24555996300347405,0.31723918544255436,0.6255317543818367,1.483916578515326,0.10890765409498718,0.05363804142979763,0.443113345088301,0,600,0,0
-1.0,0.35,0.0,proposed_phase_aware_three_expert,600,367,0.6116666666666667,0.5720769373489643,0.6498356160913092,180,0.3,0.2646994532170419,0.33784522718843846,0.8196413053055459,1.3138643240828527,0.30089412641966773,0.067304323478999,1.1556492550447053,15,222,363,0
-1.0,0.35,0.0,released_two_expert_selector,600,360,0.6,0.5602842577964939,0.6384434020007659,170,0.2833333333333333,0.24874395753830095,0.3206794462343028,0.6005203361252696,1.4911065669862626,0.0657658565075867,0.03165863314948221,0.37854912781122896,164,436,0,0
-1.0,0.35,0.0,true_hard_mask,600,371,0.6183333333333333,0.5788260422730251,0.6563350218203989,175,0.2916666666666667,0.2567143926453856,0.3292696494436565,1.5306112401144316,1.8635214950402719,0.9115152851680686,0.5226066242927387,1.6749558968119618,0,0,0,600
-1.0,0.35,0.01,active,600,362,0.6033333333333334,0.5636512401815564,0.6417006749422788,173,0.28833333333333333,0.2535244428850456,0.3258353438774211,1.477105353053594,3.497604434948207,0.581363852138913,0.08370542725338777,1.6341166007271886,0,0,600,0
-1.0,0.35,0.01,positive_expert,600,281,0.4683333333333333,0.42873420347591623,0.5083353709216182,133,0.22166666666666668,0.19026019294103996,0.25661448728992015,0.12367756606069666,0.22172991961198568,0.05433359413446845,0.021948730986885576,0.1226542900601867,600,0,0,0
-1.0,0.35,0.01,negative_expert,600,335,0.5583333333333333,0.518352695947865,0.5975717722672031,153,0.255,0.22175928577424098,0.2913579477224725,0.5606224726297993,1.7525965396846752,0.08863772544235225,0.04719558644286829,0.2555140727695485,0,600,0,0
-1.0,0.35,0.01,proposed_phase_aware_three_expert,600,362,0.6033333333333334,0.5636512401815564,0.6417006749422788,171,0.285,0.25033685666577143,0.32239867477011985,0.9514694162826078,2.1812485379157027,0.23998670985336412,0.054772106869218434,1.0539256591526114,16,215,369,0
-1.0,0.35,0.01,released_two_expert_selector,600,352,0.5866666666666667,0.5468349705424134,0.6253956679485453,163,0.27166666666666667,0.23761065166261117,0.30862785846697893,0.5382162235254111,1.7074897640017606,0.0686104639085256,0.028821214323281556,0.2354425205532557,129,471,0,0
-1.0,0.35,0.01,true_hard_mask,600,346,0.5766666666666667,0.5367673837673946,0.6155904887438378,160,0.26666666666666666,0.23284852244066429,0.30345360469906274,1.2001434060711702,1.37960579779953,0.6987378290558202,0.45588276282786466,1.3222165006920887,0,0,0,600
-1.0,0.35,0.02,active,600,369,0.615,0.5754505349201839,0.653086273846665,182,0.30333333333333334,0.2678974928892395,0.3412714428428163,1.3170876726484022,3.3673690457918846,0.3603845619740954,0.06147848934815159,1.118641408182186,0,0,600,0
-1.0,0.35,0.02,positive_expert,600,267,0.445,0.4057102223492578,0.4849895647622494,136,0.22666666666666666,0.19496664476548947,0.26184441845533357,0.16179500757033888,0.26793382112892455,0.08192832228958734,0.03810404187486238,0.18337563494524386,600,0,0,0
-1.0,0.35,0.02,negative_expert,600,331,0.5516666666666666,0.5116699679696873,0.5910059895922303,167,0.2783333333333333,0.24396887405645667,0.31551814672628403,0.7633207396009271,3.1256859780827315,0.0927183247175801,0.042267230272764446,0.3621455379650045,0,600,0,0
-1.0,0.35,0.02,proposed_phase_aware_three_expert,600,359,0.5983333333333334,0.558601468961459,0.6368140631725133,180,0.3,0.2646994532170419,0.33784522718843846,0.94549414830017,3.0713867864882465,0.1930582814535582,0.054171842602216226,0.8832693925906185,10,232,358,0
-1.0,0.35,0.02,released_two_expert_selector,600,354,0.59,0.5501945105891836,0.6286603832283503,177,0.295,0.25990668214519635,0.332701615270421,0.7246420900758339,3.0395712088389755,0.08509324819413136,0.04069562119146127,0.327281155104871,133,467,0,0
-1.0,0.35,0.02,true_hard_mask,600,348,0.58,0.5401214133886778,0.61886071444913,171,0.285,0.25033685666577143,0.32239867477011985,1.5945555029228191,2.404571593836954,0.8986721808626905,0.4818380576442727,1.755386544670515,0,0,0,600
-1.0,0.4,0.0,active,600,353,0.5883333333333334,0.5485145097653442,0.6270282563889021,167,0.2783333333333333,0.24396887405645667,0.31551814672628403,1.5428280170977027,2.6861890483814395,0.7950570691441176,0.4301826759188546,1.518355360198577,0,0,600,0
-1.0,0.4,0.0,positive_expert,600,281,0.4683333333333333,0.42873420347591623,0.5083353709216182,133,0.22166666666666668,0.19026019294103996,0.25661448728992015,0.3570029195981698,0.44251585580123487,0.1681707581581339,0.06745984640013875,0.4579921367196992,600,0,0,0
-1.0,0.4,0.0,negative_expert,600,309,0.515,0.4750422742911774,0.5547668746784117,149,0.24833333333333332,0.21543706961349934,0.28443165323006336,0.2945940873730625,0.45787412619450263,0.09544660267757506,0.04940719949234228,0.3412177829339185,0,600,0,0
-1.0,0.4,0.0,proposed_phase_aware_three_expert,600,342,0.57,0.5300647932673496,0.6090445685907323,164,0.2733333333333333,0.23919928040395344,0.3103513573889243,0.5342050474341605,0.9875866856814126,0.1709226164511798,0.06323150026223892,0.6656376907675753,11,252,337,0
-1.0,0.4,0.0,released_two_expert_selector,600,336,0.56,0.5200245001137724,0.5992120957645837,157,0.26166666666666666,0.22809210629110613,0.29827363785875793,0.32523927993443336,0.4678098911580294,0.10569885473224362,0.04940719949234228,0.4101781250935244,114,486,0,0
-1.0,0.4,0.0,true_hard_mask,600,347,0.5783333333333334,0.5384441701242652,0.6172258300502552,162,0.27,0.23602264667772457,0.3069037357885778,1.700439333530503,2.1205504191595095,1.0691460196685516,0.608826345699389,1.7953966060223854,0,0,0,600
-1.0,0.4,0.01,active,600,355,0.5916666666666667,0.55187497385936,0.6302920476214615,149,0.24833333333333332,0.21543706961349934,0.28443165323006336,1.647217439854843,2.4781508337198126,0.6947277437983846,0.2859920373861713,1.9490274869690747,0,0,600,0
-1.0,0.4,0.01,positive_expert,600,268,0.44666666666666666,0.40735189244428327,0.48666002233051153,118,0.19666666666666666,0.16683474102174364,0.23035802425990146,0.3994640945056793,0.5198124495764236,0.21976289487995945,0.08716890803448395,0.4703656253737482,600,0,0,0
-1.0,0.4,0.01,negative_expert,600,300,0.5,0.4601198639241893,0.5398801360758106,135,0.225,0.193397072785709,0.2601018627718264,0.4467380605086081,1.2962273571240992,0.10013412693634714,0.05122027443701639,0.24272690034303168,0,600,0,0
-1.0,0.4,0.01,proposed_phase_aware_three_expert,600,338,0.5633333333333334,0.5233694587482146,0.6024913924567167,147,0.245,0.21228002521890663,0.2809644422980807,0.660903131246153,1.5412649773841567,0.16220352396054744,0.060368152493025226,0.5397561375730401,10,271,319,0
-1.0,0.4,0.01,released_two_expert_selector,600,340,0.5666666666666667,0.5267162215503707,0.6057688849811358,146,0.24333333333333335,0.21070253493146351,0.27922980492223626,0.503098041439081,1.2661509732788134,0.12087068757877215,0.05297103585746146,0.39937395190691294,111,489,0,0
-1.0,0.4,0.01,true_hard_mask,600,349,0.5816666666666667,0.541799114298437,0.6204951412026586,147,0.245,0.21228002521890663,0.2809644422980807,1.6348401178162029,2.2740115471847937,0.9097481211826925,0.4730134648900851,1.89141764871713,0,0,0,600
-1.0,0.4,0.02,active,600,388,0.6466666666666666,0.6075963837060778,0.6838708506632365,186,0.31,0.27430033852750413,0.3481171078577022,1.582406424749419,2.557359247593061,0.7431739905970797,0.29848016558928325,1.586123040391904,0,0,600,0
-1.0,0.4,0.02,positive_expert,600,271,0.45166666666666666,0.4122795880670931,0.4916687096975647,131,0.21833333333333332,0.1871263720828225,0.2531240528215622,0.5407167966498295,0.6940206911405332,0.3503814284783146,0.09753909300527827,0.7490143831562242,600,0,0,0
-1.0,0.4,0.02,negative_expert,600,348,0.58,0.5401214133886778,0.61886071444913,168,0.28,0.24555996300347405,0.31723918544255436,0.4732568202670623,1.146014059407707,0.12388924551348335,0.048631248281385195,0.3040755731925936,0,600,0,0
-1.0,0.4,0.02,proposed_phase_aware_three_expert,600,376,0.6266666666666667,0.5872732284030916,0.664448474006771,183,0.305,0.2694973623831972,0.34298370101214615,0.8251616775884547,1.9258050857902702,0.18429478886822423,0.06497342514952699,0.7554147160970857,15,313,272,0
-1.0,0.4,0.02,released_two_expert_selector,600,369,0.615,0.5754505349201839,0.653086273846665,174,0.29,0.2551191238284465,0.3275527905973079,0.5720496409648091,1.217536030960486,0.13196847179462318,0.05042314217004042,0.5095390333811552,96,504,0,0
-1.0,0.4,0.02,true_hard_mask,600,379,0.6316666666666667,0.5923473624908886,0.6693107229088371,179,0.29833333333333334,0.26310128834817,0.3361312643940227,1.7783175795122326,2.8295452062122757,1.1058329117063619,0.5852705759881607,1.9165806872401985,0,0,0,600
1.0,0.3,0.0,active,600,226,0.37666666666666665,0.3387954576858182,0.41610709523089473,123,0.205,0.17462270619616488,0.23913069740191856,1.418072809440491,2.7089266800494505,0.4455986652616141,0.17690045476868044,1.1865630125926168,0,0,600,0
1.0,0.3,0.0,positive_expert,600,178,0.2966666666666667,0.2615036970694153,0.3344167280094898,127,0.21166666666666667,0.1808681087580246,0.24613380549320954,0.0956780334403179,0.16364800553226652,0.0408634445782639,0.023148425817424316,0.08087572885410094,600,0,0,0
1.0,0.3,0.0,negative_expert,600,202,0.33666666666666667,0.2999991284980691,0.3754123604997399,117,0.195,0.165279730474359,0.22860090714399844,0.3201775138916213,0.5396350584515828,0.1192654900609738,0.07145466589518203,0.34573296531805364,0,600,0,0
1.0,0.3,0.0,proposed_phase_aware_three_expert,600,221,0.36833333333333335,0.3306892770911631,0.40765263750911157,136,0.22666666666666666,0.19496664476548947,0.26184441845533357,0.6728009595773345,2.065091850583149,0.07715014369013126,0.03380573961378891,0.32825078609525127,131,32,437,0
1.0,0.3,0.0,released_two_expert_selector,600,205,0.3416666666666667,0.3048327476564238,0.3805151243312482,124,0.20666666666666667,0.1761828266922091,0.24088270456916197,0.15763598259946765,0.4355297113701318,0.041338809486964855,0.02289530814015966,0.08016410495504318,413,187,0,0
1.0,0.3,0.0,true_hard_mask,600,211,0.3516666666666667,0.3145138540633485,0.3907067839040495,98,0.16333333333333333,0.13591247797024722,0.1950377340456446,1.2238243956636197,2.2942006393700987,0.44448045414250503,0.1304995909102881,1.2397692985779751,0,0,0,600
1.0,0.3,0.01,active,600,215,0.35833333333333334,0.3209780495902078,0.39749109903034086,128,0.21333333333333335,0.1824314860069765,0.24788255590754527,1.3939805126805191,2.523427167969146,0.49142406103713765,0.1959231171347922,1.4502878666617196,0,0,600,0
1.0,0.3,0.01,positive_expert,600,178,0.2966666666666667,0.2615036970694153,0.3344167280094898,134,0.22333333333333333,0.19182825353148128,0.25835855436276645,0.1070692054184686,0.1757138390396501,0.040038465704993996,0.021547173323290588,0.08672883546511673,600,0,0,0
1.0,0.3,0.01,negative_expert,600,197,0.3283333333333333,0.29195354089671477,0.36689730978465585,132,0.22,0.1886928970677066,0.2548696554999658,0.3850742236344723,0.7802073354808096,0.12803222203294623,0.06694219381008291,0.33281339452050246,0,600,0,0
1.0,0.3,0.01,proposed_phase_aware_three_expert,600,219,0.365,0.32745022590284734,0.4042674333708519,143,0.23833333333333334,0.20597424902728556,0.27402170783655116,0.6969833001831466,1.5873629244024616,0.1074649235136548,0.033620572514260365,0.5005147727935993,118,28,454,0
1.0,0.3,0.01,released_two_expert_selector,600,202,0.33666666666666667,0.2999991284980691,0.3754123604997399,142,0.23666666666666666,0.2043995651449481,0.272284264055601,0.2474994939817768,0.7251226659764032,0.04443111284051096,0.021906267973545834,0.10877858201130952,446,154,0,0
1.0,0.3,0.01,true_hard_mask,600,211,0.3516666666666667,0.3145138540633485,0.3907067839040495,112,0.18666666666666668,0.15751805107031233,0.2198019482316068,1.5070115807322877,2.573338443550339,0.39838477972630265,0.12928705350494676,1.6631678944611976,0,0,0,600
1.0,0.3,0.02,active,600,227,0.37833333333333335,0.3404181493731606,0.41779653120684,139,0.23166666666666666,0.1996798193432105,0.26706762686747554,1.5938434387716602,2.2510239367387888,0.7928633192505539,0.22340920783573576,1.9217086311543028,0,0,600,0
1.0,0.3,0.02,positive_expert,600,185,0.30833333333333335,0.27269878773134837,0.3464065309905704,137,0.22833333333333333,0.19653696364484088,0.26358622723926983,0.1866879933640246,0.4478871874742716,0.04350557087676217,0.021577793307428074,0.10189358459456589,600,0,0,0
1.0,0.3,0.02,negative_expert,600,187,0.31166666666666665,0.2759024447670414,0.34982712928145254,127,0.21166666666666667,0.1808681087580246,0.24613380549320954,0.3512202909392722,0.6233088046962334,0.1446583534870623,0.056075652306707115,0.36728503492375064,0,600,0,0
1.0,0.3,0.02,proposed_phase_aware_three_expert,600,229,0.38166666666666665,0.34366497817960107,0.42117395772697486,157,0.26166666666666666,0.22809210629110613,0.29827363785875793,0.7438926216128432,1.523044799780693,0.12355597484094309,0.0354245806566306,0.7588282373564621,126,27,447,0
1.0,0.3,0.02,released_two_expert_selector,600,198,0.33,0.2935616049379783,0.36860137340668003,140,0.23333333333333334,0.20125234504726427,0.2688072288267095,0.2601036986881486,0.6486614449880606,0.04698139160379129,0.021783724575825836,0.1348637589757487,445,155,0,0
1.0,0.3,0.02,true_hard_mask,600,209,0.34833333333333333,0.31128478040197904,0.38731160223884353,122,0.20333333333333334,0.17306341797818775,0.23737785795660804,1.579500227460792,2.3208372893504996,0.6410879529490348,0.20742172579608326,1.635040825717197,0,0,0,600
1.0,0.35,0.0,active,600,213,0.355,0.3177449480721892,0.39409994522178404,114,0.19,0.1606200129971531,0.22332424163134137,1.8882321862006928,3.281338107776813,0.7922371052409272,0.2729430574786987,1.8625290224273454,0,0,600,0
1.0,0.35,0.0,positive_expert,600,179,0.29833333333333334,0.26310128834817,0.3361312643940227,142,0.23666666666666666,0.2043995651449481,0.272284264055601,0.2093080556771032,1.2890434549184053,0.031054472702304194,0.015440542938996674,0.06268924360023817,600,0,0,0
1.0,0.35,0.0,negative_expert,600,205,0.3416666666666667,0.3048327476564238,0.3805151243312482,127,0.21166666666666667,0.1808681087580246,0.24613380549320954,0.7038454470186074,1.4891527875584187,0.24282780767699183,0.05734531903475587,0.641374953779732,0,600,0,0
1.0,0.35,0.0,proposed_phase_aware_three_expert,600,223,0.37166666666666665,0.33393028855586004,0.4110358813709899,145,0.24166666666666667,0.20912573889505948,0.2774944732953526,0.43592870533441264,1.2838250292964277,0.04596797886462208,0.02106008852090806,0.2908426308141302,138,44,418,0
1.0,0.35,0.0,released_two_expert_selector,600,211,0.3516666666666667,0.3145138540633485,0.3907067839040495,141,0.235,0.20282559541589984,0.27054610612136154,0.22732052281921925,1.297598854211265,0.030876880909327793,0.015427174969445033,0.06307901672060298,453,147,0,0
1.0,0.35,0.0,true_hard_mask,600,198,0.33,0.2935616049379783,0.36860137340668003,100,0.16666666666666666,0.138986790895042,0.19858767644742514,1.960746567226245,3.133927531266043,0.9536009908122949,0.3087671167726176,2.218146326338981,0,0,0,600
1.0,0.35,0.01,active,600,221,0.36833333333333335,0.3306892770911631,0.40765263750911157,111,0.185,0.15596845243160834,0.21803941920702313,1.791238504507384,3.500310691911102,0.7180774154460843,0.24987390254981628,1.734474858803724,0,0,600,0
1.0,0.35,0.01,positive_expert,600,193,0.32166666666666666,0.2855266131737779,0.3600757268544421,147,0.245,0.21228002521890663,0.2809644422980807,0.08238616992125976,0.14550053511735309,0.033143498035883054,0.017163871223225827,0.06887730963895486,600,0,0,0
1.0,0.35,0.01,negative_expert,600,219,0.365,0.32745022590284734,0.4042674333708519,125,0.20833333333333334,0.17774377208292694,0.24263388684173184,0.8324071211312157,1.6175152001828152,0.1708310788830724,0.06984003715674798,0.8855449995158571,0,600,0,0
1.0,0.35,0.01,proposed_phase_aware_three_expert,600,233,0.3883333333333333,0.35016438390869076,0.42792306265103575,142,0.23666666666666666,0.2043995651449481,0.272284264055601,0.5057732300923843,2.488584985027267,0.05215304347255363,0.019157724201025867,0.25776645389076724,142,42,416,0
1.0,0.35,0.01,released_two_expert_selector,600,229,0.38166666666666665,0.34366497817960107,0.42117395772697486,147,0.245,0.21228002521890663,0.2809644422980807,0.24750383919969987,1.015555888423339,0.03426789115420116,0.01737433382465331,0.08902408543333198,438,162,0,0
1.0,0.35,0.01,true_hard_mask,600,206,0.3433333333333333,0.30644498721602165,0.38221501243493794,96,0.16,0.13284248906564322,0.1914834676236733,1.5750177452241445,2.2812882437617925,0.8197136462973784,0.2884703391881411,1.6748141915982202,0,0,0,600
1.0,0.35,0.02,active,600,223,0.37166666666666665,0.33393028855586004,0.4110358813709899,126,0.21,0.17930553513436756,0.24438425145357887,2.058503421649829,3.279358866770556,0.9510891717414987,0.32052581466473457,2.3849478487865063,0,0,600,0
1.0,0.35,0.02,positive_expert,600,177,0.295,0.25990668214519635,0.332701615270421,137,0.22833333333333333,0.19653696364484088,0.26358622723926983,0.08456478416656522,0.1461007874139935,0.033391577949855256,0.01832212146954346,0.06437115393630559,600,0,0,0
1.0,0.35,0.02,negative_expert,600,206,0.3433333333333333,0.30644498721602165,0.38221501243493794,124,0.20666666666666667,0.1761828266922091,0.24088270456916197,1.2304898723319782,2.827269968003205,0.3406649758092048,0.09214131347534886,0.9086287650462763,0,600,0,0
1.0,0.35,0.02,proposed_phase_aware_three_expert,600,226,0.37666666666666665,0.3387954576858182,0.41610709523089473,144,0.24,0.20754964195057238,0.275758442576552,0.44223304508416067,1.2422605458264182,0.044616699168845815,0.02213863210016786,0.22172433469640648,145,42,413,0
1.0,0.35,0.02,released_two_expert_selector,600,213,0.355,0.3177449480721892,0.39409994522178404,138,0.23,0.1981080237072888,0.26532729484010964,0.23643626838884116,0.9663428665470338,0.03384527408406199,0.01869991068415837,0.08333257264405038,447,153,0,0
1.0,0.35,0.02,true_hard_mask,600,199,0.33166666666666667,0.29517019770455494,0.3703049083033911,99,0.165,0.13744910047022482,0.1968132392089547,2.0728200356458086,3.034959157829807,0.9491699726143624,0.33484939676004977,2.5183398280150335,0,0,0,600
1.0,0.4,0.0,active,600,203,0.3383333333333333,0.3016098164666039,0.3771138001944927,98,0.16333333333333333,0.13591247797024722,0.1950377340456446,1.588494817407322,2.6457606456327736,0.653959243476829,0.2152666322973835,1.696635768595487,0,0,600,0
1.0,0.4,0.0,positive_expert,600,172,0.2866666666666667,0.2519303528145096,0.3241173062846695,131,0.21833333333333332,0.1871263720828225,0.2531240528215622,0.06118066661162621,0.10802471985554339,0.026973119338905668,0.013066043028898043,0.05382855331175877,600,0,0,0
1.0,0.4,0.0,negative_expert,600,211,0.3516666666666667,0.3145138540633485,0.3907067839040495,111,0.185,0.15596845243160834,0.21803941920702313,1.4323572614454851,2.3055132670442893,0.6652628684243689,0.2693456993100384,1.600241138538129,0,600,0,0
1.0,0.4,0.0,proposed_phase_aware_three_expert,600,220,0.36666666666666664,0.32906950577084787,0.4059602811661391,140,0.23333333333333334,0.20125234504726427,0.2688072288267095,0.3489175683446365,0.9064479739549965,0.039250768579624576,0.015987896203592856,0.13155015147363952,139,60,401,0
1.0,0.4,0.0,released_two_expert_selector,600,218,0.36333333333333334,0.3258314389005266,0.40257409270988503,137,0.22833333333333333,0.19653696364484088,0.26358622723926983,0.2440783222796937,1.2592515292917248,0.029024336510487688,0.013361464133861243,0.0643625218573502,446,154,0,0
1.0,0.4,0.0,true_hard_mask,600,195,0.325,0.2887390071610669,0.36348758819372845,100,0.16666666666666666,0.138986790895042,0.19858767644742514,1.2333126789796232,2.062461465736886,0.42332309160336823,0.20636725502946782,1.0809577106623804,0,0,0,600
1.0,0.4,0.01,active,600,225,0.375,0.33717324946832583,0.4144171757850994,107,0.17833333333333334,0.14977949878555574,0.2109798621999251,1.6263533223454487,3.21600005357804,0.5840711335316815,0.21272929696534104,1.2659083499385793,0,0,600,0
1.0,0.4,0.01,positive_expert,600,185,0.30833333333333335,0.27269878773134837,0.3464065309905704,127,0.21166666666666667,0.1808681087580246,0.24613380549320954,0.0669714725756093,0.10847288454825277,0.024199254064148468,0.014701589352698465,0.058159331198189765,600,0,0,0
1.0,0.4,0.01,negative_expert,600,229,0.38166666666666665,0.34366497817960107,0.42117395772697486,109,0.18166666666666667,0.15287206755528537,0.21451154875677075,1.556644416159703,2.619466362677058,0.6214998059025709,0.20093684422401673,1.8025762648610952,0,600,0,0
1.0,0.4,0.01,proposed_phase_aware_three_expert,600,242,0.4033333333333333,0.36481574260936184,0.44308085291995375,131,0.21833333333333332,0.1871263720828225,0.2531240528215622,0.6762715145616717,2.2919127670284634,0.03921194388116337,0.01690260563437956,0.28158102327866785,143,73,384,0
1.0,0.4,0.01,released_two_expert_selector,600,234,0.39,0.3517904261149445,0.4296091481080698,128,0.21333333333333335,0.1824314860069765,0.24788255590754527,0.4640922082123226,2.0804541057492716,0.026276226649445237,0.014762021255120715,0.08632139302814477,405,195,0,0
1.0,0.4,0.01,true_hard_mask,600,206,0.3433333333333333,0.30644498721602165,0.38221501243493794,96,0.16,0.13284248906564322,0.1914834676236733,1.1088383015908745,1.8969399799829632,0.45364786867601437,0.22344688228570853,0.9153057996294556,0,0,0,600
1.0,0.4,0.02,active,600,177,0.295,0.25990668214519635,0.332701615270421,108,0.18,0.1513253010749538,0.2127461875738147,1.4831477107383841,2.460652749831996,0.5831068622941411,0.12434503671620503,1.381597985596566,0,0,600,0
1.0,0.4,0.02,positive_expert,600,175,0.2916666666666667,0.2567143926453856,0.3292696494436565,129,0.215,0.1839956600721617,0.24963050950564772,0.10683912507476176,0.2643051170272824,0.025115437653794186,0.013332619858721464,0.060275788500665665,600,0,0,0
1.0,0.4,0.02,negative_expert,600,191,0.31833333333333336,0.2823163761575769,0.35666170854406787,110,0.18333333333333332,0.15441978800443007,0.2162759559709137,1.6175457452466209,2.7349248004915347,0.5910898114157912,0.09996601686460882,1.9296811518853891,0,600,0,0
1.0,0.4,0.02,proposed_phase_aware_three_expert,600,197,0.3283333333333333,0.29195354089671477,0.36689730978465585,131,0.21833333333333332,0.1871263720828225,0.2531240528215622,0.365335568876713,1.0861417045688169,0.03175236119148034,0.01587171824515185,0.09374517815361924,148,31,421,0
1.0,0.4,0.02,released_two_expert_selector,600,200,0.3333333333333333,0.2967793171946139,0.3720079164766197,129,0.215,0.1839956600721617,0.24963050950564772,0.18415721968246912,0.5744492309456253,0.026125677165260396,0.014101599497239816,0.06885608619717175,459,141,0,0
1.0,0.4,0.02,true_hard_mask,600,168,0.28,0.24555996300347405,0.31723918544255436,98,0.16333333333333333,0.13591247797024722,0.1950377340456446,1.38367557605063,3.4773997231664864,0.4305454363292013,0.1533748086113415,1.2221717898207083,0,0,0,600
