seed,first,second,n,first_success_count,second_success_count,success_difference_pp,second_only_success_count,first_only_success_count,exact_two_sided_mcnemar_p,common_valid_count,common_valid_fraction_of_first_valid,common_valid_fraction_of_second_valid,first_common_mean_cmt,first_common_sample_sd_cmt,second_common_mean_cmt,second_common_sample_sd_cmt,second_minus_first_mean_cmt,ratio_of_means_reduction,second_lower_fraction,cmt_tie_fraction
20263101,active,proposed_phase_aware_three_expert,720,364,356,-1.1111111111111072,9,17,0.16863754391670227,178,0.978021978021978,0.9128205128205128,1.2806185034992532,2.629132517160927,0.7011421460666453,2.355841903652025,-0.5794763574326078,0.4524972549195607,0.5224719101123596,0.43820224719101125
20263101,true_hard_mask,proposed_phase_aware_three_expert,720,350,356,0.8333333333333359,28,22,0.47988766169832786,164,0.9534883720930233,0.841025641025641,1.1219688081617467,1.3559575804396176,0.398583927633454,0.7708969901119995,-0.7233848805282926,0.6447459815870453,0.8048780487804879,0.03048780487804878
20263101,released_two_expert_selector,proposed_phase_aware_three_expert,720,350,356,0.8333333333333359,14,8,0.28627872467041016,185,0.9685863874345549,0.9487179487179487,0.4055474870067134,2.125047030909271,0.5660591620783098,2.1537991445858724,0.16051167507159636,-0.39579008676963956,0.07027027027027027,0.6756756756756757
20263101,active,true_hard_mask,720,364,350,-1.944444444444443,16,30,0.054076031858869555,161,0.8846153846153846,0.936046511627907,1.0290111735114347,1.7307501713808142,1.0806904137479076,1.2434549155900796,0.051679240236472954,-0.05022223428354122,0.38509316770186336,0.037267080745341616
20263102,active,proposed_phase_aware_three_expert,720,327,334,0.9722222222222243,19,12,0.28104151505976915,153,0.9503105590062112,0.8547486033519553,1.4803350618095679,2.629006406068633,0.779745770243075,2.081828959645102,-0.7005892915664929,0.47326399923953,0.5686274509803921,0.4117647058823529
20263102,true_hard_mask,proposed_phase_aware_three_expert,720,328,334,0.8333333333333359,26,20,0.4613911821367651,149,0.9254658385093167,0.8324022346368715,1.6456899661968436,2.880962551161766,0.5186967680989601,1.3178903621332814,-1.1269931980978836,0.6848150145208347,0.8389261744966443,0.013422818791946308
20263102,released_two_expert_selector,proposed_phase_aware_three_expert,720,322,334,1.6666666666666663,19,7,0.028959274291992188,164,0.9704142011834319,0.9162011173184358,0.3428868546041942,1.1219051938229803,0.5214772887304367,1.600916901318987,0.17859043412624254,-0.520843630276802,0.09146341463414634,0.6890243902439024
20263102,active,true_hard_mask,720,327,328,0.1388888888888884,22,21,1.0,147,0.9130434782608695,0.9130434782608695,1.3090520177160967,2.2720873770907586,1.5617032923164755,2.6005898295943823,0.25265127460037873,-0.19300323530395658,0.3945578231292517,0.02040816326530612
20263103,active,proposed_phase_aware_three_expert,720,352,348,-0.5555555555555536,9,13,0.5234670639038086,179,0.93717277486911,0.9179487179487179,1.3888688288346995,2.494472262829299,0.629882398628065,1.4745592756614894,-0.7589864302066344,0.5464781226629196,0.5363128491620112,0.37988826815642457
20263103,true_hard_mask,proposed_phase_aware_three_expert,720,335,348,1.8055555555555547,34,21,0.10478948242660333,161,0.9147727272727273,0.8256410256410256,1.1874465495128745,1.1983221896115388,0.47741738705657166,0.9109900996281219,-0.7100291624563029,0.597946208818896,0.8074534161490683,0.012422360248447204
20263103,released_two_expert_selector,proposed_phase_aware_three_expert,720,334,348,1.944444444444443,23,9,0.020061607006937265,182,0.9732620320855615,0.9333333333333333,0.4661346554384524,1.5276679412064824,0.6319601544604553,1.6179473820466432,0.16582549902200303,-0.3557459139484602,0.03296703296703297,0.7307692307692307
20263103,active,true_hard_mask,720,352,335,-2.361111111111108,15,32,0.018623836615006432,163,0.8534031413612565,0.9261363636363636,1.237411031609843,1.8145044998854274,1.205724751237099,1.2502777672664864,-0.03168628037274395,0.02560691602330467,0.4171779141104294,0.018404907975460124
20263104,active,proposed_phase_aware_three_expert,720,379,379,0.0,11,11,1.0,183,0.9631578947368421,0.8798076923076923,1.489875115553005,3.156624925618656,0.8050337152634519,2.328481144528128,-0.6848414002895531,0.45966362760234225,0.4918032786885246,0.48633879781420764
20263104,true_hard_mask,proposed_phase_aware_three_expert,720,363,379,2.2222222222222254,31,15,0.02589608179323477,167,0.9653179190751445,0.8028846153846154,1.0479519286483425,1.2690373757902371,0.537599387303832,1.058135197042881,-0.5103525413445104,0.48699995428489506,0.8323353293413174,0.017964071856287425
20263104,released_two_expert_selector,proposed_phase_aware_three_expert,720,363,379,2.2222222222222254,25,9,0.00904118549078703,191,0.9646464646464646,0.9182692307692307,0.40139480158967095,1.781385030898293,0.5579815273939845,1.8302707884237626,0.1565867258043136,-0.3901065115546405,0.11518324607329843,0.6335078534031413
20263104,active,true_hard_mask,720,379,363,-2.2222222222222254,14,30,0.022628841205914796,163,0.8578947368421053,0.9421965317919075,0.948756737591348,1.537177638473347,0.9850733085961632,1.0715835723656333,0.03631657100481481,-0.03827806387653565,0.31901840490797545,0.024539877300613498
20263105,active,proposed_phase_aware_three_expert,720,338,346,1.1111111111111127,20,12,0.21532714972272515,176,0.9723756906077348,0.8934010152284264,1.1384964617126945,1.3100554113225884,0.6222546039596476,1.0380415558396692,-0.5162418577530468,0.4534417761619036,0.5227272727272727,0.42045454545454547
20263105,true_hard_mask,proposed_phase_aware_three_expert,720,321,346,3.472222222222221,38,13,0.0006210434562277101,157,0.9631901840490797,0.7969543147208121,1.4383976427061118,1.6361627268682084,0.581417808353843,1.0436080402431096,-0.8569798343522688,0.5957878467737199,0.8407643312101911,0.01910828025477707
20263105,released_two_expert_selector,proposed_phase_aware_three_expert,720,339,346,0.9722222222222243,19,12,0.28104151505976915,184,0.968421052631579,0.934010152284264,0.3039894498695243,0.62608030598704,0.5394364351986302,0.981594153121342,0.23544698532910588,-0.7745235416234424,0.059782608695652176,0.6739130434782609
20263105,active,true_hard_mask,720,338,321,-2.361111111111108,12,29,0.011507789735333063,157,0.8674033149171271,0.9631901840490797,1.1905731236692056,1.536851378014962,1.4534989672049237,1.587179922335394,0.262925843535718,-0.2208397269421063,0.3885350318471338,0.01910828025477707
20263106,active,proposed_phase_aware_three_expert,720,346,349,0.4166666666666652,15,12,0.7011080384254456,169,0.9548022598870056,0.9086021505376344,1.8332349434361717,3.6644565695009397,0.7900307040943862,2.1045170278567498,-1.0432042393417857,0.5690510335715226,0.47928994082840237,0.4556213017751479
20263106,true_hard_mask,proposed_phase_aware_three_expert,720,343,349,0.8333333333333359,24,18,0.44079906734259566,159,0.9244186046511628,0.8548387096774194,1.5459048810415184,2.2529662607404983,0.6742429234500873,1.8443380735397175,-0.8716619575914313,0.5638522578466592,0.7358490566037735,0.03773584905660377
20263106,released_two_expert_selector,proposed_phase_aware_three_expert,720,342,349,0.9722222222222243,15,8,0.21003961563110352,175,0.9615384615384616,0.9408602150537635,0.4788020373430989,1.7756168641137025,0.7401465251714437,2.1009508712905776,0.2613444878283448,-0.5458299410724337,0.08571428571428572,0.6514285714285715
20263106,active,true_hard_mask,720,346,343,-0.41666666666667074,15,18,0.7283324808813632,161,0.9096045197740112,0.936046511627907,1.803530238171348,3.59427481707613,1.5076314839351992,2.1151586171159713,-0.29589875423614875,0.16406642260468518,0.42857142857142855,0.043478260869565216
20263107,active,proposed_phase_aware_three_expert,720,352,358,0.8333333333333359,15,9,0.30745625495910645,168,0.9385474860335196,0.8795811518324608,1.708647175840539,3.557428126536729,1.1437946818864326,3.0904422012046266,-0.5648524939541067,0.33058462972394353,0.5178571428571429,0.4166666666666667
20263107,true_hard_mask,proposed_phase_aware_three_expert,720,337,358,2.9166666666666674,34,13,0.0030876764615186394,153,0.9622641509433962,0.8010471204188482,1.5589080333572132,2.671234329413667,1.102470625566071,3.1766515042237167,-0.4564374077911424,0.2927930307782003,0.7450980392156863,0.0196078431372549
20263107,released_two_expert_selector,proposed_phase_aware_three_expert,720,349,358,1.250000000000001,17,8,0.10775214433670044,181,0.9679144385026738,0.9476439790575916,0.7386047286733579,2.7332871717776253,1.0150526315851243,2.929430571540379,0.27644790291176646,-0.37428396025612676,0.0718232044198895,0.6740331491712708
20263107,active,true_hard_mask,720,352,337,-2.0833333333333313,18,33,0.04887389231827033,150,0.8379888268156425,0.9433962264150944,1.7254872130068974,3.7006966984609786,1.6120479427184298,2.7073896211440998,-0.11343927028846773,0.0657433271213782,0.4266666666666667,0.03333333333333333
20263108,active,proposed_phase_aware_three_expert,720,340,332,-1.1111111111111072,7,15,0.13380050659179688,150,0.9433962264150944,0.9090909090909091,1.2235443736131906,1.746127797012598,0.594616114424374,1.1172904247212472,-0.6289282591888165,0.514021618465343,0.5466666666666666,0.38666666666666666
20263108,true_hard_mask,proposed_phase_aware_three_expert,720,338,332,-0.8333333333333304,20,26,0.4613911821367651,140,0.9090909090909091,0.8484848484848485,1.5727750112490961,2.315564105593915,0.5259291933623557,0.9719521367492769,-1.0468458178867406,0.6656043047475282,0.8071428571428572,0.007142857142857143
20263108,released_two_expert_selector,proposed_phase_aware_three_expert,720,327,332,0.6944444444444475,15,10,0.42435622215270996,155,0.96875,0.9393939393939394,0.38302900281159874,1.2640215719819152,0.4998033197414185,0.911963805409804,0.11677431692981985,-0.3048706914428039,0.03225806451612903,0.7161290322580646
20263108,active,true_hard_mask,720,340,338,-0.2777777777777768,17,19,0.8679394004284404,142,0.8930817610062893,0.922077922077922,1.1595619545791145,1.6668904066803683,1.5404696705501417,2.280176514713918,0.38090771597102746,-0.32849276786533155,0.3873239436619718,0.007042253521126761
20263109,active,proposed_phase_aware_three_expert,720,366,371,0.694444444444442,13,8,0.38331031799316406,184,0.9735449735449735,0.934010152284264,1.3486711454773044,2.7075568199981106,0.74082069543429,1.838241612610976,-0.6078504500430144,0.45070323635336007,0.5434782608695652,0.41304347826086957
20263109,true_hard_mask,proposed_phase_aware_three_expert,720,354,371,2.361111111111108,37,20,0.03314396778750544,159,0.9352941176470588,0.8071065989847716,1.2741729016877128,1.5830426266820634,0.5147672385359172,1.035209943778455,-0.7594056631517956,0.59599891203613,0.8364779874213837,0.018867924528301886
20263109,released_two_expert_selector,proposed_phase_aware_three_expert,720,364,371,0.9722222222222188,19,12,0.28104151505976915,182,0.9479166666666666,0.9238578680203046,0.44299477133279447,1.6339493879639726,0.6568263327820542,1.7962552637654479,0.21383156144925974,-0.48269545215155896,0.04945054945054945,0.6593406593406593
20263109,active,true_hard_mask,720,366,354,-1.6666666666666663,19,31,0.11892045255943628,159,0.8412698412698413,0.9352941176470588,1.1294310638114755,2.0368528705888775,1.3068574463871685,1.6282555848363325,0.17742638257569307,-0.1570935918629106,0.39622641509433965,0.025157232704402517
20263110,active,proposed_phase_aware_three_expert,720,338,345,0.9722222222222243,13,6,0.1670684814453125,165,0.9821428571428571,0.9217877094972067,1.5696128215220948,3.3842993293083303,0.889368987967178,3.1158313171965837,-0.6802438335549172,0.43338320395170227,0.509090909090909,0.4484848484848485
20263110,true_hard_mask,proposed_phase_aware_three_expert,720,319,345,3.611111111111115,40,14,0.0005354355028570622,144,0.9536423841059603,0.8044692737430168,1.483932065769784,2.3788742714221014,0.7798101608576331,3.2477404633904006,-0.7041219049121509,0.47449739860354756,0.8125,0.020833333333333332
20263110,released_two_expert_selector,proposed_phase_aware_three_expert,720,320,345,3.4722222222222268,30,5,2.2361520677804947e-05,163,0.9588235294117647,0.9106145251396648,0.6281691491090097,3.064409050316445,0.8453378151319714,3.188250598034,0.21716866602296162,-0.34571686038862626,0.0736196319018405,0.656441717791411
20263110,active,true_hard_mask,720,338,319,-2.6388888888888906,15,34,0.009399241523873059,143,0.8511904761904762,0.9470198675496688,1.3984851356428984,3.440040596247135,1.4866084462830993,2.387018323262538,0.08812331064020076,-0.06301340528706412,0.34265734265734266,0.02097902097902098
20263111,active,proposed_phase_aware_three_expert,720,349,354,0.694444444444442,13,8,0.38331031799316406,171,0.9827586206896551,0.9047619047619048,1.6746675728723395,2.786692966957714,0.6487095611400555,1.5756778033801322,-1.0259580117322837,0.6126338315446042,0.5146198830409356,0.40350877192982454
20263111,true_hard_mask,proposed_phase_aware_three_expert,720,330,354,3.3333333333333326,37,13,0.000936222910851825,151,0.967948717948718,0.798941798941799,1.5643621067264144,2.4787193452974567,0.5037850921880792,1.3126555701420364,-1.060577014538335,0.6779613300386697,0.847682119205298,0.006622516556291391
20263111,released_two_expert_selector,proposed_phase_aware_three_expert,720,343,354,1.527777777777778,19,8,0.052238985896110535,174,0.9666666666666667,0.9206349206349206,0.3101108227651455,0.8115708108462596,0.5481773555073117,1.4915453880030216,0.2380665327421663,-0.7676821164105576,0.08620689655172414,0.6609195402298851
20263111,active,true_hard_mask,720,349,330,-2.6388888888888906,13,32,0.006608822842281368,145,0.8333333333333334,0.9294871794871795,1.4672249213111161,2.632687795418377,1.4905439879081925,2.4214123832079166,0.023319066597076308,-0.015893314145890125,0.3724137931034483,0.020689655172413793
20263112,active,proposed_phase_aware_three_expert,720,342,337,-0.694444444444442,12,17,0.45825831964612007,156,0.9341317365269461,0.8478260869565217,1.7171348057281808,5.3803779124201405,1.058767603521363,5.293455975088206,-0.6583672022068182,0.3834103181710453,0.5256410256410257,0.4358974358974359
20263112,true_hard_mask,proposed_phase_aware_three_expert,720,321,337,2.2222222222222197,35,19,0.04022356409571669,136,0.9315068493150684,0.7391304347826086,1.3857117062581892,1.5692620822136114,0.596995251807793,1.3952394874317564,-0.788716454450396,0.5691778823029158,0.7941176470588235,0.022058823529411766
20263112,released_two_expert_selector,proposed_phase_aware_three_expert,720,326,337,1.527777777777778,22,11,0.08014331245794892,165,0.9763313609467456,0.8967391304347826,0.295256044325672,0.7231888061965559,0.4632678479085865,0.9793830805810188,0.1680118035829145,-0.5690376431298216,0.07878787878787878,0.6606060606060606
20263112,active,true_hard_mask,720,342,321,-2.9166666666666616,14,35,0.003801654409748778,137,0.8203592814371258,0.9383561643835616,1.1891249138676032,1.770022627037101,1.400689886828556,1.584928400638579,0.21156497296095272,-0.17791652541602399,0.41605839416058393,0.021897810218978103
20263113,active,proposed_phase_aware_three_expert,720,354,359,0.6944444444444475,15,10,0.42435622215270996,180,0.9523809523809523,0.8866995073891626,2.132082238086988,4.80225364026787,1.190693545321853,4.638115673544232,-0.9413886927651353,0.441534888264815,0.5333333333333333,0.4444444444444444
20263113,true_hard_mask,proposed_phase_aware_three_expert,720,336,359,3.194444444444444,40,17,0.0032015437674503813,165,0.9322033898305084,0.812807881773399,1.6830641278602705,2.2977784872639866,0.9269670603560562,2.820200547125023,-0.7560970675042142,0.4492384187793622,0.8,0.012121212121212121
20263113,released_two_expert_selector,proposed_phase_aware_three_expert,720,351,359,1.1111111111111127,16,8,0.15158963203430176,193,0.9747474747474747,0.9507389162561576,0.7829334944904568,4.025121773717987,0.9995150492270403,4.029594044287934,0.2165815547365833,-0.27662829124143884,0.07772020725388601,0.6424870466321243
20263113,active,true_hard_mask,720,354,336,-2.4999999999999964,13,31,0.009559878856634896,164,0.8677248677248677,0.9265536723163842,1.6593435912894938,3.2841493950443432,1.6225526282816345,2.26483968951864,-0.03679096300785891,0.022171998132869297,0.39634146341463417,0.024390243902439025
20263114,active,proposed_phase_aware_three_expert,720,355,353,-0.27777777777778234,10,12,0.8318119049072266,170,0.96045197740113,0.8994708994708994,1.4926758628812242,2.469498210476091,0.6101441683175752,1.3125253366956937,-0.8825316945636493,0.5912413515283553,0.5470588235294118,0.4176470588235294
20263114,true_hard_mask,proposed_phase_aware_three_expert,720,346,353,0.9722222222222188,28,21,0.3916029105474905,160,0.9580838323353293,0.8465608465608465,1.4464460606047793,1.9882574254363041,0.56332179208013,1.2717003512871703,-0.8831242685246494,0.6105476675399861,0.83125,0.0125
20263114,released_two_expert_selector,proposed_phase_aware_three_expert,720,339,353,1.944444444444443,22,8,0.016124801710247997,177,0.9672131147540983,0.9365079365079365,0.2900573486796503,0.6860165260699914,0.5037367947052953,1.184056289786974,0.213679446025645,-0.7366799944849536,0.062146892655367235,0.655367231638418
20263114,active,true_hard_mask,720,355,346,-1.250000000000001,13,22,0.175465248990804,162,0.9152542372881356,0.9700598802395209,1.3109759320173344,1.9862754221749415,1.3786225577248141,1.7216952897334965,0.0676466257074797,-0.0516002041344763,0.3950617283950617,0.030864197530864196
20263115,active,proposed_phase_aware_three_expert,720,327,326,-0.1388888888888884,12,13,1.0,157,0.9345238095238095,0.8770949720670391,1.3431349179015246,2.393863711764597,0.7250858682069152,2.155655919511042,-0.6180490496946095,0.46015410772004306,0.5414012738853503,0.39490445859872614
20263115,true_hard_mask,proposed_phase_aware_three_expert,720,309,326,2.361111111111114,35,18,0.027008317653722358,138,0.9261744966442953,0.770949720670391,1.2537914828764953,1.9651846559728936,0.5104139400825115,1.3706475673819773,-0.7433775427939838,0.5929036470151314,0.7898550724637681,0.021739130434782608
20263115,released_two_expert_selector,proposed_phase_aware_three_expert,720,314,326,1.6666666666666663,14,2,0.004180908203125,168,0.9767441860465116,0.9385474860335196,0.5038180705519792,1.8396012865582099,0.6829296318014615,2.1036709624043413,0.1791115612494823,-0.35550841011567713,0.08333333333333333,0.7023809523809523
20263115,active,true_hard_mask,720,327,309,-2.500000000000002,14,32,0.011351591436778108,139,0.8273809523809523,0.9328859060402684,1.1054781917888612,1.8625248525640958,1.2682496536016217,2.1285979363256087,0.16277146181276037,-0.14724077147950543,0.4028776978417266,0.03597122302158273
