"case_id","case_dir","terrain","nominal_length_m","replicate","method","script","status","returncode","elapsed_seconds","cmt","time_s","foot_error_m","source_sha256","source_scan_hits","source_tree_changed","stdout_log","stderr_log","parse_notes"
"flat_L1145_r1","paper2_case_bundle/60,30(0.33m),1.145","flat","1.145","1","Proposed passive selector","Qi_multi_passive_sim.py","ok","0","2.868366","0.12052307848821536","2.52","","da1f5d1d682ab4d72e25a1d18c461d83b549ec213784a1fa325c4ed4810412ee","","false","data/paper2/readonly_rerun/flat_L1145_r1__passive.stdout.txt","data/paper2/readonly_rerun/flat_L1145_r1__passive.stderr.txt",""
"flat_L1145_r1","paper2_case_bundle/60,30(0.33m),1.145","flat","1.145","1","Discrete active PPO","Qi_multi_ac_discrete_sim.py","ok","0","3.358315","0.24260058154419423","1.99","0.12684528102720005","e8cc0d03e2881b26512a847e788bba4e70344cd9498077164035b33e6942169a","","false","data/paper2/readonly_rerun/flat_L1145_r1__discrete.stdout.txt","data/paper2/readonly_rerun/flat_L1145_r1__discrete.stderr.txt",""
"flat_L1145_r1","paper2_case_bundle/60,30(0.33m),1.145","flat","1.145","1","Continuous active PPO","Multi_continuous.py","ok","0","2.973128","0.2664538721943747","3.44","0.10506091435166187","1a6744e2992a1a42fd69006722d4fd4ce192f4c62784024dd745a0c760a878ac","","false","data/paper2/readonly_rerun/flat_L1145_r1__continuous.stdout.txt","data/paper2/readonly_rerun/flat_L1145_r1__continuous.stderr.txt",""
"flat_L1145_r1","paper2_case_bundle/60,30(0.33m),1.145","flat","1.145","1","LIPM COM","LIPM.py","ok","0","5.517957","0.287705","","","f74cdbb6a36415b30c8459ff1ee3d9b46b41d27b6d47645cd6dd6e2b64670b14","","false","data/paper2/readonly_rerun/flat_L1145_r1__lipm.stdout.txt","data/paper2/readonly_rerun/flat_L1145_r1__lipm.stderr.txt",""
"flat_L1145_r1","paper2_case_bundle/60,30(0.33m),1.145","flat","1.145","1","TVLQR tracking","LQR.py","ok","0","3.141699","0.264992","","","63ce0417afc30f2446e09d7511bcbefefe8e1e9713cb298a289e72da699082ca","","false","data/paper2/readonly_rerun/flat_L1145_r1__lqr.stdout.txt","data/paper2/readonly_rerun/flat_L1145_r1__lqr.stderr.txt",""
"flat_L1145_r2","paper2_case_bundle/60,30(0.33m),1.145-2","flat","1.145","2","Proposed passive selector","Qi_multi_passive_sim.py","ok","0","2.976632","0.1185792601677367","2.61","0.021824064814923272","37feb8b23efc2b6f0cafb08ef99ad243fd0423342a33baed4cc1c56f85aba244","","false","data/paper2/readonly_rerun/flat_L1145_r2__passive.stdout.txt","data/paper2/readonly_rerun/flat_L1145_r2__passive.stderr.txt",""
"flat_L1145_r2","paper2_case_bundle/60,30(0.33m),1.145-2","flat","1.145","2","Discrete active PPO","Qi_multi_ac_discrete_sim.py","ok","0","3.310784","0.23219516008024402","2.5500000000000003","0.15231721676541943","a6c571e6df0b6a0b68cda689afe0af92dfeef206c8cf48305adc3c4748be2d8c","","false","data/paper2/readonly_rerun/flat_L1145_r2__discrete.stdout.txt","data/paper2/readonly_rerun/flat_L1145_r2__discrete.stderr.txt",""
"flat_L1145_r2","paper2_case_bundle/60,30(0.33m),1.145-2","flat","1.145","2","Continuous active PPO","Multi_continuous.py","ok","0","2.870702","0.2589772684441919","2.86","0.1203925199397351","3cde6200b870d32093ecc672596ec1dd16bd5767f998b54fc73ae88bc036960b","","false","data/paper2/readonly_rerun/flat_L1145_r2__continuous.stdout.txt","data/paper2/readonly_rerun/flat_L1145_r2__continuous.stderr.txt",""
"flat_L1145_r2","paper2_case_bundle/60,30(0.33m),1.145-2","flat","1.145","2","LIPM COM","LIPM.py","ok","0","4.912955","0.265392","","","8905a687d92791011ff484e486d62f4cf9cfb7efe81647f0288db93bc007e58f","","false","data/paper2/readonly_rerun/flat_L1145_r2__lipm.stdout.txt","data/paper2/readonly_rerun/flat_L1145_r2__lipm.stderr.txt",""
"flat_L1145_r2","paper2_case_bundle/60,30(0.33m),1.145-2","flat","1.145","2","TVLQR tracking","LQR.py","ok","0","3.093623","0.253385","","","ecadc7c4b998a9ee148323c3f4ca83c387343f1d1ad792830b32acd621d4ec16","","false","data/paper2/readonly_rerun/flat_L1145_r2__lqr.stdout.txt","data/paper2/readonly_rerun/flat_L1145_r2__lqr.stderr.txt",""
"flat_L1145_r3","paper2_case_bundle/60,30(0.33m),1.145-3","flat","1.145","3","Proposed passive selector","Qi_multi_passive_sim.py","ok","0","2.980557","0.12143080143077968","2.84","0.0972730978841081","368a3f5686d15500a457d771954a50a56e084b90dcadd9b671e8736ab37198e4","","false","data/paper2/readonly_rerun/flat_L1145_r3__passive.stdout.txt","data/paper2/readonly_rerun/flat_L1145_r3__passive.stderr.txt",""
"flat_L1145_r3","paper2_case_bundle/60,30(0.33m),1.145-3","flat","1.145","3","Discrete active PPO","Qi_multi_ac_discrete_sim.py","ok","0","3.372828","0.22488253448370082","2.1","0.1520505514401167","db281ced7b10635f206075928ae147e2b6d2d6a5b136d31ff75a85fe94cd861c","","false","data/paper2/readonly_rerun/flat_L1145_r3__discrete.stdout.txt","data/paper2/readonly_rerun/flat_L1145_r3__discrete.stderr.txt",""
"flat_L1145_r3","paper2_case_bundle/60,30(0.33m),1.145-3","flat","1.145","3","Continuous active PPO","Multi_continuous.py","ok","0","2.913641","0.22886600920012357","3.5500000000000003","0.15750950555365795","4a5fe17bd1d1e8956e8cab4bf5e5fb28795514cbd6375040124ab61d2975c901","","false","data/paper2/readonly_rerun/flat_L1145_r3__continuous.stdout.txt","data/paper2/readonly_rerun/flat_L1145_r3__continuous.stderr.txt",""
"flat_L1145_r3","paper2_case_bundle/60,30(0.33m),1.145-3","flat","1.145","3","LIPM COM","LIPM.py","ok","0","5.275884","0.222893","","","0861b8a8a0edaf6e7afb9a1625c1309e13f3c77514cc7dcdd7c42bf237707f8c","","false","data/paper2/readonly_rerun/flat_L1145_r3__lipm.stdout.txt","data/paper2/readonly_rerun/flat_L1145_r3__lipm.stderr.txt",""
"flat_L1145_r3","paper2_case_bundle/60,30(0.33m),1.145-3","flat","1.145","3","TVLQR tracking","LQR.py","timeout","","180.059551","","","","6eaf0e5fa7d56086be78c39f6275ed2519ac515c5493b4ccc347c3fe11617833","","false","data/paper2/readonly_rerun/flat_L1145_r3__lqr.stdout.txt","data/paper2/readonly_rerun/flat_L1145_r3__lqr.stderr.txt","exceeded 180s timeout; missing Cmt"
"raised_L1145_r1","paper2_case_bundle/60,30(0.33m),0.01m,1.145","raised_0.01m","1.145","1","Proposed passive selector","Qi_multi_passive_sim.py","ok","0","3.008799","0.14785439168930947","2.3000000000000003","0.10767834951502708","0d829ef72ee4a2cc624f9eb83cd071d3a64a8ee93c7c0bbf2ed4291d38144a24","","false","data/paper2/readonly_rerun/raised_L1145_r1__passive.stdout.txt","data/paper2/readonly_rerun/raised_L1145_r1__passive.stderr.txt",""
"raised_L1145_r1","paper2_case_bundle/60,30(0.33m),0.01m,1.145","raised_0.01m","1.145","1","Discrete active PPO","Qi_multi_ac_discrete_sim.py","ok","0","3.433556","0.2565281052018476","2.17","0.14380416812910135","a5eb28927076be56d6d58f9b257360285c08c32bfe55d0f0b8061be12056510c","","false","data/paper2/readonly_rerun/raised_L1145_r1__discrete.stdout.txt","data/paper2/readonly_rerun/raised_L1145_r1__discrete.stderr.txt",""
"raised_L1145_r1","paper2_case_bundle/60,30(0.33m),0.01m,1.145","raised_0.01m","1.145","1","Continuous active PPO","Multi_continuous.py","ok","0","2.961924","0.25903140715431305","2.83","0.14196624443767547","6a9469cd41ca45283cf44c1e95e52d623f8cd0e4afc984c064543aee54e18c3f","","false","data/paper2/readonly_rerun/raised_L1145_r1__continuous.stdout.txt","data/paper2/readonly_rerun/raised_L1145_r1__continuous.stderr.txt",""
"raised_L1145_r1","paper2_case_bundle/60,30(0.33m),0.01m,1.145","raised_0.01m","1.145","1","LIPM COM","LIPM.py","ok","0","5.170658","0.281276","","","ce0cb86a47da1861efda4663f81293d6c506e6b9d2f42c2011c9bd9cccfcdcb6","","false","data/paper2/readonly_rerun/raised_L1145_r1__lipm.stdout.txt","data/paper2/readonly_rerun/raised_L1145_r1__lipm.stderr.txt",""
"raised_L1145_r1","paper2_case_bundle/60,30(0.33m),0.01m,1.145","raised_0.01m","1.145","1","TVLQR tracking","LQR.py","ok","0","3.050373","0.250948","","","dec94b33b5532cbbb8964469a067be381d7e686adf4c3f6b3163b2c5bd2f334d","","false","data/paper2/readonly_rerun/raised_L1145_r1__lqr.stdout.txt","data/paper2/readonly_rerun/raised_L1145_r1__lqr.stderr.txt",""
"raised_L1145_r2","paper2_case_bundle/60,30(0.33m),0.01m,1.145-2","raised_0.01m","1.145","2","Proposed passive selector","Qi_multi_passive_sim.py","ok","0","2.872804","0.13731368143671915","2.2800000000000002","0.13762138421706926","c77f20143944b5872753d652bb867a6ee12f513452ce8b0d873e05d3f103a453","","false","data/paper2/readonly_rerun/raised_L1145_r2__passive.stdout.txt","data/paper2/readonly_rerun/raised_L1145_r2__passive.stderr.txt",""
"raised_L1145_r2","paper2_case_bundle/60,30(0.33m),0.01m,1.145-2","raised_0.01m","1.145","2","Discrete active PPO","Qi_multi_ac_discrete_sim.py","ok","0","3.420638","0.24133085679392913","2.72","0.1549283434931863","198685c8270ca3436f15ce346928748a4397e213a814172c959eaa41a4875d5b","","false","data/paper2/readonly_rerun/raised_L1145_r2__discrete.stdout.txt","data/paper2/readonly_rerun/raised_L1145_r2__discrete.stderr.txt",""
"raised_L1145_r2","paper2_case_bundle/60,30(0.33m),0.01m,1.145-2","raised_0.01m","1.145","2","Continuous active PPO","Multi_continuous.py","ok","0","2.931907","0.24736340282300093","3.3200000000000003","0.1281237757893665","6a6e72fd044813311658834257cf4cfa9ea93bb9187eae7a8de79ecc936e4574","","false","data/paper2/readonly_rerun/raised_L1145_r2__continuous.stdout.txt","data/paper2/readonly_rerun/raised_L1145_r2__continuous.stderr.txt",""
"raised_L1145_r2","paper2_case_bundle/60,30(0.33m),0.01m,1.145-2","raised_0.01m","1.145","2","LIPM COM","LIPM.py","ok","0","5.287434","0.246012","","","9b60b6d9c162154c53adcde8394b356a8a188ccbe5787e8c28b0c7734e1ddeeb","","false","data/paper2/readonly_rerun/raised_L1145_r2__lipm.stdout.txt","data/paper2/readonly_rerun/raised_L1145_r2__lipm.stderr.txt",""
"raised_L1145_r2","paper2_case_bundle/60,30(0.33m),0.01m,1.145-2","raised_0.01m","1.145","2","TVLQR tracking","LQR.py","ok","0","2.977410","0.23999","","","eefaceb2b476e0c6be59d81d61bdd0be5da396d4228367046579f7b8066de881","","false","data/paper2/readonly_rerun/raised_L1145_r2__lqr.stdout.txt","data/paper2/readonly_rerun/raised_L1145_r2__lqr.stderr.txt",""
"raised_L1145_r3","paper2_case_bundle/60,30(0.33m),0.01m,1.145-3","raised_0.01m","1.145","3","Proposed passive selector","Qi_multi_passive_sim.py","ok","0","2.808831","0.13212368445931796","3.19","0.09649707897328286","14ed3c7a22372c13b5c4235e774334fe7fb360c21cb59f71ebe964ea2de5c111","","false","data/paper2/readonly_rerun/raised_L1145_r3__passive.stdout.txt","data/paper2/readonly_rerun/raised_L1145_r3__passive.stderr.txt",""
"raised_L1145_r3","paper2_case_bundle/60,30(0.33m),0.01m,1.145-3","raised_0.01m","1.145","3","Discrete active PPO","Qi_multi_ac_discrete_sim.py","ok","0","3.229294","0.24010378326288317","2.7800000000000002","0.1494888461423165","447c4fc61e00d4332c3c9c9c91740151a5d2dbd5510731d61d5c84ea308880ca","","false","data/paper2/readonly_rerun/raised_L1145_r3__discrete.stdout.txt","data/paper2/readonly_rerun/raised_L1145_r3__discrete.stderr.txt",""
"raised_L1145_r3","paper2_case_bundle/60,30(0.33m),0.01m,1.145-3","raised_0.01m","1.145","3","Continuous active PPO","Multi_continuous.py","ok","0","2.740516","0.23266493726824447","3.47","0.13993425905422807","88d6215899c8e18db38bc25284b7f5846f2e50397fdbed50d2d6b952ee9709fb","","false","data/paper2/readonly_rerun/raised_L1145_r3__continuous.stdout.txt","data/paper2/readonly_rerun/raised_L1145_r3__continuous.stderr.txt",""
"raised_L1145_r3","paper2_case_bundle/60,30(0.33m),0.01m,1.145-3","raised_0.01m","1.145","3","LIPM COM","LIPM.py","ok","0","5.098001","0.209884","","","e24279c109c59ccfc381ce65b4d2dd2561ddab2f4ce81b80a846ba09e9c2b696","","false","data/paper2/readonly_rerun/raised_L1145_r3__lipm.stdout.txt","data/paper2/readonly_rerun/raised_L1145_r3__lipm.stderr.txt",""
"raised_L1145_r3","paper2_case_bundle/60,30(0.33m),0.01m,1.145-3","raised_0.01m","1.145","3","TVLQR tracking","LQR.py","ok","0","3.183600","0.225175","","","c94a5491c2e3dc7af38124853a442ce4f73903f3d470ad52fb40d81321403992","","false","data/paper2/readonly_rerun/raised_L1145_r3__lqr.stdout.txt","data/paper2/readonly_rerun/raised_L1145_r3__lqr.stderr.txt",""
"flat_L128_r1","paper2_case_bundle/60,30(0.33m),1.28","flat","1.28","1","Proposed passive selector","Qi_multi_passive_sim.py","ok","0","2.880592","0.11319157587430137","2.67","0.03371478741545153","4d8d4c938db926963bd52607533cb93142dcc6321ac510c7cb3ef9aea82ea169","","false","data/paper2/readonly_rerun/flat_L128_r1__passive.stdout.txt","data/paper2/readonly_rerun/flat_L128_r1__passive.stderr.txt",""
"flat_L128_r1","paper2_case_bundle/60,30(0.33m),1.28","flat","1.28","1","Discrete active PPO","Qi_multi_ac_discrete_sim.py","ok","0","3.300623","0.2171195951298242","2.35","0.12454114581054054","2329016e659f9012977827c5f63384010147451c2d2b35da4778783bebaec1da","","false","data/paper2/readonly_rerun/flat_L128_r1__discrete.stdout.txt","data/paper2/readonly_rerun/flat_L128_r1__discrete.stderr.txt",""
"flat_L128_r1","paper2_case_bundle/60,30(0.33m),1.28","flat","1.28","1","Continuous active PPO","Multi_continuous.py","ok","0","2.790471","0.24227017317402122","3.66","0.09929209993657095","8ea660734ed15ef28d690aa703d82d7c7f1b6f9fa97ad0ae31656309b6623cea","","false","data/paper2/readonly_rerun/flat_L128_r1__continuous.stdout.txt","data/paper2/readonly_rerun/flat_L128_r1__continuous.stderr.txt",""
"flat_L128_r1","paper2_case_bundle/60,30(0.33m),1.28","flat","1.28","1","LIPM COM","LIPM.py","ok","0","5.319909","0.227665","","","d1bdd46ea454a532c25013b74637911a2c45d2fb73b7ec8dbc1bb86288294509","","false","data/paper2/readonly_rerun/flat_L128_r1__lipm.stdout.txt","data/paper2/readonly_rerun/flat_L128_r1__lipm.stderr.txt",""
"flat_L128_r1","paper2_case_bundle/60,30(0.33m),1.28","flat","1.28","1","TVLQR tracking","LQR.py","ok","0","3.179753","0.235297","","","63937f1802364bf29a0f8974498bfb17474f670a5b5f47a86913dffdad6ea9d7","","false","data/paper2/readonly_rerun/flat_L128_r1__lqr.stdout.txt","data/paper2/readonly_rerun/flat_L128_r1__lqr.stderr.txt",""
"flat_L128_r2","paper2_case_bundle/60,30(0.33m),1.28-2","flat","1.28","2","Proposed passive selector","Qi_multi_passive_sim.py","ok","0","2.913562","0.11225498534642357","2.7800000000000002","0.035464581676681206","13e7b05eea26a7f32959cc12daa1d7b59cf5d7d2a1efd1ac708ec3e0ba46c867","","false","data/paper2/readonly_rerun/flat_L128_r2__passive.stdout.txt","data/paper2/readonly_rerun/flat_L128_r2__passive.stderr.txt",""
"flat_L128_r2","paper2_case_bundle/60,30(0.33m),1.28-2","flat","1.28","2","Discrete active PPO","Qi_multi_ac_discrete_sim.py","ok","0","3.266899","0.2150008954864457","3.39","0.12078724422435028","d8cf73014b7fb4f60426bc6d71890c67f3fb268c1f650072d6b9e4173dd85005","","false","data/paper2/readonly_rerun/flat_L128_r2__discrete.stdout.txt","data/paper2/readonly_rerun/flat_L128_r2__discrete.stderr.txt",""
"flat_L128_r2","paper2_case_bundle/60,30(0.33m),1.28-2","flat","1.28","2","Continuous active PPO","Multi_continuous.py","ok","0","3.025688","0.2305467973059341","3.96","0.11174469927293296","1eaab292adfa098a4f31b41037f26adbf01ea42d160b64b8c592bbd9d9ba086e","","false","data/paper2/readonly_rerun/flat_L128_r2__continuous.stdout.txt","data/paper2/readonly_rerun/flat_L128_r2__continuous.stderr.txt",""
"flat_L128_r2","paper2_case_bundle/60,30(0.33m),1.28-2","flat","1.28","2","LIPM COM","LIPM.py","ok","0","5.454539","0.220897","","","e4faa51c14d9e225dfc576f0a8960da446bf44acbbb393f980227103bc39c683","","false","data/paper2/readonly_rerun/flat_L128_r2__lipm.stdout.txt","data/paper2/readonly_rerun/flat_L128_r2__lipm.stderr.txt",""
"flat_L128_r2","paper2_case_bundle/60,30(0.33m),1.28-2","flat","1.28","2","TVLQR tracking","LQR.py","ok","0","3.105561","0.223641","","","3a7d52b9ae27cea848627899f182f4bff8ca5b9df2cf5af353b02c8a0f5d4cca","","false","data/paper2/readonly_rerun/flat_L128_r2__lqr.stdout.txt","data/paper2/readonly_rerun/flat_L128_r2__lqr.stderr.txt",""
"flat_L128_r3","paper2_case_bundle/60,30(0.33m),1.28-3","flat","1.28","3","Proposed passive selector","Qi_multi_passive_sim.py","ok","0","2.847079","0.11551109964541492","2.81","0.03441548621294288","a653c5a2836520b6cc8b88f254c9abba908d782306f511edc8fef4d72c5881d7","","false","data/paper2/readonly_rerun/flat_L128_r3__passive.stdout.txt","data/paper2/readonly_rerun/flat_L128_r3__passive.stderr.txt",""
"flat_L128_r3","paper2_case_bundle/60,30(0.33m),1.28-3","flat","1.28","3","Discrete active PPO","Qi_multi_ac_discrete_sim.py","ok","0","3.309832","0.1990425644470404","3.1","0.1562694616315905","2b6415bcac86f0d87545ffd195a349ff1d182e1da4cc26eba541699efb1bbb2b","","false","data/paper2/readonly_rerun/flat_L128_r3__discrete.stdout.txt","data/paper2/readonly_rerun/flat_L128_r3__discrete.stderr.txt",""
"flat_L128_r3","paper2_case_bundle/60,30(0.33m),1.28-3","flat","1.28","3","Continuous active PPO","Multi_continuous.py","ok","0","2.886414","0.22401828561719214","3.65","0.13497179869648068","1d059d3c173d76534cb13fe65e721a24d48c660f7d03c8653b7c1ef41f793fce","","false","data/paper2/readonly_rerun/flat_L128_r3__continuous.stdout.txt","data/paper2/readonly_rerun/flat_L128_r3__continuous.stderr.txt",""
"flat_L128_r3","paper2_case_bundle/60,30(0.33m),1.28-3","flat","1.28","3","LIPM COM","LIPM.py","ok","0","5.342394","0.209072","","","35f742fd9078726d6d5b1196296deafddcc169fcbb37cb94fd1fa0a9ca282a19","","false","data/paper2/readonly_rerun/flat_L128_r3__lipm.stdout.txt","data/paper2/readonly_rerun/flat_L128_r3__lipm.stderr.txt",""
"flat_L128_r3","paper2_case_bundle/60,30(0.33m),1.28-3","flat","1.28","3","TVLQR tracking","LQR.py","ok","0","2.967621","0.217185","","","25fe38298477e3fea93ca806846c68073f7f56d3356e32342da6e2e910712c9b","","false","data/paper2/readonly_rerun/flat_L128_r3__lqr.stdout.txt","data/paper2/readonly_rerun/flat_L128_r3__lqr.stderr.txt",""
"raised_L128_r1","paper2_case_bundle/60,30(0.33m),0.01m,1.28","raised_0.01m","1.28","1","Proposed passive selector","Qi_multi_passive_sim.py","ok","0","2.787170","0.12320914014917492","3.21","0.1071597656818255","a9cb407057aee57e35427978c0fb01b5f9004d04c62fb9dc5bf31b3441d121f6","","false","data/paper2/readonly_rerun/raised_L128_r1__passive.stdout.txt","data/paper2/readonly_rerun/raised_L128_r1__passive.stderr.txt",""
"raised_L128_r1","paper2_case_bundle/60,30(0.33m),0.01m,1.28","raised_0.01m","1.28","1","Discrete active PPO","Qi_multi_ac_discrete_sim.py","ok","0","3.259047","0.224470194060896","3.11","0.15049186478676968","08b781dc48e80fe9a18607bf03e4181b528976afda29f9749d5fa02fea3c89d5","","false","data/paper2/readonly_rerun/raised_L128_r1__discrete.stdout.txt","data/paper2/readonly_rerun/raised_L128_r1__discrete.stderr.txt",""
"raised_L128_r1","paper2_case_bundle/60,30(0.33m),0.01m,1.28","raised_0.01m","1.28","1","Continuous active PPO","Multi_continuous.py","ok","0","2.737069","0.23140221463914637","3.3000000000000003","0.13588136209868296","cd7b9176de471b79be66d5ebf52dc2ea3d9181939073b306e918fbf08f501fa0","","false","data/paper2/readonly_rerun/raised_L128_r1__continuous.stdout.txt","data/paper2/readonly_rerun/raised_L128_r1__continuous.stderr.txt",""
"raised_L128_r1","paper2_case_bundle/60,30(0.33m),0.01m,1.28","raised_0.01m","1.28","1","LIPM COM","LIPM.py","ok","0","5.116712","0.218385","","","bfabc3bb1c4e15d649c70a9270a1146b1a7060fd469e214a1cfe84189fa0095e","","false","data/paper2/readonly_rerun/raised_L128_r1__lipm.stdout.txt","data/paper2/readonly_rerun/raised_L128_r1__lipm.stderr.txt",""
"raised_L128_r1","paper2_case_bundle/60,30(0.33m),0.01m,1.28","raised_0.01m","1.28","1","TVLQR tracking","LQR.py","ok","0","2.973371","0.224081","","","cfbefe2eddb850f73393fb5f708670c4a73068fec5c74dab19d3b2bf73641189","","false","data/paper2/readonly_rerun/raised_L128_r1__lqr.stdout.txt","data/paper2/readonly_rerun/raised_L128_r1__lqr.stderr.txt",""
"raised_L128_r2","paper2_case_bundle/60,30(0.33m),0.01m,1.28-2","raised_0.01m","1.28","2","Proposed passive selector","Qi_multi_passive_sim.py","ok","0","2.746659","0.11919749326798594","3.18","0.11375699923219962","3313e61f82d7cf8b8ff0d058dcd8b2ac80c76c7c083567bb4c6d59e00375b2a4","","false","data/paper2/readonly_rerun/raised_L128_r2__passive.stdout.txt","data/paper2/readonly_rerun/raised_L128_r2__passive.stderr.txt",""
"raised_L128_r2","paper2_case_bundle/60,30(0.33m),0.01m,1.28-2","raised_0.01m","1.28","2","Discrete active PPO","Qi_multi_ac_discrete_sim.py","ok","0","3.306568","0.22253973480066633","2.96","0.13151615520087856","13c06012563772f835c6a6fb439cbb654afea05f924410c73bcf7f694220f26b","","false","data/paper2/readonly_rerun/raised_L128_r2__discrete.stdout.txt","data/paper2/readonly_rerun/raised_L128_r2__discrete.stderr.txt",""
"raised_L128_r2","paper2_case_bundle/60,30(0.33m),0.01m,1.28-2","raised_0.01m","1.28","2","Continuous active PPO","Multi_continuous.py","ok","0","2.843785","0.22497154385730195","3.92","0.11678660675107588","8ac7a07c8bd147d519a60f392b5f9026bbf56f81d193946386d402bde17e3487","","false","data/paper2/readonly_rerun/raised_L128_r2__continuous.stdout.txt","data/paper2/readonly_rerun/raised_L128_r2__continuous.stderr.txt",""
"raised_L128_r2","paper2_case_bundle/60,30(0.33m),0.01m,1.28-2","raised_0.01m","1.28","2","LIPM COM","LIPM.py","ok","0","5.327820","0.204051","","","1743d8c9044cbcf7388d04269acfc9fa64a0db91fbfecdcbac7938b97c7326bb","","false","data/paper2/readonly_rerun/raised_L128_r2__lipm.stdout.txt","data/paper2/readonly_rerun/raised_L128_r2__lipm.stderr.txt",""
"raised_L128_r2","paper2_case_bundle/60,30(0.33m),0.01m,1.28-2","raised_0.01m","1.28","2","TVLQR tracking","LQR.py","ok","0","3.059538","0.217898","","","f2221fbf57513ef31f217621ef42144995327e5c621cdd9176930a643d76f59d","","false","data/paper2/readonly_rerun/raised_L128_r2__lqr.stdout.txt","data/paper2/readonly_rerun/raised_L128_r2__lqr.stderr.txt",""
"raised_L128_r3","paper2_case_bundle/60,30(0.33m),0.01m,1.28-3","raised_0.01m","1.28","3","Proposed passive selector","Qi_multi_passive_sim.py","ok","0","2.757314","0.12048524477893445","3.17","0.12484323160028632","c9e7ee4d67bd12420e752ec45fe461603ae0b61e3d98e1a7e37c3a1cb64331b2","","false","data/paper2/readonly_rerun/raised_L128_r3__passive.stdout.txt","data/paper2/readonly_rerun/raised_L128_r3__passive.stderr.txt",""
"raised_L128_r3","paper2_case_bundle/60,30(0.33m),0.01m,1.28-3","raised_0.01m","1.28","3","Discrete active PPO","Qi_multi_ac_discrete_sim.py","ok","0","3.269686","0.21875777955676068","3.24","0.1549925346777763","a87fc49f5af3ee259fa11018c9692937ba766ecb160da69d2236b7567053fe34","","false","data/paper2/readonly_rerun/raised_L128_r3__discrete.stdout.txt","data/paper2/readonly_rerun/raised_L128_r3__discrete.stderr.txt",""
"raised_L128_r3","paper2_case_bundle/60,30(0.33m),0.01m,1.28-3","raised_0.01m","1.28","3","Continuous active PPO","Multi_continuous.py","ok","0","2.778864","0.2253669869175364","3.74","0.12677963457978692","946f82287104725d5c7003974abecb0e8bd19a5f374c8f5cf23961eaccc5f8e3","","false","data/paper2/readonly_rerun/raised_L128_r3__continuous.stdout.txt","data/paper2/readonly_rerun/raised_L128_r3__continuous.stderr.txt",""
"raised_L128_r3","paper2_case_bundle/60,30(0.33m),0.01m,1.28-3","raised_0.01m","1.28","3","LIPM COM","LIPM.py","ok","0","5.313545","0.200457","","","d0ad5b098f510e6211f6d18359594752aaf7c391530b3200f72fdcd7d4bf6982","","false","data/paper2/readonly_rerun/raised_L128_r3__lipm.stdout.txt","data/paper2/readonly_rerun/raised_L128_r3__lipm.stderr.txt",""
"raised_L128_r3","paper2_case_bundle/60,30(0.33m),0.01m,1.28-3","raised_0.01m","1.28","3","TVLQR tracking","LQR.py","ok","0","2.955361","0.218291","","","c5e9b41fb1030a88cb5a8fff8eaaf7fed9633c8f9cab529f4cb9701d64f0753b","","false","data/paper2/readonly_rerun/raised_L128_r3__lqr.stdout.txt","data/paper2/readonly_rerun/raised_L128_r3__lqr.stderr.txt",""
