eval_label,seed,episode_index,walk_direction,reset_phase,commanded_step_length_m,commanded_step_height_m,passive_controller,passive_policy_mode,passive_selected_from,active_success,passive_success,active_valid,passive_valid,active_cmt,passive_cmt,active_support_knee_cmt,active_hip_cmt,active_swing_knee_cmt,passive_support_knee_cmt,passive_hip_cmt,passive_swing_knee_cmt,active_energy_j,passive_energy_j,active_support_knee_energy_j,active_hip_energy_j,active_swing_knee_energy_j,passive_support_knee_energy_j,passive_hip_energy_j,passive_swing_knee_energy_j,active_displacement_m,passive_displacement_m,initial_q1_deg,initial_q2_deg,initial_q3_deg,initial_q4_deg,initial_dq1_rad_s,initial_dq2_rad_s,initial_dq3_rad_s,initial_dq4_rad_s,active_terminal_reason,passive_terminal_reason,active_minus_passive_cmt,min_pair_displacement_m,displacement_balance_ratio,representative_score
4DoF_V22_3_3x3_grid_4Nm_three_expert_selector_primary_2160,20260702,369,-1.0,mid_cross,0.3,0.0,three_expert_selector,three_expert_selector,three_expert_negative_p0.802,True,True,True,True,3.5689690452657916,1.4352995380681801,0.03208024342636906,3.5353642420372857,0.0015245598021365063,0.0,1.4321379493470516,0.0031615887211285496,2.8299191191948725,1.2061404728749523,0.02543717613385645,2.803273083898131,0.001208859162884879,0.0,1.2034836615167668,0.002656811358185613,0.031776982338681134,0.0336772604922054,73.55987245046656,44.070988141192146,-5.210919263952149,81.25278336459868,0.33674500435649923,0.6159409112484511,-0.16945381644761603,-0.3519562471094948,success+touchdown_event,success,2.1336695071976113,0.031776982338681134,0.9435738499583691,2.1528587540201656
4DoF_V22_3_3x3_grid_4Nm_three_expert_selector_primary_2160,20260803,1887,-1.0,mid_cross,0.3,0.02,three_expert_selector,three_expert_selector,three_expert_negative_p0.983,True,True,True,True,2.2379057730529186,0.3322900611907375,0.0,2.202445874028073,0.035459899024845754,0.0,0.26793492230255345,0.06435513888818407,1.9175562257970342,0.28618212979564495,0.0,1.8871723057231933,0.030383920073840963,0.0,0.2307567865147836,0.05542534328086136,0.03433900610008642,0.03451489608731577,63.344966396553986,48.99221782304365,-5.096912074589002,100.417437915738,0.8904530124922327,-0.7015072725853946,-0.6598113189847907,0.2486309938871717,success,success,1.905615711862181,0.03433900610008642,0.9949039398297945,1.9258571807197777
4DoF_V22_3_3x3_grid_4Nm_three_expert_selector_primary_2160,20260803,1993,-1.0,pre_cross,0.35,0.01,three_expert_selector,three_expert_selector,three_expert_negative_p0.961,True,True,True,True,2.56927610378234,1.0641238604489214,0.01643088785692434,2.55079676278543,0.0020484531399852183,0.0,1.0493122305038156,0.014811629945105752,3.4078587643862512,1.5606162311625646,0.021793743812677777,3.383347975497625,0.002717045075948192,0.0,1.538893881949801,0.021722349212763534,0.05315599114283647,0.05877401353637798,75.51719597309275,30.011526185353308,8.43059982115664,87.26359761877983,0.9115646177344654,0.01185672978196095,0.528229757786183,0.3445685518047509,success,success,1.5051522433334186,0.05315599114283647,0.9044131571844375,1.5237720663885357
4DoF_V22_3_3x3_grid_4Nm_three_expert_selector_primary_2160,20260719,1342,-1.0,mid_cross,0.4,0.0,three_expert_selector,three_expert_selector,three_expert_negative_p0.968,True,True,True,True,2.599434476610101,1.207901565792571,0.012015811889696758,2.5201290151527065,0.0672896495676979,0.0,1.1478076180413825,0.06009394775118844,2.219023897957283,1.084685336986442,0.010257374816143791,2.151324282600183,0.057442240540956424,0.0,1.030721482800548,0.053963854185894104,0.03421090123625149,0.03598766222255777,80.53499932212263,41.45692212313859,-21.219301663261376,60.73303424285372,0.8400448733670745,-0.34061067078361096,-0.561071926489056,0.23953721072093714,success,success,1.3915329108175303,0.03421090123625149,0.9506286077901285,1.4108875919856954
4DoF_V22_3_3x3_grid_4Nm_three_expert_selector_primary_2160,20260803,2042,-1.0,mid_cross,0.4,0.0,three_expert_selector,three_expert_selector,three_expert_negative_p0.966,True,True,True,True,1.9120498586720496,0.5408431209097262,0.03246472597989026,1.872686549042464,0.006898583649695424,0.0,0.5228493909440348,0.017993729965691405,1.8413572653147807,0.6107401397946531,0.031264435275261106,1.8034493018563316,0.006643528183188016,0.0,0.5904209516053152,0.020319188189337995,0.03859404131773364,0.045254999502520016,80.94046614796768,41.98744307865546,-21.72671361161766,83.90323989248326,0.5618247032602088,0.9032301831362091,-0.8679312627257547,-0.31844582802080135,success,success,1.3712067377623234,0.03859404131773364,0.8528127663681565,1.388648933502864
4DoF_V22_3_3x3_grid_4Nm_three_expert_selector_primary_2160,20260719,1335,-1.0,mid_cross,0.4,0.0,three_expert_selector,three_expert_selector,three_expert_negative_p0.948,True,True,True,True,2.03438287858187,0.7315814139651635,0.03284541640218831,1.9968917190172362,0.004645743162445647,0.0,0.7196194162412927,0.01196199772387084,1.8945282990557049,0.665810709814253,0.030587443260233854,1.8596144863671493,0.004326369428321761,0.0,0.6549241207849339,0.010886589029319126,0.03732070294338309,0.0364728351395673,83.98102315913187,42.76555572883445,-21.741707266907014,74.67307811385028,0.9778908169722718,-0.37007091255566027,-0.987244565036226,-0.16096106453085857,success,success,1.3028014646167063,0.0364728351395673,0.977281569291392,1.3227118243539298
4DoF_V22_3_3x3_grid_4Nm_three_expert_selector_primary_2160,20260702,538,-1.0,mid_cross,0.35,0.01,three_expert_selector,three_expert_selector,three_expert_negative_p0.696,True,True,True,True,2.533603480001992,1.251325274049888,0.04144054193267106,2.492162938069321,0.0,0.0,1.251325274049888,0.0,3.0155683578538763,1.5534573588296845,0.04932373513490017,2.966244622718976,0.0,0.0,1.5534573588296845,0.0,0.04769929292262708,0.04975199850555642,67.42817973703855,48.63299816742356,5.173724868743135,94.88660108156904,0.4560320073379749,0.8175252077836219,-0.2223340111029266,-0.45872600279406106,success,success,1.2822782059521043,0.04769929292262708,0.9587412436768729,1.301930023754868
4DoF_V22_3_3x3_grid_4Nm_three_expert_selector_primary_2160,20260803,2002,-1.0,mid_cross,0.35,0.02,three_expert_selector,three_expert_selector,three_expert_negative_p0.993,True,True,True,True,1.884488794894489,0.6095254445602092,0.057967900350645356,1.7957916229918698,0.03072927155197399,0.0,0.5711662594976242,0.03835918506258488,1.783503880369381,0.5488871907685077,0.05486154945168039,1.6995597621052188,0.029082568812481887,0.0,0.5143441449989201,0.03454304576958757,0.03792817180673475,0.0360888187013371,68.59333071485071,40.382386320517384,-17.37669741468906,95.40465622146307,0.7514879981368228,-0.03358182934866516,0.5711276797200564,0.02524957683658402,success,success,1.2749633503342799,0.0360888187013371,0.9515043035881038,1.2943543245930553
4DoF_V22_3_3x3_grid_4Nm_three_expert_selector_primary_2160,20260803,1962,-1.0,mid_cross,0.35,0.01,three_expert_selector,three_expert_selector,three_expert_negative_p0.984,True,True,True,True,1.761607589501626,0.6044427425067739,0.014476680960182309,1.71723601626127,0.029894892280173634,0.0,0.5792425632262663,0.025200179280507527,2.1649584468191714,0.7617885162214909,0.017791370174284796,2.1104272260990444,0.03673985054584224,0.0,0.7300283413817735,0.03176017483971734,0.049251765490486224,0.050508057310374666,70.0999379504624,44.48219081434565,-16.361874494251378,96.90426081092937,0.9801574037004905,0.28137696280747515,0.8586232022805997,-0.23751974710549162,success,success,1.1571648469948523,0.049251765490486224,0.9751269027797196,1.1771599027053516
4DoF_V22_3_3x3_grid_4Nm_three_expert_selector_primary_2160,20260803,2008,-1.0,mid_cross,0.35,0.02,three_expert_selector,three_expert_selector,three_expert_negative_p0.994,True,True,True,True,1.5689067851164749,0.42405197487965574,0.0,1.509973547263059,0.05893323785341567,0.0,0.3987583273090359,0.025293647570619852,1.8920529651972198,0.5230973767582215,0.0,1.8209813065830656,0.07107165861415413,0.0,0.4918959168508762,0.03120145990734538,0.04833008499918645,0.04943617517747807,63.50648369501873,52.196931355154625,-15.251295375167638,96.75995458705081,0.9176308741112829,0.12610645761914285,-0.2087669798777998,-0.10195638832232112,success,success,1.144854810236819,0.04833008499918645,0.9776258949176244,1.1648906289851633
4DoF_V22_3_3x3_grid_4Nm_three_expert_selector_primary_2160,20260719,1139,-1.0,mid_cross,0.3,0.01,three_expert_selector,three_expert_selector,three_expert_negative_p0.987,True,True,True,True,1.7524587173889163,0.6611840201063799,0.0,1.7365588704890909,0.015899846899825338,0.0,0.6369477932845532,0.024236226821826735,2.395308162635948,0.8614567377312995,0.0,2.3735758201357156,0.02173234250023217,0.0,0.829879354948383,0.03157738278291644,0.0547765920412981,0.052214669554446744,60.75761555127265,50.60026750222356,3.3541667556731505,100.01479643110612,0.4052452874023098,0.8344550689340557,-0.9561129493573912,0.25075709497690046,success,success,1.0912746972825365,0.052214669554446744,0.9532296115661991,1.110861436209405
4DoF_V22_3_3x3_grid_4Nm_three_expert_selector_primary_2160,20260803,1974,-1.0,mid_cross,0.35,0.01,three_expert_selector,three_expert_selector,three_expert_negative_p0.937,True,True,True,True,1.957336834186337,0.9014969806641946,0.034343603740300675,1.9213444606955572,0.0016487697504795936,0.0,0.8953774248507098,0.006119555813484723,2.056475234500248,1.1073350752652602,0.036083094806100606,2.0186598603541617,0.0017322793399859196,0.0,1.099818246099263,0.007516829165997239,0.04210554812733084,0.04922618625428614,70.1671102371569,42.69570393233129,-14.441625456468106,77.64060660673658,0.6436621911808236,0.8554028800669728,0.22327602172899086,0.13194350668969845,success,success,1.0558398535221425,0.04210554812733084,0.8553485721974795,1.0733678804473654
4DoF_V22_3_3x3_grid_4Nm_three_expert_selector_primary_2160,20260702,453,-1.0,mid_cross,0.3,0.02,three_expert_selector,three_expert_selector,three_expert_negative_p0.961,True,True,True,True,1.7164065951317369,0.6986588062122132,0.018515999493089273,1.6710512443353807,0.026839351303266788,0.0,0.6752694393310051,0.023389366881208136,1.4105060884080534,0.6588301668958337,0.01521605084252099,1.3732340349088454,0.022056002656686856,0.0,0.6367741642391469,0.022056002656686856,0.03293337209474571,0.03779111883367176,73.42864704604456,45.2865384530045,-20.335806442082454,89.78981916753384,0.7942825487224565,0.13370225442311057,-0.21121701232325685,-0.03071086937020029,success,success,1.0177477889195237,0.03293337209474571,0.871457980370832,1.0355062822478878
4DoF_V22_3_3x3_grid_4Nm_three_expert_selector_primary_2160,20260719,1348,-1.0,mid_cross,0.4,0.0,three_expert_selector,three_expert_selector,three_expert_negative_p0.916,True,True,True,True,1.8678520995622798,0.8840274868725572,0.0,1.7845470728505897,0.08330502671169009,0.0,0.8543834242235107,0.029644062649046527,2.112701334499335,1.0371428334916437,0.0,2.018476186188323,0.09422514831101168,0.0,1.0023643593055032,0.03477847418614053,0.04532909331107658,0.04701692398667977,69.53826765581805,50.901460360420046,-12.569308220293715,93.61203917968382,0.7676176382952937,0.19971652265794604,0.5329206889801972,0.2817063583516205,success,success,0.9838246126897227,0.04532909331107658,0.9641016354859505,1.0035599363325525
4DoF_V22_3_3x3_grid_4Nm_three_expert_selector_primary_2160,20260702,115,1.0,mid_cross,0.3,0.02,three_expert_selector,three_expert_selector,three_expert_positive_p0.953,True,True,True,True,2.102217663736758,1.2037742692022981,0.0044455287422351785,2.097772134994523,0.0,0.00349226181655856,1.1949750796856684,0.00530692770007101,1.7946671777760106,1.0495237256113816,0.003795156257686354,1.7908720215183243,0.0,0.003044766553245674,1.0418520562626312,0.0046269027955047224,0.03421272367824954,0.03494045975419002,50.239311326969826,29.652860348208982,9.471336886802856,56.3552193374876,0.3755975863751335,-0.01326511978881384,0.00852767887177519,-0.2468019280546413,success,success,0.8984433945344599,0.03421272367824954,0.9791721093236841,0.9183689639577161
4DoF_V22_3_3x3_grid_4Nm_three_expert_selector_primary_2160,20260702,363,-1.0,mid_cross,0.3,0.0,three_expert_selector,three_expert_selector,three_expert_negative_p0.979,True,True,True,True,1.486781001332114,0.6435327942250353,0.03849705686868939,1.4266185631501873,0.021665381313237485,0.0,0.6155736710280418,0.027959123196993403,1.3000576116071716,0.6048643859477865,0.03366224868475709,1.2474509159195204,0.018944447002894174,0.0,0.5785852622792664,0.026279123668519987,0.035042655241395534,0.03766766865279039,70.97529188091758,39.75247767198624,-23.165491810569204,82.6001192731717,0.43307569801722945,0.7797050185247831,0.2524296870249687,0.39706171409600066,success,success,0.8432482071070788,0.035042655241395534,0.9303112322774348,0.8622048583050415
4DoF_V22_3_3x3_grid_4Nm_three_expert_selector_primary_2160,20260803,1944,-1.0,mid_cross,0.35,0.0,three_expert_selector,three_expert_selector,three_expert_negative_p0.972,True,True,True,True,1.2862074101262921,0.472235980409536,0.0,1.2415674403237378,0.04463996980255425,0.0,0.4543619981979873,0.01787398221154869,1.5244143937332784,0.6524095152483669,0.0,1.4715070539317212,0.05290733980155721,0.0,0.6277160218383951,0.024693493409971724,0.04749779447724896,0.05536593307416701,67.688397653315,53.921375363609236,-21.15182525795518,90.93946144493589,0.9705380498100049,0.4421734843683991,-0.974058276106561,-0.29477333474114975,success,success,0.8139714297167562,0.04749779447724896,0.8578884494481821,0.8316041766504922
4DoF_V22_3_3x3_grid_4Nm_three_expert_selector_primary_2160,20260702,524,-1.0,mid_cross,0.35,0.01,three_expert_selector,three_expert_selector,three_expert_negative_p0.991,True,True,True,True,1.1271846765565168,0.375435680708322,0.01957204244353302,1.091100141324257,0.016512492788726785,0.0,0.35972656846461076,0.015709112243711253,1.8632052888914672,0.6523222244974944,0.03235204820793229,1.8035585439611426,0.027294696722392278,0.0,0.6250275277751022,0.027294696722392278,0.06624407537695327,0.06963186716013896,66.41065526751802,43.502912747442615,-13.67054508135847,92.41148968196458,0.8769589411994996,0.9905088025346365,-0.7752545772518897,-0.3693008558257659,success,success,0.7517489958481948,0.06624407537695327,0.9513471069877466,0.7714383787417193
4DoF_V22_3_3x3_grid_4Nm_three_expert_selector_primary_2160,20260803,1955,-1.0,mid_cross,0.35,0.0,three_expert_selector,three_expert_selector,three_expert_negative_p0.979,True,True,True,True,1.219531392168392,0.46960174692885864,0.009459188723052115,1.1882010839382358,0.021871119507103944,0.0,0.4552792861212307,0.014322460807627961,2.439360377237239,0.9702648165464443,0.018920685699443277,2.376692115481891,0.04374757605590449,0.0,0.9406725505489499,0.029592265997494288,0.08016123356041882,0.08280222177843619,65.16405761018474,37.77162285744266,-6.900642955300251,97.1492136853141,0.9213576726342712,0.7733129931689724,-0.17357263609274498,0.41415615354472013,success,success,0.7499296452395332,0.08016123356041882,0.9681048628733155,0.7700933548326037
4DoF_V22_3_3x3_grid_4Nm_three_expert_selector_primary_2160,20260719,1412,-1.0,touchdown,0.4,0.02,three_expert_selector,three_expert_selector,three_expert_negative_p0.983,True,True,True,True,0.7237454624100483,0.05017281348890457,0.02921445701294327,0.5255804493135628,0.1689505560835422,0.0,0.0,0.05017281348890457,0.6353416248388947,0.04434706392116793,0.02564597852618153,0.46138201065673334,0.14831363565597977,0.0,0.0,0.04434706392116793,0.03518056953844278,0.03542238729574594,54.799517601279945,59.78280919621937,-70.27017109903703,8.11484480078611,0.9097273315596011,-0.04974209165867394,-0.7400875952410835,-0.1238841988329038,success,success,0.6735726489211438,0.03518056953844278,0.9931733071719815,0.6937879207599678
4DoF_V22_3_3x3_grid_4Nm_three_expert_selector_primary_2160,20260803,1960,-1.0,mid_cross,0.35,0.0,three_expert_selector,three_expert_selector,three_expert_negative_p0.818,True,True,True,True,0.9364157013012575,0.34651704090035906,0.03918432534558054,0.8736836552317111,0.023547720723965725,0.0,0.32238547883550556,0.02413156206485354,1.0911904333759452,0.42997891489024914,0.0456608757157441,1.018089770452347,0.027439787207854012,0.0,0.400035040140851,0.029943874749398143,0.04669961210037253,0.049728341222430736,63.1076902466156,48.04789849561324,-24.8855865803769,84.47359646499173,0.9696341990206279,-0.045867016887914724,-0.637694380490184,-0.49873625281121536,success,success,0.5898986604008984,0.04669961210037253,0.9390945073250895,0.609147546668404
4DoF_V22_3_3x3_grid_4Nm_three_expert_selector_primary_2160,20260702,584,-1.0,touchdown,0.35,0.02,three_expert_selector,three_expert_selector,three_expert_negative_p0.867,True,True,True,True,0.6244200878835096,0.04220667567734492,0.017100135161546636,0.4964113089215412,0.11090864380042183,0.0,0.0,0.04220667567734492,0.5878396426621213,0.03344916547997911,0.016098356759965182,0.4673300108569123,0.10441127504524386,0.0,0.0,0.03344916547997911,0.03772796800013841,0.03176036979416586,60.31850510508285,46.99471180467578,-52.994997114071666,16.418496192718006,0.7852731870114174,0.46293408473623665,-0.5131421960192579,-0.20535573438961818,success,success,0.5822134122061646,0.03176036979416586,0.8418256131379602,0.5993675281668654
4DoF_V22_3_3x3_grid_4Nm_three_expert_selector_primary_2160,20260803,1522,1.0,mid_cross,0.3,0.02,three_expert_selector,three_expert_selector,three_expert_positive_p0.773,True,True,True,True,1.0581491310088265,0.5906500020738299,0.009307995161670243,1.0291278715459897,0.01971326430116646,0.0034651431673436883,0.5583135103561965,0.02887134855028975,2.0003108617370584,1.1390653318138402,0.017595708655106068,1.9454494638266748,0.03726568925527734,0.006682509841419471,1.0767045825736539,0.05567823939876683,0.07575861459295849,0.07728582277090568,57.0608161699352,30.486989176705094,8.955284707380144,97.91375547271457,-0.7476022227886383,-0.002207693589763915,0.3101748144252874,0.3110534315206417,success,success,0.46749912893499657,0.07575861459295849,0.9802394783002543,0.48786150464693123
4DoF_V22_3_3x3_grid_4Nm_three_expert_selector_primary_2160,20260803,1494,1.0,mid_cross,0.3,0.01,three_expert_selector,three_expert_selector,three_expert_positive_p0.890,True,True,True,True,0.9879743649150415,0.5320953197662152,0.0,0.9879743649150415,0.0,0.0,0.5267610783919674,0.005334241374247746,1.1042757020154217,0.560662337533934,0.0,1.1042757020154217,0.0,0.0,0.5550417125692755,0.005620624964658556,0.04479331978843282,0.04222730401146815,49.94238124752054,34.90373940585025,21.246189077076995,73.45808509703598,-0.15833409791119468,-0.04018696473378358,-0.30214927893769294,-0.08103955232894355,success,success,0.4558790451488264,0.04222730401146815,0.9427143201467444,0.47515560459187595
4DoF_V22_3_3x3_grid_4Nm_three_expert_selector_primary_2160,20260719,1212,-1.0,touchdown,0.35,0.0,three_expert_selector,three_expert_selector,three_expert_negative_p0.891,True,True,True,True,0.325937812388198,0.025316560454628337,0.014667109227050496,0.21819770586254514,0.0930729972986024,0.0,0.0,0.025316560454628337,0.36220303791736524,0.02326633236876756,0.016299034102788466,0.2424753094798498,0.10342869433472696,0.0,0.0,0.02326633236876756,0.04453472272457786,0.036830247464229506,60.3245640574883,49.16946520218879,-54.841224715987224,16.21375168687667,0.9300999446933842,0.7934722048834137,-0.4434972387848686,0.024903588019131062,success,success,0.3006212519335697,0.036830247464229506,0.8270007133984826,0.31752956867618165
4DoF_V22_3_3x3_grid_4Nm_three_expert_selector_primary_2160,20260803,1860,-1.0,touchdown,0.3,0.01,three_expert_selector,three_expert_selector,three_expert_negative_p0.715,True,True,True,True,0.356665862417783,0.09401962096433715,0.01294754299416301,0.2925290638668364,0.05118925555678353,0.0,0.05073591034457705,0.04328371061976011,0.27199036446897246,0.0717772334798546,0.009873686576247181,0.22308018535765853,0.03903649253506674,0.0,0.03873322658891609,0.033044006890938504,0.03056140989985027,0.030594941683354516,46.338809846256034,60.30468476946359,-59.948589191644935,9.506463896526146,0.9688512133701019,0.30065779536862514,0.5474149027278419,-0.2659752409170768,success,success,0.26264624145344584,0.03056140989985027,0.9989040089093391,0.28292993573063113
4DoF_V22_3_3x3_grid_4Nm_three_expert_selector_primary_2160,20260702,520,-1.0,touchdown,0.35,0.0,three_expert_selector,three_expert_selector,three_expert_negative_p0.543,True,True,True,True,0.23768676550322781,0.025322708305660916,0.027350987571466815,0.1829868832425874,0.027348894689173568,0.0,0.0,0.025322708305660916,0.21381693599825183,0.022753457357448957,0.024604248985742892,0.16461032073015677,0.02460236628235215,0.0,0.0,0.022753457357448957,0.03605109925654241,0.0360096296372986,72.48379214880222,40.16327743950106,-39.22241025209297,41.38152047477956,0.8139050104241203,0.5628296742867316,-0.70528108512189,0.20049392116336862,success,success,0.2123640571975669,0.0360096296372986,0.998849698896871,0.2327011474718773
4DoF_V22_3_3x3_grid_4Nm_three_expert_selector_primary_2160,20260803,1472,1.0,touchdown,0.3,0.0,three_expert_selector,three_expert_selector,three_expert_positive_p0.787,True,True,True,True,0.22313432460764945,0.011259294407273598,0.0,0.18757752494833338,0.03555679965931607,0.0,0.0,0.011259294407273598,0.18673078379696334,0.011253486253361766,0.0,0.15697494465670372,0.02975583914025961,0.0,0.0,0.011253486253361766,0.03353752025663789,0.04005505386319097,61.07304764264683,26.242288971637738,52.05605456427131,63.89190330241439,-0.9866308337556153,-0.33717052375209344,0.5587519940281296,0.08677654440715943,success,success,0.21187503020037585,0.03353752025663789,0.8372856112286385,0.228956117627515
4DoF_V22_3_3x3_grid_4Nm_three_expert_selector_primary_2160,20260803,1511,1.0,touchdown,0.3,0.01,three_expert_selector,three_expert_selector,three_expert_positive_p0.944,True,True,True,True,0.2579921516713305,0.054127630718489785,0.010822210089545948,0.24620960086015925,0.0009603407216253241,4.5674215722941155e-05,0.04157950195270885,0.012502454550058,0.19894136975012003,0.043664387849047206,0.008345158118145542,0.18985567942062898,0.0007405322113455258,3.684507604627696e-05,0.033541898578115896,0.010085644194885038,0.03090295573003568,0.032328813730315265,63.66868605378728,17.053575901456473,49.011972047654915,53.614247287465695,-0.6538015024820008,0.2543520838959161,0.03762206474616936,-0.08165069760897525,success,success,0.20386452095284072,0.03090295573003568,0.9558951339144705,0.2232914531884305
4DoF_V22_3_3x3_grid_4Nm_three_expert_selector_primary_2160,20260803,1854,-1.0,touchdown,0.3,0.01,three_expert_selector,three_expert_selector,three_expert_negative_p0.863,True,True,True,True,0.18343401754377023,0.020362108381201675,0.02323615021962505,0.09108064959035612,0.06911721773378908,0.0,0.0,0.020362108381201675,0.13770001228715528,0.01561946330549741,0.017442883351693896,0.06837230485191467,0.051884824083546735,0.0,0.0,0.01561946330549741,0.030083995254218444,0.03074148006021066,59.80246518169331,47.77087138301931,-47.76668848396801,18.61681422906261,0.9648335551199407,0.1536007976845415,-0.9259777086234822,0.4652572303866518,success,success,0.16307190916256856,0.030083995254218444,0.9786124544197462,0.18294499820350565
4DoF_V22_3_3x3_grid_4Nm_three_expert_selector_primary_2160,20260719,799,1.0,touchdown,0.3,0.01,three_expert_selector,three_expert_selector,three_expert_positive_p0.764,True,True,True,True,0.1575006721030742,0.005817888988351374,0.007381324331655404,0.1318609875411587,0.018258360230260125,0.0010893700201283006,0.0,0.004728518968223073,0.12064571500578027,0.006726646930220534,0.005654103819311559,0.10100568404470231,0.0139859271417664,0.001259530306687204,0.0,0.005467116623533329,0.03069805788801916,0.04633558102816954,58.24295733277184,17.954846801987674,66.27517460043885,77.40362913591605,-0.8630764785566507,-0.9822360255146194,0.16472485012739035,-0.10880017208169068,success,success,0.15168278311472283,0.03069805788801916,0.6625158723995798,0.1652400811415946
4DoF_V22_3_3x3_grid_4Nm_three_expert_selector_primary_2160,20260803,1774,1.0,touchdown,0.4,0.02,three_expert_selector,three_expert_selector,three_expert_positive_p0.993,True,True,True,True,0.1292177054433997,0.019651486743884554,0.00023069496563595974,0.12020361849685023,0.008783391980913513,0.00019002933175173929,0.0,0.019461457412132812,0.11775815565083579,0.02174111728835532,0.00021023600115792942,0.10954347446562551,0.008004445184052356,0.00021023600115792942,0.0,0.02153088128719739,0.0365216492024229,0.04433715853260328,63.983508231239014,16.937466158261966,66.01573511883801,47.09525136447995,-0.7961007112858902,-0.5514664561979845,0.05783570034353813,-0.3460277596926109,success,success,0.10956621869951513,0.0365216492024229,0.8237255252965014,0.12640594569746938
4DoF_V22_3_3x3_grid_4Nm_three_expert_selector_primary_2160,20260702,77,1.0,touchdown,0.3,0.01,three_expert_selector,three_expert_selector,three_expert_positive_p0.893,True,True,True,True,0.16180589423176076,0.05242610033844759,0.005316251880513978,0.15543619650878773,0.001053445842459056,0.0006153527424514407,0.036997287831643126,0.014813459764353032,0.17045637099169772,0.045229743852897,0.005600469668504363,0.1637461360937224,0.001109765229470951,0.0005308853174388234,0.031918793140712026,0.012780065394746151,0.04221825810312049,0.034574665280742656,55.21265229651608,26.793722169904346,50.40557794332539,66.28171955963475,-0.6493883118273849,-0.6753147270306676,0.02486209402315831,-0.21034236336324486,success,success,0.10937979389331316,0.034574665280742656,0.8189505402210596,0.12610455135054177
