eval_label,seed,episode_index,walk_direction,reset_phase,controller,policy_name,passive_mode,passive_selected_from,curriculum_progress,hip_torque_nm,knee_torque_nm,commanded_step_length_m,commanded_step_height_m,success,valid_for_cmt,terminal_reason,steps,nonzero_torque_steps,negative_sign_steps,positive_sign_steps,action_mask_violations,energy_j,support_knee_energy_j,hip_energy_j,swing_knee_energy_j,signed_com_displacement_m,cmt,support_knee_cmt,hip_cmt,swing_knee_cmt,initial_q1_deg,initial_q2_deg,initial_q3_deg,initial_q4_deg,initial_dq1_rad_s,initial_dq2_rad_s,initial_dq3_rad_s,initial_dq4_rad_s,final_q1_deg,final_q2_deg,final_q3_deg,final_q4_deg
4DoF_V22_3_3x3_grid_4Nm_three_expert_selector_primary_2160,20260719,766,1.0,mid_cross,true_action_mask_scratch,v22_3_true_action_mask_scratch_c090_epoch1275,,,1.0,4.0,0.2,0.3,0.01,True,True,success,16,16,9,7,0,1.1354625634112532,0.011139688256738643,1.1243228751545145,0.0,0.09023878201784419,0.5042675310891295,0.004947219992398467,0.499320311096731,0.0,54.128731406817074,27.389694279924232,15.83401860305277,69.92427459264688,0.036566372549464266,-0.9472166713598877,-0.9842580571194104,-0.15791382113999508,46.19047161926966,25.376933340568133,62.57516146862786,69.45910616500096
4DoF_V22_3_3x3_grid_4Nm_three_expert_selector_primary_2160,20260702,7,1.0,mid_cross,true_action_mask_scratch,v22_3_true_action_mask_scratch_c090_epoch1275,,,1.0,4.0,0.2,0.3,0.0,True,True,success,13,13,8,5,0,0.8741497181996718,0.0006309935062186179,0.8645413734355141,0.008977351257939059,0.08321440449516343,0.42098703653921277,0.00030388396944811024,0.41635969581703014,0.004323456752734508,57.97530155279033,28.40249509614897,10.47440112955593,95.66176999109317,-0.83887887506476,-0.07251046074681278,0.6248172322740067,-0.09520487866960414,43.46247323660358,39.30175551463658,45.83397253107252,61.91928399322358
4DoF_V22_3_3x3_grid_4Nm_three_expert_selector_primary_2160,20260803,1955,-1.0,mid_cross,true_action_mask_scratch,v22_3_true_action_mask_scratch_c090_epoch1275,,,1.0,4.0,0.2,0.35,0.0,True,True,success,15,8,4,11,0,0.8538289245622791,0.014753997734449513,0.7808165257765687,0.05825840105126095,0.07589580427057949,0.45085252464890957,0.007790643928642945,0.4122993398407397,0.030762540879527,65.16405761018474,37.77162285744266,-6.900642955300251,97.1492136853141,0.9213576726342712,0.7733129931689724,-0.17357263609274498,0.41415615354472013,44.17225034769317,95.92004584428408,-63.29580918098723,61.18777400653636
4DoF_V22_3_3x3_grid_4Nm_three_expert_selector_primary_2160,20260702,524,-1.0,mid_cross,true_action_mask_scratch,v22_3_true_action_mask_scratch_c090_epoch1275,,,1.0,4.0,0.2,0.35,0.01,True,True,success,14,6,3,11,0,0.5158934329666425,0.0,0.4956423485900794,0.020251084376563047,0.07383281047639213,0.2800219075464515,0.0,0.26902981709784907,0.010992090448602386,66.41065526751802,43.502912747442615,-13.67054508135847,92.41148968196458,0.8769589411994996,0.9905088025346365,-0.7752545772518897,-0.3693008558257659,52.5183974561531,92.11694378925587,-60.77864374253838,73.23143123027752
4DoF_V22_3_3x3_grid_4Nm_three_expert_selector_primary_2160,20260702,67,1.0,mid_cross,true_action_mask_scratch,v22_3_true_action_mask_scratch_c090_epoch1275,,,1.0,4.0,0.2,0.3,0.01,True,True,success,15,15,9,6,0,0.9366361525574995,0.007678980628634458,0.9289571719288651,0.0,0.07357013419563724,0.5102121295086122,0.004182957329047205,0.506029172179565,0.0,53.22492100151863,26.027698726625577,9.0803404595229,67.56464598002138,-0.026731701362011417,-0.49289431655807014,-0.7023502600544995,-0.36183063654805203,45.528836775785564,28.286499766369968,51.93308443805334,67.40821747030124
4DoF_V22_3_3x3_grid_4Nm_three_expert_selector_primary_2160,20260702,45,1.0,mid_cross,true_action_mask_scratch,v22_3_true_action_mask_scratch_c090_epoch1275,,,1.0,4.0,0.2,0.3,0.01,True,True,success,14,14,9,5,0,0.974801494034456,0.023611497910863956,0.9511899961235921,0.0,0.072747744069615,0.5370046747880389,0.013007247972512629,0.5239974268155263,0.0,60.63265104560275,22.594708571000535,6.501888585093522,71.01629615449059,-0.33168757912224356,-0.18273687655242798,0.6325647748378294,-0.3511762646854427,58.889756111535846,14.755101427970619,48.70184260482172,49.298440741429694
4DoF_V22_3_3x3_grid_4Nm_three_expert_selector_primary_2160,20260702,22,1.0,mid_cross,true_action_mask_scratch,v22_3_true_action_mask_scratch_c090_epoch1275,,,1.0,4.0,0.2,0.3,0.0,True,True,success,13,13,8,5,0,0.7244889329086884,0.0,0.7234471302526289,0.0010418026560596167,0.06711228520469381,0.4326245287171482,0.0,0.43200242206703754,0.0006221066501106517,51.29829179746749,33.417550910361676,15.719287215048304,93.09536147634157,-0.14023805498191622,-0.8111988704852897,0.2777335585751133,0.16297803601741323,36.50903871534598,47.23753359417998,48.00502331610075,73.68126528630607
4DoF_V22_3_3x3_grid_4Nm_three_expert_selector_primary_2160,20260702,670,-1.0,mid_cross,true_action_mask_scratch,v22_3_true_action_mask_scratch_c090_epoch1275,,,1.0,4.0,0.2,0.4,0.01,True,True,success,14,12,6,8,0,1.6049164694568625,0.08553182223707177,1.472325251619914,0.04705939559987676,0.06461765072579176,0.9953657199860598,0.05304665098958967,0.9131329337210111,0.029186135275459064,64.9740228197536,45.40793905142391,6.721829603521966,100.92183229650594,0.6971967714962881,0.610753298047241,0.05305327759481626,-0.3325793134496887,39.52394421985764,101.97458019774466,-74.96562982054189,57.35029987905017
4DoF_V22_3_3x3_grid_4Nm_three_expert_selector_primary_2160,20260803,1993,-1.0,pre_cross,true_action_mask_scratch,v22_3_true_action_mask_scratch_c090_epoch1275,,,1.0,4.0,0.2,0.35,0.01,True,True,success,17,15,10,7,0,1.8289983881736604,0.03703958479263169,1.6981858481336607,0.09377295524736798,0.06243681437386804,1.1739618844221333,0.023774247720792768,1.0899984774533882,0.060189159247952276,75.51719597309275,30.011526185353308,8.43059982115664,87.26359761877983,0.9115646177344654,0.01185672978196095,0.528229757786183,0.3445685518047509,45.026074849806385,101.7127159192614,-69.11531003479898,70.4311557143776
4DoF_V22_3_3x3_grid_4Nm_three_expert_selector_primary_2160,20260702,686,-1.0,mid_cross,true_action_mask_scratch,v22_3_true_action_mask_scratch_c090_epoch1275,,,1.0,4.0,0.2,0.4,0.02,True,True,success,12,12,6,6,0,1.3583925629135574,0.054184560054017644,1.240499308951058,0.06370869390848174,0.05649075844138873,0.9636721322163128,0.03843966166044215,0.8800361888802547,0.045196281675615964,54.91211157478404,62.55927101400945,-17.057713822047603,93.0422724944053,0.8628576489184685,0.6521905808864823,0.7164719587432766,-0.16760139711858812,39.3512771737116,101.82928162709337,-74.24003990703262,56.913782246398185
4DoF_V22_3_3x3_grid_4Nm_three_expert_selector_primary_2160,20260702,538,-1.0,mid_cross,true_action_mask_scratch,v22_3_true_action_mask_scratch_c090_epoch1275,,,1.0,4.0,0.2,0.35,0.01,True,True,success+touchdown_event,14,11,8,6,0,1.6494548307320518,0.028767721580237417,1.5692042597702225,0.05148284938159204,0.05004687083401719,1.3208238706750373,0.023036152709466635,1.2565621111004255,0.041225606865145294,67.42817973703855,48.63299816742356,5.173724868743135,94.88660108156904,0.4560320073379749,0.8175252077836219,-0.2223340111029266,-0.45872600279406106,47.265625584804724,96.21922031142292,-59.65010931351547,70.20376705388905
4DoF_V22_3_3x3_grid_4Nm_three_expert_selector_primary_2160,20260803,1962,-1.0,mid_cross,true_action_mask_scratch,v22_3_true_action_mask_scratch_c090_epoch1275,,,1.0,4.0,0.2,0.35,0.01,True,True,success,13,7,4,9,0,0.6571292240046265,0.011266766906149844,0.6135115841549106,0.032350872943566124,0.049474877746412516,0.5322889645453691,0.009126326255437255,0.4969577275475231,0.02620491074240882,70.0999379504624,44.48219081434565,-16.361874494251378,96.90426081092937,0.9801574037004905,0.28137696280747515,0.8586232022805997,-0.23751974710549162,54.513047063738455,89.09637753414802,-60.13545771826165,71.147393125518
4DoF_V22_3_3x3_grid_4Nm_three_expert_selector_primary_2160,20260803,1944,-1.0,mid_cross,true_action_mask_scratch,v22_3_true_action_mask_scratch_c090_epoch1275,,,1.0,4.0,0.2,0.35,0.0,True,True,success,11,10,5,6,0,1.0057477456485955,0.0,0.9504257612544436,0.05532198439415201,0.0493740715146887,0.8163408636037649,0.0,0.7714373609988728,0.044903502604892086,67.688397653315,53.921375363609236,-21.15182525795518,90.93946144493589,0.9705380498100049,0.4421734843683991,-0.974058276106561,-0.29477333474114975,61.18204340903616,81.60280076953559,-54.351035843912584,67.52486422507538
4DoF_V22_3_3x3_grid_4Nm_three_expert_selector_primary_2160,20260803,1960,-1.0,mid_cross,true_action_mask_scratch,v22_3_true_action_mask_scratch_c090_epoch1275,,,1.0,4.0,0.2,0.35,0.0,True,True,success,14,14,7,7,0,1.2829913336680836,0.0,1.2215530558895211,0.06143827777856249,0.04929933828131047,1.0429513325016486,0.0,0.9930077888515437,0.04994354365010485,63.1076902466156,48.04789849561324,-24.8855865803769,84.47359646499173,0.9696341990206279,-0.045867016887914724,-0.637694380490184,-0.49873625281121536,49.108850952959926,87.72801827255583,-61.66547834458582,52.62356145366538
4DoF_V22_3_3x3_grid_4Nm_three_expert_selector_primary_2160,20260803,2008,-1.0,mid_cross,true_action_mask_scratch,v22_3_true_action_mask_scratch_c090_epoch1275,,,1.0,4.0,0.2,0.35,0.02,True,True,success,13,7,3,10,0,0.46501079351870184,0.008796713621447957,0.4209570638407244,0.03525701605652949,0.048323634408649487,0.38564246842835803,0.007295285189753592,0.34910785612842316,0.029239327110181276,63.50648369501873,52.196931355154625,-15.251295375167638,96.75995458705081,0.9176308741112829,0.12610645761914285,-0.2087669798777998,-0.10195638832232112,48.859595049124465,91.71531469021043,-60.33526309945374,69.16063154210943
4DoF_V22_3_3x3_grid_4Nm_three_expert_selector_primary_2160,20260719,1139,-1.0,mid_cross,true_action_mask_scratch,v22_3_true_action_mask_scratch_c090_epoch1275,,,1.0,4.0,0.2,0.3,0.01,True,True,success,12,12,4,8,0,0.9910462282077599,0.07813606443784998,0.8082446043845415,0.1046655593853685,0.04623900019567741,0.8589480311216272,0.06772117868795732,0.7005123392238389,0.090714513209831,60.75761555127265,50.60026750222356,3.3541667556731505,100.01479643110612,0.4052452874023098,0.8344550689340557,-0.9561129493573912,0.25075709497690046,42.66586099926324,90.86811508719,-50.1901691897399,68.93967785309493
4DoF_V22_3_3x3_grid_4Nm_three_expert_selector_primary_2160,20260719,1212,-1.0,touchdown,true_action_mask_scratch,v22_3_true_action_mask_scratch_c090_epoch1275,,,1.0,4.0,0.2,0.35,0.0,True,True,success,10,10,3,7,0,0.18350096372605648,0.0,0.16595737924409198,0.01754358448196449,0.04581773284379544,0.16050411243235482,0.0,0.14515913876582193,0.01534497366653289,60.3245640574883,49.16946520218879,-54.841224715987224,16.21375168687667,0.9300999446933842,0.7934722048834137,-0.4434972387848686,0.024903588019131062,56.44407564389131,71.96281083225638,-62.72203211610391,29.322761151118957
4DoF_V22_3_3x3_grid_4Nm_three_expert_selector_primary_2160,20260803,1974,-1.0,mid_cross,true_action_mask_scratch,v22_3_true_action_mask_scratch_c090_epoch1275,,,1.0,4.0,0.2,0.35,0.01,True,True,success,11,8,5,6,0,0.6897723760715951,0.013001062815804258,0.6711490824064201,0.0056222308493708,0.04498823266931143,0.6144524436769966,0.011581407279696409,0.5978627269837126,0.0050083094135876405,70.1671102371569,42.69570393233129,-14.441625456468106,77.64060660673658,0.6436621911808236,0.8554028800669728,0.22327602172899086,0.13194350668969845,55.13235011075303,82.44794004425705,-57.228870809694904,59.84745664367318
4DoF_V22_3_3x3_grid_4Nm_three_expert_selector_primary_2160,20260702,520,-1.0,touchdown,true_action_mask_scratch,v22_3_true_action_mask_scratch_c090_epoch1275,,,1.0,4.0,0.2,0.35,0.0,True,True,success,11,11,4,7,0,0.3758867950221431,0.0,0.36878947823252084,0.0070973167896222844,0.04422183556349984,0.34064476120362563,0.0,0.33421286783837734,0.006431893365248289,72.48379214880222,40.16327743950106,-39.22241025209297,41.38152047477956,0.8139050104241203,0.5628296742867316,-0.70528108512189,0.20049392116336862,65.89480405196103,68.32716391864648,-55.363914024077836,46.542805778406745
4DoF_V22_3_3x3_grid_4Nm_three_expert_selector_primary_2160,20260719,1348,-1.0,mid_cross,true_action_mask_scratch,v22_3_true_action_mask_scratch_c090_epoch1275,,,1.0,4.0,0.2,0.4,0.0,True,True,success+touchdown_event,13,13,5,8,0,1.1015930975257966,0.03848758275960959,0.9559294795932747,0.10717603517291223,0.043250000630413885,1.0207432069709934,0.03566284024731321,0.8857703673250386,0.09930999939864142,69.53826765581805,50.901460360420046,-12.569308220293715,93.61203917968382,0.7676176382952937,0.19971652265794604,0.5329206889801972,0.2817063583516205,50.41160356754787,96.26918920079174,-75.925917283306,54.663239370877754
4DoF_V22_3_3x3_grid_4Nm_three_expert_selector_primary_2160,20260803,1774,1.0,touchdown,true_action_mask_scratch,v22_3_true_action_mask_scratch_c090_epoch1275,,,1.0,4.0,0.2,0.4,0.02,True,True,success,9,9,9,0,0,0.14418017292862545,0.00021023600115792942,0.12393281541130456,0.020037121516162958,0.04269204107331345,0.13534431986324444,0.0001973520214986435,0.11633778951620201,0.018809178325543786,63.983508231239014,16.937466158261966,66.01573511883801,47.09525136447995,-0.7961007112858902,-0.5514664561979845,0.05783570034353813,-0.3460277596926109,47.18202007399276,33.86223136498219,55.869933298351306,52.781093480019095
4DoF_V22_3_3x3_grid_4Nm_three_expert_selector_primary_2160,20260803,1854,-1.0,touchdown,true_action_mask_scratch,v22_3_true_action_mask_scratch_c090_epoch1275,,,1.0,4.0,0.2,0.3,0.01,True,True,success,12,12,5,7,0,0.4610987999431821,0.00024535961773323534,0.43860391209096344,0.0222495282344854,0.04178369937992084,0.4422506849342178,0.00023533017004401694,0.4206753098489043,0.021340044915269533,59.80246518169331,47.77087138301931,-47.76668848396801,18.61681422906261,0.9648335551199407,0.1536007976845415,-0.9259777086234822,0.4652572303866518,54.41862798760288,72.52293835876013,-52.72871413926118,42.880042975533584
4DoF_V22_3_3x3_grid_4Nm_three_expert_selector_primary_2160,20260702,584,-1.0,touchdown,true_action_mask_scratch,v22_3_true_action_mask_scratch_c090_epoch1275,,,1.0,4.0,0.2,0.35,0.02,True,True,success,11,11,3,8,0,0.2185429057341414,0.0,0.1998939215160312,0.018648984218110197,0.03904966210588508,0.22428531711143973,0.0,0.20514631406252196,0.019139003048917767,60.31850510508285,46.99471180467578,-52.994997114071666,16.418496192718006,0.7852731870114174,0.46293408473623665,-0.5131421960192579,-0.20535573438961818,52.60728283569527,73.84112755231273,-64.39889057654293,28.778925671813244
4DoF_V22_3_3x3_grid_4Nm_three_expert_selector_primary_2160,20260803,2042,-1.0,mid_cross,true_action_mask_scratch,v22_3_true_action_mask_scratch_c090_epoch1275,,,1.0,4.0,0.2,0.4,0.0,True,True,success,10,8,3,7,0,0.5679032168472183,0.0,0.5277891948798227,0.04011402196739569,0.03795914794847996,0.5995691569530571,0.0,0.5572184013674302,0.04235075558562696,80.94046614796768,41.98744307865546,-21.72671361161766,83.90323989248326,0.5618247032602088,0.9032301831362091,-0.8679312627257547,-0.31844582802080135,70.44599615042586,74.41865088838605,-60.20310026402157,63.129822880303365
4DoF_V22_3_3x3_grid_4Nm_three_expert_selector_primary_2160,20260702,123,1.0,touchdown,true_action_mask_scratch,v22_3_true_action_mask_scratch_c090_epoch1275,,,1.0,4.0,0.2,0.35,0.0,True,True,success,8,8,8,0,0,0.19588331399471673,0.0,0.18985234181914756,0.006030972175569172,0.036510161012843906,0.21501319129057375,0.0,0.20839323705552973,0.006619954235044017,55.82664603235948,22.101099333454204,65.26559734881195,59.311636133931486,-0.9193503414907589,-0.43619517821892373,0.7969332222179013,-0.33197952376435014,39.99097127274569,38.29958110312514,57.698921260965356,59.885344671203896
4DoF_V22_3_3x3_grid_4Nm_three_expert_selector_primary_2160,20260702,386,-1.0,touchdown,true_action_mask_scratch,v22_3_true_action_mask_scratch_c090_epoch1275,,,1.0,4.0,0.2,0.3,0.0,True,True,success,12,12,5,7,0,0.323721898732743,0.00035968514881676696,0.30814880113888354,0.015213412445042655,0.03621961412904522,0.35818687691469125,0.00039797894622395125,0.3409557930341493,0.016833104934317993,62.64210621989704,47.45434623647986,-40.65783645499772,40.329242752379784,0.9694110112164984,-0.1394372332539322,-0.5376330358286352,-0.4680445328962475,55.263437988129546,73.76041241128773,-52.30665043356194,45.96142112329132
4DoF_V22_3_3x3_grid_4Nm_three_expert_selector_primary_2160,20260719,1145,-1.0,touchdown,true_action_mask_scratch,v22_3_true_action_mask_scratch_c090_epoch1275,,,1.0,4.0,0.2,0.3,0.01,True,True,success,9,9,4,5,0,0.46603566183681117,0.0,0.447346568728711,0.01868909310810017,0.03581574980512592,0.5214666201719971,0.0,0.5005546191917516,0.020912000980245513,63.84616656554005,54.556018464657264,-57.59242348422237,25.81362255442873,0.8797780301756568,0.7857257317669808,-0.6587921368564453,0.22500144740506733,65.1475263158829,67.93137863579574,-50.89936807139777,52.281494310520685
4DoF_V22_3_3x3_grid_4Nm_three_expert_selector_primary_2160,20260702,477,-1.0,touchdown,true_action_mask_scratch,v22_3_true_action_mask_scratch_c090_epoch1275,,,1.0,4.0,0.2,0.3,0.02,True,True,success,11,11,4,7,0,0.34531899636196217,0.010966747745687429,0.30580561191862277,0.02854663669765197,0.0353172227804577,0.39184592584116684,0.012444364396828696,0.34700866269191083,0.032392898752427346,55.73969587656521,46.75186840024569,-47.91536391357829,19.462800218494987,0.44889419276397824,0.9837946329582639,-0.4330272825232988,0.4604307492771139,45.78851065418997,75.77348999549558,-57.19292229684183,34.043969561763504
4DoF_V22_3_3x3_grid_4Nm_three_expert_selector_primary_2160,20260702,100,1.0,touchdown,true_action_mask_scratch,v22_3_true_action_mask_scratch_c090_epoch1275,,,1.0,4.0,0.2,0.3,0.02,True,True,success,8,8,7,1,0,0.041795096443899754,0.0,0.03455260755871202,0.007242488885187737,0.03512284109684455,0.047688877853908386,0.0,0.03942508144737041,0.00826379640653798,57.29419530042382,17.46270973771052,65.65861970813114,86.72101611645321,-0.8156383762536565,-0.3680618432774456,0.5950228843834038,-0.03973637343718606,42.33592526174743,33.33427869831125,57.975885652339166,74.60062839402448
4DoF_V22_3_3x3_grid_4Nm_three_expert_selector_primary_2160,20260719,1180,-1.0,touchdown,true_action_mask_scratch,v22_3_true_action_mask_scratch_c090_epoch1275,,,1.0,4.0,0.2,0.3,0.02,True,True,success,13,12,3,10,0,0.3086601118831628,0.02921838387693243,0.2520427723684787,0.02739895563775162,0.03449518420714606,0.35859435723914407,0.033945259470006366,0.29281760899658626,0.03183148877255143,67.82839546933202,37.03159357845916,-37.56174615237712,37.772309740684776,0.7344252581185198,0.18209571643852773,0.2942286250233277,0.08240008212621419,53.41519752655829,76.33233695341202,-53.14311144346929,51.652842327469884
4DoF_V22_3_3x3_grid_4Nm_three_expert_selector_primary_2160,20260719,1381,-1.0,touchdown,true_action_mask_scratch,v22_3_true_action_mask_scratch_c090_epoch1275,,,1.0,4.0,0.2,0.4,0.01,True,True,success,10,10,3,7,0,0.2239055758839505,0.0,0.20418464509143736,0.019720930792513143,0.034427823614880504,0.2606374092741962,0.0,0.23768124889299877,0.022956160381197466,74.69233132812329,43.25615899327783,-60.1379639532611,8.39704671613432,0.8809208055355848,0.1639323822962182,-0.5307053391306538,0.4353046367175485,72.71879307474174,61.016255437315124,-61.02020151608049,38.19258923008554
4DoF_V22_3_3x3_grid_4Nm_three_expert_selector_primary_2160,20260803,2002,-1.0,mid_cross,true_action_mask_scratch,v22_3_true_action_mask_scratch_c090_epoch1275,,,1.0,4.0,0.2,0.35,0.02,True,True,success,13,12,4,9,0,0.762332702782683,0.037820023032775714,0.6285065176313926,0.09600616211851458,0.033477697294831736,0.9125788157539477,0.045273870194804264,0.7523771857878677,0.11492775977127576,68.59333071485071,40.382386320517384,-17.37669741468906,95.40465622146307,0.7514879981368228,-0.03358182934866516,0.5711276797200564,0.02524957683658402,47.725025348983216,86.17063328181226,-61.17865060576936,54.010885082147865
4DoF_V22_3_3x3_grid_4Nm_three_expert_selector_primary_2160,20260803,1842,-1.0,touchdown,true_action_mask_scratch,v22_3_true_action_mask_scratch_c090_epoch1275,,,1.0,4.0,0.2,0.3,0.01,True,True,success,10,10,5,5,0,0.29686345697799027,0.0004271482015885293,0.2873584559041358,0.009077852872265993,0.03325920926295229,0.3577060053336505,0.0005146927763729906,0.34625294203164686,0.010938370525630658,71.52616752191841,46.10734315492312,-38.70176970186125,49.801352449105586,0.9986979862912706,-0.14738925621161325,-0.6795845547259669,-0.3542439871473205,69.17088465796482,63.13891394382663,-45.76823410815191,55.07459827609097
4DoF_V22_3_3x3_grid_4Nm_three_expert_selector_primary_2160,20260719,1350,-1.0,touchdown,true_action_mask_scratch,v22_3_true_action_mask_scratch_c090_epoch1275,,,1.0,4.0,0.2,0.4,0.0,True,True,success,8,8,4,4,0,0.18976855077881488,0.0,0.17317536555857227,0.01659318522024262,0.03311471906109628,0.22965958545468873,0.0,0.2095783653399003,0.020081220114788436,68.72128570105193,57.32265594884149,-57.82081933484593,41.91005907790117,0.7923183493000179,0.953234270593549,-0.8461247083000587,0.3811064835481617,68.99841019407,70.62595635899953,-61.89772319513545,51.42508304550332
4DoF_V22_3_3x3_grid_4Nm_three_expert_selector_primary_2160,20260719,1167,-1.0,touchdown,true_action_mask_scratch,v22_3_true_action_mask_scratch_c090_epoch1275,,,1.0,4.0,0.2,0.3,0.02,True,True,success,7,7,3,4,0,0.45601445555236214,0.0006107333190789869,0.4046413068905323,0.05076241534275089,0.03295368747527962,0.554569526864228,0.0007427266475392743,0.4920934750636174,0.06173332515307139,81.61329201543988,37.989144929226036,-55.53975558500833,9.963977178066862,0.8967573820609998,0.9111497255562173,-0.5954018909319183,-0.44629626862214433,85.49841046113943,44.367105998687116,-45.13467136027383,40.88201116769406
4DoF_V22_3_3x3_grid_4Nm_three_expert_selector_primary_2160,20260719,1412,-1.0,touchdown,true_action_mask_scratch,v22_3_true_action_mask_scratch_c090_epoch1275,,,1.0,4.0,0.2,0.4,0.02,True,True,success,12,12,4,8,0,0.4193765170906637,0.0014084620252832422,0.4079395920362367,0.010028463029143807,0.03258937384108483,0.515714690637433,0.0017320105634014056,0.5016505024296507,0.012332177644380962,54.799517601279945,59.78280919621937,-70.27017109903703,8.11484480078611,0.9097273315596011,-0.04974209165867394,-0.7400875952410835,-0.1238841988329038,49.40899051799975,81.77169030328665,-74.78166270592902,25.57313336050872
4DoF_V22_3_3x3_grid_4Nm_three_expert_selector_primary_2160,20260803,1630,1.0,touchdown,true_action_mask_scratch,v22_3_true_action_mask_scratch_c090_epoch1275,,,1.0,4.0,0.2,0.35,0.01,True,True,success,9,9,9,0,0,0.12502289069909892,0.00039350730149819406,0.10029364123295348,0.024335742164647237,0.032366354944768916,0.15480220916749982,0.00048723717116789476,0.12418267680020734,0.03013229519612458,64.95374084958407,16.300396803484208,56.43040518668497,39.03116889361814,-0.36818932611299604,-0.6684952101461814,0.7224190378403212,-0.2954909831513435,49.802115595832916,33.96358665423095,49.51433515286561,46.46747860430001
4DoF_V22_3_3x3_grid_4Nm_three_expert_selector_primary_2160,20260702,363,-1.0,mid_cross,true_action_mask_scratch,v22_3_true_action_mask_scratch_c090_epoch1275,,,1.0,4.0,0.2,0.3,0.0,True,True,success,12,12,5,7,0,0.7807594089404952,0.006358444812992941,0.7273965052448603,0.04700445888264189,0.03235043251656128,0.9672050283311919,0.00787684365384557,0.9010990446059227,0.0582291400714236,70.97529188091758,39.75247767198624,-23.165491810569204,82.6001192731717,0.43307569801722945,0.7797050185247831,0.2524296870249687,0.39706171409600066,56.119348262719576,78.33409932028317,-50.67127500010862,58.14752847428062
4DoF_V22_3_3x3_grid_4Nm_three_expert_selector_primary_2160,20260702,115,1.0,mid_cross,true_action_mask_scratch,v22_3_true_action_mask_scratch_c090_epoch1275,,,1.0,4.0,0.2,0.3,0.02,True,True,success,13,13,7,6,0,1.0001701511533132,0.0,1.0001701511533132,0.0,0.03225965198365663,1.2424977816068246,0.0,1.2424977816068246,0.0,50.239311326969826,29.652860348208982,9.471336886802856,56.3552193374876,0.3755975863751335,-0.01326511978881384,0.00852767887177519,-0.2468019280546413,39.552525782139504,48.29831057654091,48.16595036142397,75.62771020169042
4DoF_V22_3_3x3_grid_4Nm_three_expert_selector_primary_2160,20260702,400,-1.0,touchdown,true_action_mask_scratch,v22_3_true_action_mask_scratch_c090_epoch1275,,,1.0,4.0,0.2,0.3,0.0,True,True,success,13,13,5,8,0,0.48414541980568626,0.0002872953629368945,0.4642726240445207,0.019585500398228678,0.03201468404986803,0.60604938932647,0.0003596340523764808,0.581172781508724,0.024516973765369526,68.41072575502865,41.93852480229874,-46.9867812590504,9.067209618853592,0.9299322936010139,-0.4620772270190501,-0.7532356199074552,0.42077317389201907,60.5736965997512,69.2050379160103,-52.10850960368139,44.36065306630389
4DoF_V22_3_3x3_grid_4Nm_three_expert_selector_primary_2160,20260803,1520,1.0,touchdown,true_action_mask_scratch,v22_3_true_action_mask_scratch_c090_epoch1275,,,1.0,4.0,0.2,0.3,0.01,True,True,success,7,7,6,1,0,0.021445002037315218,0.0,0.016219517158893585,0.005225484878421631,0.0312740978935824,0.027480378558010766,0.0,0.02078425876476849,0.006696119793242273,54.31575120041904,18.77333849769251,63.59087033245045,84.34258400133774,-0.9813853018934389,-0.13618973295738157,0.991487574541255,0.48563262824254927,41.54580820453766,31.987406971674076,59.491554794962305,76.79511460781079
4DoF_V22_3_3x3_grid_4Nm_three_expert_selector_primary_2160,20260803,1887,-1.0,mid_cross,true_action_mask_scratch,v22_3_true_action_mask_scratch_c090_epoch1275,,,1.0,4.0,0.2,0.3,0.02,True,True,success,12,12,3,9,0,0.664515396628222,0.06768720380296026,0.4856039626400201,0.11122423018524163,0.03116565939291325,0.8544962052378079,0.08703855333715717,0.6244351077940344,0.14302254410661616,63.344966396553986,48.99221782304365,-5.096912074589002,100.417437915738,0.8904530124922327,-0.7015072725853946,-0.6598113189847907,0.2486309938871717,45.940773545572746,83.52436958244175,-54.77966354050973,52.03844661098832
4DoF_V22_3_3x3_grid_4Nm_three_expert_selector_primary_2160,20260719,1044,1.0,touchdown,true_action_mask_scratch,v22_3_true_action_mask_scratch_c090_epoch1275,,,1.0,4.0,0.2,0.4,0.02,True,True,success,9,9,9,0,0,0.2925193890708316,6.295183796547377e-05,0.2705536024508403,0.02190283478202581,0.030072660041898708,0.38982009538726925,8.389150393912089e-05,0.36054783052079237,0.029188373362537833,58.8004128949067,17.984577387901677,72.13746503703955,60.395628074185595,-0.5008920242177108,-0.494349550355496,0.5991142252804695,0.027510616059444826,42.16749043732898,37.53247176977975,60.95404619443089,62.390816298367625
4DoF_V22_3_3x3_grid_4Nm_three_expert_selector_primary_2160,20260719,1186,-1.0,touchdown,true_action_mask_scratch,v22_3_true_action_mask_scratch_c090_epoch1275,,,1.0,4.0,0.2,0.3,0.02,True,True,success,9,9,4,5,0,0.2675964496291538,0.0002693083165074042,0.25758209236049767,0.009745048952148708,0.029620811738167302,0.36204687371280353,0.00036436295844539983,0.3484978645746605,0.013184646179697628,77.0927569363238,38.52167423656991,-42.52260423996682,39.98837958690774,0.6338272945508847,0.5226275042684378,-0.9735711874074331,0.08723035156245418,76.16818139499343,52.18353833377009,-42.77543768627114,51.141008345953665
4DoF_V22_3_3x3_grid_4Nm_three_expert_selector_primary_2160,20260719,1143,-1.0,touchdown,true_action_mask_scratch,v22_3_true_action_mask_scratch_c090_epoch1275,,,1.0,4.0,0.2,0.3,0.01,True,True,success,7,7,3,4,0,0.09345145242044683,0.0,0.08033631943973452,0.013115132980712325,0.02961743783409956,0.12645033391173574,0.0,0.10870408276470664,0.01774625114702912,60.50882525887699,56.52548578220432,-49.24809161016678,34.35988457302598,0.9191575819703732,0.7124222305475671,-0.7047116227376091,0.1485725947662243,60.64771939482638,67.02398485020186,-51.403603484573885,43.000458521066264
4DoF_V22_3_3x3_grid_4Nm_three_expert_selector_primary_2160,20260702,654,-1.0,mid_cross,true_action_mask_scratch,v22_3_true_action_mask_scratch_c090_epoch1275,,,1.0,4.0,0.2,0.4,0.01,True,True,success,15,12,2,13,0,0.38950902045270897,0.11792175457176488,0.20509870131344743,0.06648856456749666,0.029379522284793264,0.531317597780042,0.16085353631158006,0.27976900037645674,0.0906950610920052,71.01456670015138,34.855771817582806,-24.468086231177843,92.43736875918448,0.2821552765007058,0.5813282581851233,0.22467122770775783,0.03801069570786775,40.21937282882831,97.6524254864766,-76.68301148271568,43.23306399151485
4DoF_V22_3_3x3_grid_4Nm_three_expert_selector_primary_2160,20260719,1335,-1.0,mid_cross,true_action_mask_scratch,v22_3_true_action_mask_scratch_c090_epoch1275,,,1.0,4.0,0.2,0.4,0.0,True,True,success+touchdown_event,9,8,3,6,0,0.5690255638717787,0.0,0.5470658619565569,0.02195970191522177,0.029027127033928887,0.7856138563259273,0.0,0.755295629517276,0.0303182268086512,83.98102315913187,42.76555572883445,-21.741707266907014,74.67307811385028,0.9778908169722718,-0.37007091255566027,-0.987244565036226,-0.16096106453085857,76.84855517076073,64.14586568734988,-54.04905543282119,56.13984726816192
4DoF_V22_3_3x3_grid_4Nm_three_expert_selector_primary_2160,20260719,1284,-1.0,mid_cross,true_action_mask_scratch,v22_3_true_action_mask_scratch_c090_epoch1275,,,1.0,4.0,0.2,0.35,0.02,True,True,success,15,11,10,5,0,1.2306284255380069,0.018089379884077078,1.1856421817369145,0.026896863917015325,0.02902536372307295,1.6991459403030045,0.024976260709394064,1.6370328020576483,0.03713687753596222,75.38173905504568,34.03050607525286,-7.006238801313775,68.38482397248774,0.43041445619889007,0.12527954828300025,0.4579177825110512,0.41755884335244065,48.01270143000766,91.836584894642,-59.163816819259054,62.84569390239868
4DoF_V22_3_3x3_grid_4Nm_three_expert_selector_primary_2160,20260803,2026,-1.0,touchdown,true_action_mask_scratch,v22_3_true_action_mask_scratch_c090_epoch1275,,,1.0,4.0,0.2,0.35,0.02,True,True,success,12,12,5,7,0,0.46192549712470754,0.0027669414047309104,0.44662442900527277,0.012534126714703898,0.028791390525451196,0.6429699928569692,0.003851400943029536,0.621671909679714,0.017446682234225706,76.74393265807566,41.71001151815329,-51.739653606582536,40.867819691721756,0.7903922013026141,-0.2076931022812385,-0.3509402274228879,0.2707166763497171,73.04286151789283,62.63843705074033,-52.844025294555706,54.932448007553575
4DoF_V22_3_3x3_grid_4Nm_three_expert_selector_primary_2160,20260702,181,1.0,touchdown,true_action_mask_scratch,v22_3_true_action_mask_scratch_c090_epoch1275,,,1.0,4.0,0.2,0.35,0.01,True,True,success,7,7,7,0,0,0.07762117898969637,0.0,0.05184264504580239,0.025778533943893983,0.028538852565052925,0.10899965858152084,0.0,0.0728001131070882,0.03619954547443266,58.090056125543505,21.52970423295149,59.08578730201838,44.69499140895487,-0.8241660376782487,-0.19318942560725016,0.9833040676895646,0.3126455564623004,46.03151375057785,34.56976864053203,56.3827447674402,52.0717259325074
4DoF_V22_3_3x3_grid_4Nm_three_expert_selector_primary_2160,20260719,951,1.0,touchdown,true_action_mask_scratch,v22_3_true_action_mask_scratch_c090_epoch1275,,,1.0,4.0,0.2,0.35,0.02,True,True,success,7,7,7,0,0,0.11525981086902401,0.0,0.10187733126981019,0.013382479599213824,0.028213300785440015,0.16372138660454919,0.0,0.14471217515720325,0.019009211447345936,69.48197393145452,12.604825172386503,52.81733823575321,39.586596179265754,-0.8020491456764061,-0.08378922622908913,0.6146083202186636,-0.2895299744441542,58.69466437124659,24.471944962554073,48.285406381104096,42.25825812339762
4DoF_V22_3_3x3_grid_4Nm_three_expert_selector_primary_2160,20260803,2052,-1.0,mid_cross,true_action_mask_scratch,v22_3_true_action_mask_scratch_c090_epoch1275,,,1.0,4.0,0.2,0.4,0.0,True,True,success,11,11,4,7,0,0.7192513634671376,0.012251313150635672,0.625011905466719,0.0819881448497829,0.028177642999722072,1.0229571492023224,0.017424462449603405,0.8889248314410161,0.11660785531170285,85.68354909990452,39.93174988185467,-24.52192418494838,98.19580682771448,0.868539944596578,-0.29714441410619274,-0.03929476515082464,-0.03945811805742838,75.55644267207454,69.94386782074405,-57.48801550677939,67.21016953999232
4DoF_V22_3_3x3_grid_4Nm_three_expert_selector_primary_2160,20260719,1271,-1.0,touchdown,true_action_mask_scratch,v22_3_true_action_mask_scratch_c090_epoch1275,,,1.0,4.0,0.2,0.35,0.01,True,True,success,9,9,4,5,0,0.4446146101234399,0.0008571598464912629,0.437513396898483,0.006244053378465607,0.028143121096052104,0.6331299828637225,0.0012205932656369847,0.6230178747479312,0.008891514850154228,71.63805380843971,50.27207413261785,-59.2490041507997,29.035843537667464,0.7383128868358801,0.392264525449471,-0.8822133066784821,0.1077148316552552,72.42953766553138,61.47110296300462,-54.75125054104665,48.969346403094995
4DoF_V22_3_3x3_grid_4Nm_three_expert_selector_primary_2160,20260803,1860,-1.0,touchdown,true_action_mask_scratch,v22_3_true_action_mask_scratch_c090_epoch1275,,,1.0,4.0,0.2,0.3,0.01,True,True,success,8,8,3,5,0,0.19243641285736465,0.0,0.1824594176401021,0.009976995217262564,0.027525547978720262,0.2801771347319268,0.0,0.2656511627929327,0.014525971938994102,46.338809846256034,60.30468476946359,-59.948589191644935,9.506463896526146,0.9688512133701019,0.30065779536862514,0.5474149027278419,-0.2659752409170768,42.94461135921173,74.89286104197913,-64.31436463465054,10.190763725607136
4DoF_V22_3_3x3_grid_4Nm_three_expert_selector_primary_2160,20260803,1881,-1.0,touchdown,true_action_mask_scratch,v22_3_true_action_mask_scratch_c090_epoch1275,,,1.0,4.0,0.2,0.3,0.02,True,True,success,6,6,3,3,0,0.21861663381949145,0.0,0.20697460256422373,0.011642031255267724,0.026494246595121857,0.33068389107368595,0.0,0.31307392184018223,0.01760996923350375,53.98643193581521,57.742185194084655,-58.34105433069235,21.049280610077624,0.9614184906278676,0.9831294146213676,0.7956105798983073,0.4364856861930586,53.935656090726305,67.5202623197385,-57.55066907814915,24.01616084585741
4DoF_V22_3_3x3_grid_4Nm_three_expert_selector_primary_2160,20260803,1825,-1.0,touchdown,true_action_mask_scratch,v22_3_true_action_mask_scratch_c090_epoch1275,,,1.0,4.0,0.2,0.3,0.0,True,True,success,10,10,3,7,0,0.18428936574213894,0.0,0.1719893285618782,0.012300037180260745,0.02648739879555543,0.2788318469774481,0.0,0.2602217547941465,0.01861009218330158,69.53200560797208,39.03860891299777,-47.790244011825344,12.881515261224079,0.9933457987156191,-0.35756769579712144,0.39118232833384803,0.0140109321202192,62.72289812200665,61.25092452755551,-55.2752388673317,23.782098900297992
4DoF_V22_3_3x3_grid_4Nm_three_expert_selector_primary_2160,20260803,1472,1.0,touchdown,true_action_mask_scratch,v22_3_true_action_mask_scratch_c090_epoch1275,,,1.0,4.0,0.2,0.3,0.0,True,True,success,6,6,6,0,0,0.033263759542265195,0.0,0.029341698584765236,0.003922060957499961,0.02636352556339261,0.0505649119776505,0.0,0.044602907988444775,0.005962003989205727,61.07304764264683,26.242288971637738,52.05605456427131,63.89190330241439,-0.9866308337556153,-0.33717052375209344,0.5587519940281296,0.08677654440715943,50.83398493433385,36.571178535457214,42.78001578753966,48.322139775042835
4DoF_V22_3_3x3_grid_4Nm_three_expert_selector_primary_2160,20260803,1946,-1.0,mid_cross,true_action_mask_scratch,v22_3_true_action_mask_scratch_c090_epoch1275,,,1.0,4.0,0.2,0.35,0.0,True,True,success,11,10,4,7,0,0.7799009790419563,0.03494353716431134,0.6932794996281004,0.05167794224954458,0.02620279540248426,1.1928154350050986,0.05344420843587957,1.0603326706229486,0.0790385559462706,58.435083389915754,66.27627081997356,-21.18437335482554,91.45233766917916,0.866067586881534,-0.6718689052314408,-0.1914632032291661,-0.07362710010191365,46.55176211631101,91.2743616774052,-62.181040027929065,57.600997199278765
4DoF_V22_3_3x3_grid_4Nm_three_expert_selector_primary_2160,20260719,1417,-1.0,touchdown,true_action_mask_scratch,v22_3_true_action_mask_scratch_c090_epoch1275,,,1.0,4.0,0.2,0.4,0.02,True,True,success,9,9,5,4,0,0.30079679483985444,0.0,0.2844971108036005,0.01629968403625394,0.02562768952885186,0.47037600666870977,0.0,0.44488710379985846,0.02548890286885131,68.318667077929,54.4972893688288,-57.879606070200396,43.55882172797199,0.4504113367668092,0.9415892022805199,-0.32742711728443674,0.46222829513742303,65.27455518555715,72.02114624566725,-61.816022106134604,52.31045902118374
4DoF_V22_3_3x3_grid_4Nm_three_expert_selector_primary_2160,20260719,1251,-1.0,mid_cross,true_action_mask_scratch,v22_3_true_action_mask_scratch_c090_epoch1275,,,1.0,4.0,0.2,0.35,0.01,True,True,success,14,11,10,4,0,0.8872810373271794,0.017573444144501182,0.8360333303913546,0.033674262791323725,0.025363418776330214,1.4019574025531354,0.02776709866465078,1.320982943413353,0.05320736047513157,76.51792809935795,33.521534985131915,-17.403190897467915,52.87379872471895,0.7841996051019033,-0.6228981335290449,0.4208726177108473,0.19623575200920995,54.64667039585374,81.58342145784074,-56.69129811195054,54.80628066919802
4DoF_V22_3_3x3_grid_4Nm_three_expert_selector_primary_2160,20260702,266,1.0,touchdown,true_action_mask_scratch,v22_3_true_action_mask_scratch_c090_epoch1275,,,1.0,4.0,0.2,0.4,0.0,True,True,success,7,7,7,0,0,0.06911165905358808,0.0,0.0643028854505473,0.004808773603040788,0.02503089587413143,0.1106512528024137,0.0,0.10295216366309698,0.007699089139316719,59.42326764680247,22.032127000883442,63.17302131605025,52.72590458917024,-0.7511196140000382,-0.46810579308136324,-0.10075182363253243,0.22542482477902004,46.187266806127965,37.07353892491841,49.53105813479665,41.67935927053661
4DoF_V22_3_3x3_grid_4Nm_three_expert_selector_primary_2160,20260719,1170,-1.0,touchdown,true_action_mask_scratch,v22_3_true_action_mask_scratch_c090_epoch1275,,,1.0,4.0,0.2,0.3,0.02,True,True,success,7,7,3,4,0,0.24597907939144345,0.0,0.24129517580569837,0.004683903585745081,0.024867277084634855,0.3964161585908149,0.0,0.3888676505174271,0.0075485080733877965,48.05906924800434,66.66072061276724,-41.64296878410197,53.25921561923755,0.9040182740278797,0.3107833022665061,-0.4069915896487326,-0.16853731031663777,45.94048760389951,77.6202043986276,-50.78502940806324,48.43500240085021
4DoF_V22_3_3x3_grid_4Nm_three_expert_selector_primary_2160,20260803,1808,-1.0,touchdown,true_action_mask_scratch,v22_3_true_action_mask_scratch_c090_epoch1275,,,1.0,4.0,0.2,0.3,0.0,True,True,success,8,8,5,3,0,0.5341574832494846,0.0,0.521449502884875,0.012707980364609616,0.0247177325644493,0.8660482699237684,0.0,0.8454443754654462,0.020603894458322176,52.10445669669619,69.63104628013271,-42.23813044651222,65.80571093134833,0.8178144330451935,0.3660740887842646,0.4134646362352965,0.10457905434430104,48.37214130379347,84.332636759422,-54.53406451446759,56.2026860119647
4DoF_V22_3_3x3_grid_4Nm_three_expert_selector_primary_2160,20260803,1902,-1.0,touchdown,true_action_mask_scratch,v22_3_true_action_mask_scratch_c090_epoch1275,,,1.0,4.0,0.2,0.3,0.02,True,True,success,8,8,4,4,0,0.34141157500713243,0.0,0.3314462367264099,0.009965338280722545,0.02467087766420677,0.5545938532434459,0.0,0.5384060149844037,0.016187838259042256,63.16122773867714,52.77683019833052,-41.278250475532026,49.53459783528226,0.7407675466287116,0.3916647101528532,-0.07973056828549407,0.4863238924879716,59.674211246432925,67.74814297823285,-49.54118463803029,48.1564577619969
4DoF_V22_3_3x3_grid_4Nm_three_expert_selector_primary_2160,20260803,1867,-1.0,touchdown,true_action_mask_scratch,v22_3_true_action_mask_scratch_c090_epoch1275,,,1.0,4.0,0.2,0.3,0.01,True,True,success,10,10,4,6,0,0.3996722364862609,5.1693676506176946e-05,0.39634488602696605,0.003275656782788618,0.024084849175993794,0.6650303416640685,8.601513993318487e-05,0.6594938324678462,0.005450494056289104,68.60391867106833,47.83680800313876,-49.697587371479464,38.76728165701366,0.5240705119001161,0.4301800939247524,-0.8791381032938117,-0.12883123610346336,65.74637435907775,64.20027604852226,-49.026790931821175,49.993743333769004
4DoF_V22_3_3x3_grid_4Nm_three_expert_selector_primary_2160,20260719,905,1.0,touchdown,true_action_mask_scratch,v22_3_true_action_mask_scratch_c090_epoch1275,,,1.0,4.0,0.2,0.35,0.01,True,True,success,10,10,10,0,0,0.31511176760995396,0.0,0.295660348727878,0.019451418882075976,0.024026022656153,0.5256106424083522,0.0,0.4931654155864296,0.03244522682192256,62.395557953624824,18.059452031497297,66.69451897112555,55.1981836998473,-0.9088675504488855,0.6858266899185148,-0.014686135461828176,-0.4675206591625596,41.4210013843851,46.809776118617464,50.15863856895523,53.661066854370496
4DoF_V22_3_3x3_grid_4Nm_three_expert_selector_primary_2160,20260719,861,1.0,touchdown,true_action_mask_scratch,v22_3_true_action_mask_scratch_c090_epoch1275,,,1.0,4.0,0.2,0.35,0.0,True,True,success,8,8,8,0,0,0.15805928416157033,0.0,0.15805928416157033,0.0,0.02390171241141925,0.2650161891200996,0.0,0.2650161891200996,0.0,58.34854125662475,18.806515095831536,65.86987308656457,65.53474423477947,-0.723849731325279,-0.16275850487445576,0.8764578127182105,-0.27799089164192026,40.78028490753786,41.572552710373735,52.19478835779595,57.43641046390229
4DoF_V22_3_3x3_grid_4Nm_three_expert_selector_primary_2160,20260702,701,-1.0,touchdown,true_action_mask_scratch,v22_3_true_action_mask_scratch_c090_epoch1275,,,1.0,4.0,0.2,0.4,0.02,True,True,success,10,10,5,5,0,0.4217100499759322,0.0028752338535896725,0.4131387635763812,0.005696052545961345,0.023563192345487552,0.7172346016533664,0.004890130571366173,0.7026567579743036,0.009687713107696606,67.57405337247252,61.11193668970335,-55.328415448152874,58.0323301693807,0.9707252392551915,-0.6264044717629613,-0.7688882881804067,-0.23008363052505287,66.58021653163127,72.83981584564867,-61.62505486926001,57.954294477368286
4DoF_V22_3_3x3_grid_4Nm_three_expert_selector_primary_2160,20260702,443,-1.0,mid_cross,true_action_mask_scratch,v22_3_true_action_mask_scratch_c090_epoch1275,,,1.0,4.0,0.2,0.3,0.02,True,True,success,12,12,2,10,0,0.3768349302086187,0.05451717150914015,0.2397100598793519,0.08260769882012663,0.023520130158615954,0.642085469793353,0.09289129237799743,0.4084397015070187,0.14075447590833684,66.1155132692908,45.20518531255437,-14.075879983479602,86.5658735153337,0.8274457169230354,-0.7705474597122175,-0.5949712690404421,0.05732575922406313,49.96310149733349,78.14494754539261,-51.71762274591554,53.44853544814862
4DoF_V22_3_3x3_grid_4Nm_three_expert_selector_primary_2160,20260803,1504,1.0,touchdown,true_action_mask_scratch,v22_3_true_action_mask_scratch_c090_epoch1275,,,1.0,4.0,0.2,0.3,0.01,True,True,success,9,9,9,0,0,0.04175100550796246,0.0,0.03839600768841594,0.003354997819546518,0.023484953277094878,0.07124569859228147,0.0,0.06552058705254654,0.005725111539734937,60.24414870448317,22.069876803024098,65.86716312927419,66.76598594006234,-0.3261050299927337,-0.621403084045421,0.4451157944610551,0.3318436347828777,42.97213225387919,44.47949136242108,49.98946872940279,58.44467210798635
4DoF_V22_3_3x3_grid_4Nm_three_expert_selector_primary_2160,20260719,1260,-1.0,touchdown,true_action_mask_scratch,v22_3_true_action_mask_scratch_c090_epoch1275,,,1.0,4.0,0.2,0.35,0.01,True,True,success,10,10,5,5,0,0.3839863015500786,0.0007536179099080011,0.36829732623000405,0.014935357410166557,0.023138292859458273,0.6650676574193739,0.001305272859757037,0.6378942139363346,0.02586817062328229,70.95652683190535,48.90918004234483,-46.78950983781793,46.19350004961301,0.8241052165408558,-0.2948727868709453,-0.1826721092756487,-0.102796649925742,66.45692270109406,66.68497608297665,-55.471186671508526,47.768657233944694
4DoF_V22_3_3x3_grid_4Nm_three_expert_selector_primary_2160,20260719,1073,1.0,touchdown,true_action_mask_scratch,v22_3_true_action_mask_scratch_c090_epoch1275,,,1.0,4.0,0.2,0.4,0.02,True,True,success,8,8,8,0,0,0.21976519439558947,0.0,0.19117092352729761,0.028594270868291867,0.022832014291147618,0.38574125975183526,0.0,0.335551373692965,0.05018988605887026,49.25741431178484,35.50463398136887,66.24935122852449,49.611711601072535,-0.9252126842707173,0.26277324200981633,0.2221214944026113,0.47110917246667294,35.21208705608471,51.46277804095999,59.34863573589657,57.514900540999776
4DoF_V22_3_3x3_grid_4Nm_three_expert_selector_primary_2160,20260803,1702,1.0,touchdown,true_action_mask_scratch,v22_3_true_action_mask_scratch_c090_epoch1275,,,1.0,4.0,0.2,0.4,0.0,True,True,success,9,9,9,0,0,0.2553375809435835,0.0,0.2318711140490293,0.02346646689455419,0.022433879084204217,0.4561332960879195,0.0,0.414212961241025,0.041920334846894496,56.932244410577354,16.292706814699265,70.08472342336434,52.59124623099498,-0.8489656066752891,0.657118145685252,0.49157104993271017,-0.18737311274224755,39.392766706712635,39.64330976705874,61.492147208278375,59.0743643064581
4DoF_V22_3_3x3_grid_4Nm_three_expert_selector_primary_2160,20260803,1754,1.0,touchdown,true_action_mask_scratch,v22_3_true_action_mask_scratch_c090_epoch1275,,,1.0,4.0,0.2,0.4,0.01,True,True,success,8,8,8,0,0,0.1700489741591389,0.0006752645722378372,0.13704952833559364,0.032324181251307385,0.02228221439809472,0.3058419670167455,0.0012144986234181418,0.246490739107011,0.058136729286316316,47.98095164242618,37.44161179661459,60.9668147619896,42.91393686185057,-0.21803657357332473,-0.8034575116494336,0.9454285360419965,0.1166802084843741,36.67471597798031,49.49969840403262,58.34943309105863,52.175484642497715
4DoF_V22_3_3x3_grid_4Nm_three_expert_selector_primary_2160,20260803,2017,-1.0,touchdown,true_action_mask_scratch,v22_3_true_action_mask_scratch_c090_epoch1275,,,1.0,4.0,0.2,0.35,0.02,True,True,success,11,11,4,7,0,0.30494605605594666,0.0015767995998339276,0.2931450856293616,0.010224170826751144,0.022203012133310038,0.5504178823795665,0.0028460728690923283,0.5291175080240668,0.018454301486407317,65.57121045280336,50.4027645592266,-56.69149848683092,31.47455368333038,0.7661160886256619,-0.15462125209709843,0.05347716416951531,0.012727966964729442,60.19175853050529,70.66843155580922,-58.60974289234855,43.5433856226949
4DoF_V22_3_3x3_grid_4Nm_three_expert_selector_primary_2160,20260719,1138,-1.0,touchdown,true_action_mask_scratch,v22_3_true_action_mask_scratch_c090_epoch1275,,,1.0,4.0,0.2,0.3,0.01,True,True,success,6,6,3,3,0,0.15219585224011462,0.0,0.1499428713753213,0.0022529808647933154,0.022001681671122056,0.2772224201028466,0.0,0.27311864987132917,0.0041037702315174255,68.30212467610313,51.95522561491295,-41.599050825108975,52.91905063207982,0.8751740423016243,0.6474146822832776,0.6663543201839355,0.3476887550681743,66.98561795197043,62.63149260659393,-46.66111163865717,49.74332189624119
4DoF_V22_3_3x3_grid_4Nm_three_expert_selector_primary_2160,20260803,1775,1.0,touchdown,true_action_mask_scratch,v22_3_true_action_mask_scratch_c090_epoch1275,,,1.0,4.0,0.2,0.4,0.02,True,True,success,6,6,6,0,0,0.09423446548693092,0.0003601032796407753,0.06427221395180566,0.02960214825548449,0.02178537484467505,0.17335091769689873,0.000662435274279226,0.11823325163872371,0.05445523078389579,57.97866028138128,27.30754320799616,51.94350873193385,31.76029165068985,-0.4525769072599044,-0.7055064581101376,0.5272521499922243,-0.38936174810022994,50.04258368450665,35.128276532911904,50.847215880538144,40.23755085076278
4DoF_V22_3_3x3_grid_4Nm_three_expert_selector_primary_2160,20260702,77,1.0,touchdown,true_action_mask_scratch,v22_3_true_action_mask_scratch_c090_epoch1275,,,1.0,4.0,0.2,0.3,0.01,True,True,success,5,5,3,2,0,0.031544147737380346,0.0,0.026644771015895914,0.004899376721484431,0.021708500092836758,0.05823316446218142,0.0,0.049188500686203306,0.009044663775978116,55.21265229651608,26.793722169904346,50.40557794332539,66.28171955963475,-0.6493883118273849,-0.6753147270306676,0.02486209402315831,-0.21034236336324486,49.92460849140562,30.055127151613586,49.833892416053956,63.633019633805354
4DoF_V22_3_3x3_grid_4Nm_three_expert_selector_primary_2160,20260719,799,1.0,touchdown,true_action_mask_scratch,v22_3_true_action_mask_scratch_c090_epoch1275,,,1.0,4.0,0.2,0.3,0.01,True,True,success,5,5,5,0,0,0.23084799017187507,0.0,0.21738931049326962,0.013458679678605461,0.021540635056911922,0.429485993791007,0.0,0.404446510395128,0.02503948339587897,58.24295733277184,17.954846801987674,66.27517460043885,77.40362913591605,-0.8630764785566507,-0.9822360255146194,0.16472485012739035,-0.10880017208169068,47.389122692704774,29.88444920900806,53.182012771476636,60.332637136882646
4DoF_V22_3_3x3_grid_4Nm_three_expert_selector_primary_2160,20260803,1786,1.0,touchdown,true_action_mask_scratch,v22_3_true_action_mask_scratch_c090_epoch1275,,,1.0,4.0,0.2,0.4,0.02,True,True,success,5,5,5,0,0,0.03902640005933897,0.0,0.027813417716451534,0.01121298234288743,0.02121553580097779,0.07372009705095445,0.0,0.0525389954045962,0.02118110164635824,52.57119973060833,34.113587423230825,53.535760824537405,39.5798243215132,-0.8560909177867786,-0.37073500433476836,0.9137000551508281,-0.14709354207780634,45.85996559958264,39.799983471156835,53.1960486911367,42.72912172575144
4DoF_V22_3_3x3_grid_4Nm_three_expert_selector_primary_2160,20260803,1617,1.0,touchdown,true_action_mask_scratch,v22_3_true_action_mask_scratch_c090_epoch1275,,,1.0,4.0,0.2,0.35,0.01,True,True,success,8,8,8,0,0,0.09605375320099022,0.0,0.08835890209646802,0.007694851104522199,0.020819708173226814,0.18489327360406954,0.0,0.17008150245303522,0.014811771151034344,60.47472296437406,23.418606060573556,59.39703468604742,48.394272654499254,-0.6389269790700514,-0.059812062897601104,-0.04913073041711069,0.45103574967352245,45.935054757621565,42.049529757035955,46.64873248739358,45.83713663751175
4DoF_V22_3_3x3_grid_4Nm_three_expert_selector_primary_2160,20260702,504,-1.0,touchdown,true_action_mask_scratch,v22_3_true_action_mask_scratch_c090_epoch1275,,,1.0,4.0,0.2,0.35,0.0,True,True,success,7,7,2,5,0,0.09757511471401817,0.0,0.09757511471401817,0.0,0.02081942868154113,0.18782425436600128,0.0,0.18782425436600128,0.0,67.21901928832018,52.57413263780881,-49.63760624553712,33.05036351071148,0.5316290612202921,0.6725473961994137,-0.42215526874117093,-0.2229769403937064,63.891920523298445,66.26363818889307,-57.64521205807532,36.03176717798851
4DoF_V22_3_3x3_grid_4Nm_three_expert_selector_primary_2160,20260702,549,-1.0,touchdown,true_action_mask_scratch,v22_3_true_action_mask_scratch_c090_epoch1275,,,1.0,4.0,0.2,0.35,0.01,True,True,success,13,13,6,7,0,0.734251437351721,0.007454163753192004,0.715320647419552,0.011476626178977082,0.020437441138444368,1.439791802813892,0.014616851016850282,1.402670464293349,0.022504487503693126,74.66012689506351,49.28917879126976,-56.070586606774974,43.79724820853592,0.7882011516905545,-0.761221588858533,-0.7972207483411655,0.12291982807384894,71.8269824576783,66.44788239915805,-54.652611710512545,55.533296487377804
4DoF_V22_3_3x3_grid_4Nm_three_expert_selector_primary_2160,20260719,1380,-1.0,touchdown,true_action_mask_scratch,v22_3_true_action_mask_scratch_c090_epoch1275,,,1.0,4.0,0.2,0.4,0.01,True,True,success,13,13,6,7,0,0.753211641432683,0.0069422983550736905,0.7347402237963062,0.011529119281303143,0.02030380605666879,1.4866919089833792,0.013702734034493949,1.4502329568949326,0.022756218053952545,72.51854720372205,51.19873728472633,-69.98710103830952,15.480957005430794,0.4935125237349436,-0.007715440650408079,-0.6975782068007934,0.4075588213091502,67.82778234802072,73.43397738362647,-65.49582578939851,50.617038397752374
4DoF_V22_3_3x3_grid_4Nm_three_expert_selector_primary_2160,20260702,362,-1.0,touchdown,true_action_mask_scratch,v22_3_true_action_mask_scratch_c090_epoch1275,,,1.0,4.0,0.2,0.3,0.0,True,True,success,9,9,4,5,0,0.33375016836229887,0.0,0.32524598669273963,0.008504181669559215,0.020263856030834734,0.6600560448358681,0.0,0.6432373671257746,0.016818677710093488,71.71285830913212,47.53964410425717,-49.580836410097774,38.499389196984005,0.3091730768321528,0.802100752427582,-0.6678580910191272,-0.26587689618643995,68.52237075931299,63.37232054248718,-50.37499671120001,45.91374258420815
4DoF_V22_3_3x3_grid_4Nm_three_expert_selector_primary_2160,20260702,571,-1.0,touchdown,true_action_mask_scratch,v22_3_true_action_mask_scratch_c090_epoch1275,,,1.0,4.0,0.2,0.35,0.02,True,True,success,10,10,3,7,0,0.21562436262748974,0.0,0.19521318350633662,0.020411179121153117,0.020219359382180863,0.4273776902681943,0.0,0.38692176737455053,0.04045592289364378,72.05343089961741,43.2894271928617,-49.18581522461901,31.464963202080277,0.5392314295493212,0.19054910916660828,0.0729652333979991,0.2127178149246134,65.19574249020876,65.17562326515204,-55.16259767055734,45.64551176964391
4DoF_V22_3_3x3_grid_4Nm_three_expert_selector_primary_2160,20260702,297,1.0,touchdown,true_action_mask_scratch,v22_3_true_action_mask_scratch_c090_epoch1275,,,1.0,4.0,0.2,0.4,0.01,True,True,success,5,5,5,0,0,0.0184162166685555,0.0,0.0,0.0184162166685555,0.020135436193744166,0.03665395009127095,0.0,0.0,0.03665395009127095,62.81644948274229,15.397221962843094,56.26132133495962,36.56959972222493,-0.9325381179553733,-0.00729129183343491,0.045381781787443565,-0.1297934608290331,56.15122849618876,21.5857549004401,54.167982058212424,41.84190213890479
4DoF_V22_3_3x3_grid_4Nm_three_expert_selector_primary_2160,20260702,553,-1.0,mid_cross,true_action_mask_scratch,v22_3_true_action_mask_scratch_c090_epoch1275,,,1.0,4.0,0.2,0.35,0.01,True,True,success,15,15,8,7,0,0.7273642991900401,0.09053603876781513,0.5836953344847597,0.053132925937465235,0.020092632294461746,1.4507632810377311,0.18057850901015635,1.1642085809359741,0.10597619109160059,67.43614207889959,34.167287076526065,-22.56921473432113,44.754712903723615,0.14311554662015746,0.22328887894964344,-0.6579667011747683,-0.15547363090238608,36.137114411067095,91.61696084289532,-68.57974894060469,36.95159935768868
4DoF_V22_3_3x3_grid_4Nm_three_expert_selector_primary_2160,20260803,1851,-1.0,mid_cross,true_action_mask_scratch,v22_3_true_action_mask_scratch_c090_epoch1275,,,1.0,4.0,0.2,0.3,0.01,True,True,success,11,11,5,6,0,0.9403597416558148,0.05606810572785463,0.8302391877719029,0.05405244815605739,0.020091780102322314,1.8756725479166731,0.11183529246184867,1.6560224600495208,0.10781479540530385,64.98940030347408,56.32858949974533,-3.9538133399461732,88.29615460441458,0.36075617086543077,-0.188581195890706,-0.9985472520825154,0.1078951961802942,49.467107559260654,85.86305530457986,-48.7500836899925,67.89693545546821
4DoF_V22_3_3x3_grid_4Nm_three_expert_selector_primary_2160,20260803,1644,1.0,touchdown,true_action_mask_scratch,v22_3_true_action_mask_scratch_c090_epoch1275,,,1.0,4.0,0.2,0.35,0.02,True,True,success,10,10,10,0,0,0.3444394639683054,0.0,0.3282899097850356,0.01614955418326982,0.020041998576221493,0.6887367996695639,0.0,0.6564443551972343,0.0322924444723296,63.857771740011934,15.722408352704305,67.65479345105416,53.94517742163453,-0.2644093088803392,-0.16586513755839105,0.2575859518209336,-0.292687824304253,46.190659300726914,40.47777730614238,53.32615809231969,55.64644414169835
4DoF_V22_3_3x3_grid_4Nm_three_expert_selector_primary_2160,20260803,1582,1.0,touchdown,true_action_mask_scratch,v22_3_true_action_mask_scratch_c090_epoch1275,,,1.0,4.0,0.2,0.35,0.0,True,True,success,4,4,4,0,0,0.012563818864010718,0.0003749734818381493,0.0,0.012188845382172568,0.019920423839838747,0.025275776263582322,0.000754368232645146,0.0,0.024521408030937174,54.80064087305736,19.48179514700526,62.30691796428722,52.79018710095199,-0.9306328380852171,-0.6384820270006475,0.38354970051312165,0.1803073017863861,50.00603869535371,22.020015434022262,61.763866546994336,56.28203020014123
4DoF_V22_3_3x3_grid_4Nm_three_expert_selector_primary_2160,20260719,1144,-1.0,touchdown,true_action_mask_scratch,v22_3_true_action_mask_scratch_c090_epoch1275,,,1.0,4.0,0.2,0.3,0.01,True,True,success,10,10,5,5,0,0.4510644017074632,0.0023743052928437867,0.4401829893421323,0.008507107072487157,0.01949466375495433,0.9272657426581729,0.004880925988244745,0.9048965180421008,0.017488298627827362,65.32181124911753,51.52371122697782,-51.92062853630615,30.85242751626567,0.8645858018186234,-0.45034254321749323,-0.27810033142428026,0.10110379469956765,62.55174785790563,65.38786438341334,-51.46511368167012,44.10876253197623
4DoF_V22_3_3x3_grid_4Nm_three_expert_selector_primary_2160,20260702,127,1.0,touchdown,true_action_mask_scratch,v22_3_true_action_mask_scratch_c090_epoch1275,,,1.0,4.0,0.2,0.35,0.0,True,True,success,7,7,7,0,0,0.09975409932977077,0.0009791340512780467,0.09347596173163063,0.005299003546862092,0.01939345385070612,0.20613749835456927,0.002023337840152247,0.19316400064869463,0.010950159865722396,56.104985675719554,17.271076131090442,68.23252440782598,58.78185133721425,-0.1480807256892156,-0.9448585061473995,0.2962453445202211,-0.24457913413706878,45.84141646135857,28.884208246401293,59.5729517015007,55.94541780701089
4DoF_V22_3_3x3_grid_4Nm_three_expert_selector_primary_2160,20260719,1203,-1.0,touchdown,true_action_mask_scratch,v22_3_true_action_mask_scratch_c090_epoch1275,,,1.0,4.0,0.2,0.35,0.0,True,True,success,6,6,3,3,0,0.21969397098513938,0.0,0.20744363299225782,0.012250337992881544,0.018838450948815255,0.46736303580910915,0.0,0.44130244284714726,0.026060592961961913,56.75543070441042,66.39075468105139,-70.15167321969305,20.297276260929863,0.710912799228471,0.8762046195441877,0.7339132283550287,0.4119526658870756,56.455481067405515,75.22333829910036,-68.72712440188734,25.67106946901518
4DoF_V22_3_3x3_grid_4Nm_three_expert_selector_primary_2160,20260803,2159,-1.0,touchdown,true_action_mask_scratch,v22_3_true_action_mask_scratch_c090_epoch1275,,,1.0,4.0,0.2,0.4,0.02,True,True,success,8,8,4,4,0,0.6060280532245357,0.0005556933944109166,0.6000112119419337,0.005461147888190947,0.018820674898968923,1.2904433556532364,0.0011832634558457903,1.2776314192852065,0.011628672912183918,63.864443473577424,64.84097651324342,-81.80448562837427,15.254121233581882,0.6688280057784397,0.4732012728053314,-0.05473263135161477,0.0769310297355017,65.53842202264039,72.53398224989586,-69.95677466702824,42.54628023593735
4DoF_V22_3_3x3_grid_4Nm_three_expert_selector_primary_2160,20260702,661,-1.0,touchdown,true_action_mask_scratch,v22_3_true_action_mask_scratch_c090_epoch1275,,,1.0,4.0,0.2,0.4,0.01,True,True,success,11,11,5,6,0,0.6039785787124723,0.002217635488933182,0.5924571945658459,0.009303748657693279,0.018625623746517037,1.2995473880749353,0.004771563941040623,1.274757461407877,0.020018362726017837,63.02350513493666,70.44614260444035,-73.22262643984992,41.903559492307906,0.8152771552359432,-0.4100137378102269,-0.7079653809142135,0.09900205119902039,63.24544860782862,81.67206351404698,-68.83719420762503,55.9179804062116
4DoF_V22_3_3x3_grid_4Nm_three_expert_selector_primary_2160,20260702,574,-1.0,touchdown,true_action_mask_scratch,v22_3_true_action_mask_scratch_c090_epoch1275,,,1.0,4.0,0.2,0.35,0.02,True,True,success,7,7,2,5,0,0.14283565096733525,0.0,0.11749816988058687,0.02533748108674837,0.018596324613135873,0.3078158015915377,0.0,0.25321264755955536,0.054603154031982355,71.36286747325619,46.11550962907014,-59.44297264040019,22.32289588219766,0.5419601048921101,0.7081155084678137,0.48766370418858274,0.024741176277575216,69.55587563919268,57.86873321334588,-57.71784467020893,32.72479328195844
4DoF_V22_3_3x3_grid_4Nm_three_expert_selector_primary_2160,20260702,487,-1.0,touchdown,true_action_mask_scratch,v22_3_true_action_mask_scratch_c090_epoch1275,,,1.0,4.0,0.2,0.35,0.0,True,True,success,6,6,4,2,0,0.3401382547433263,0.0,0.3355935185792599,0.004544736164066427,0.01847835272677109,0.7376895588504432,0.0,0.7278329656292786,0.00985659322116457,57.04304711378813,65.14203282028593,-57.973470189380826,41.90629082237595,0.877920789806107,0.3510081214815055,0.9890182484118957,-0.36601038285161946,55.1923835733413,75.03753109261274,-65.1741519383697,29.119064670528683
4DoF_V22_3_3x3_grid_4Nm_three_expert_selector_primary_2160,20260702,88,1.0,touchdown,true_action_mask_scratch,v22_3_true_action_mask_scratch_c090_epoch1275,,,1.0,4.0,0.2,0.3,0.02,True,True,success,5,5,5,0,0,0.08622624619563124,0.0005943944563100859,0.08073329346621598,0.004898558273105178,0.018366250568949027,0.1881483375115864,0.0012969870974913456,0.17616254467393444,0.010688805740160632,62.50450642258783,18.732230126386945,56.865050758227845,52.15919196383055,-0.5157083432092655,-0.7841869172123108,0.3139948905578547,-0.07980219342941786,55.65408205994773,25.49810162991784,51.299615423591135,48.25037258831043
4DoF_V22_3_3x3_grid_4Nm_three_expert_selector_primary_2160,20260719,941,1.0,touchdown,true_action_mask_scratch,v22_3_true_action_mask_scratch_c090_epoch1275,,,1.0,4.0,0.2,0.35,0.02,True,True,success,5,5,5,0,0,0.09060720789335938,0.0,0.09060720789335938,0.0,0.01821110449996116,0.1993920652250272,0.0,0.1993920652250272,0.0,53.27990717159902,34.870673331729655,58.72608398130177,65.04065610476671,-0.9160095524921905,-0.3296300203113516,0.9313071644154072,-0.21007003082259512,45.815887488066195,42.16868205087903,51.52634207729851,55.51208763684542
4DoF_V22_3_3x3_grid_4Nm_three_expert_selector_primary_2160,20260719,1434,-1.0,mid_cross,true_action_mask_scratch,v22_3_true_action_mask_scratch_c090_epoch1275,,,1.0,4.0,0.2,0.4,0.02,True,True,success,12,12,5,7,0,1.1247036525934542,0.08977936658745488,1.0124344484005965,0.02248983760540281,0.018173241788452154,2.480202330852579,0.19798192506907636,2.2326256991949767,0.049594706588526175,58.01362842459924,70.11605199478707,-17.14955359260561,94.63303004713616,0.12839905094553905,0.025421704581032767,-0.17740055091256957,0.34939398913620323,37.31589553988089,104.69811687510078,-76.19563115678795,55.11064159294489
4DoF_V22_3_3x3_grid_4Nm_three_expert_selector_primary_2160,20260803,1803,-1.0,touchdown,true_action_mask_scratch,v22_3_true_action_mask_scratch_c090_epoch1275,,,1.0,4.0,0.2,0.3,0.0,True,True,success,13,13,6,7,0,0.682876491393275,0.011113920587825295,0.668670029014207,0.003092541791242638,0.01796329585942326,1.523482779668857,0.02479491803212156,1.4917884673483897,0.006899394288345887,83.66099851413134,36.49462732644454,-42.07652221878455,44.16134348378588,0.7054216917452332,-0.9428944412264177,-0.7653955081297328,-0.08488407357276595,78.64146414658002,55.729563962764814,-45.564424976338046,52.435993005554565
4DoF_V22_3_3x3_grid_4Nm_three_expert_selector_primary_2160,20260719,1254,-1.0,touchdown,true_action_mask_scratch,v22_3_true_action_mask_scratch_c090_epoch1275,,,1.0,4.0,0.2,0.35,0.01,True,True,success,8,8,4,4,0,0.2159922710475559,0.0,0.20161267331179905,0.014379597735756828,0.017733464022563344,0.4881193712567111,0.0,0.4556230223287596,0.03249634892795149,82.69884815921867,42.78953701899584,-44.166728851583734,48.17387624878586,0.3686217085455512,0.40742285383687205,-0.8599951467223756,0.29948900253268695,80.25651184931444,55.365709071097704,-49.039502003901404,56.37609451320983
4DoF_V22_3_3x3_grid_4Nm_three_expert_selector_primary_2160,20260803,2090,-1.0,touchdown,true_action_mask_scratch,v22_3_true_action_mask_scratch_c090_epoch1275,,,1.0,4.0,0.2,0.4,0.01,True,True,success,5,5,2,3,0,0.14691686906075807,0.0,0.14524881319958846,0.001668055861169621,0.017730937907244324,0.33206367202752723,0.0,0.32829350759407505,0.0037701644334521968,76.52811782178449,50.42340587320557,-50.0060608846578,48.05623833862214,0.960841000865652,0.17151154337341112,-0.10494412962127009,-0.18208512402003552,76.07823028465063,57.45956529595238,-56.219703394036856,44.72645332924356
4DoF_V22_3_3x3_grid_4Nm_three_expert_selector_primary_2160,20260719,1340,-1.0,touchdown,true_action_mask_scratch,v22_3_true_action_mask_scratch_c090_epoch1275,,,1.0,4.0,0.2,0.4,0.0,True,True,success,7,7,3,4,0,0.2761517170648249,0.0,0.2687375790832466,0.0074141379815782825,0.01761465761346559,0.6282824845341426,0.0,0.6114143184359703,0.016868166098172332,74.804515794539,50.992215594344195,-48.19136159787664,53.14919828433969,0.6722679723722589,0.23411157720343367,0.34805254853263956,-0.49152906910256655,70.52240465381823,65.67135589929914,-61.16839751274948,43.67592259772068
4DoF_V22_3_3x3_grid_4Nm_three_expert_selector_primary_2160,20260719,1414,-1.0,mid_cross,true_action_mask_scratch,v22_3_true_action_mask_scratch_c090_epoch1275,,,1.0,4.0,0.2,0.4,0.02,True,True,success,15,12,9,6,0,0.9930708045231131,0.016829441084492983,0.9476102510470893,0.028631112391530836,0.017585632950693528,2.2630993526698746,0.038352448839135536,2.1594997415696278,0.06524716226111126,71.57379127840446,38.77944034614259,-19.041628688640607,53.397863730915574,0.05267299534582848,0.20031531952364223,-0.6411180479766307,0.2998868999236354,40.603102248810636,96.12555051141105,-75.43407105401366,38.94487439272586
4DoF_V22_3_3x3_grid_4Nm_three_expert_selector_primary_2160,20260702,314,1.0,touchdown,true_action_mask_scratch,v22_3_true_action_mask_scratch_c090_epoch1275,,,1.0,4.0,0.2,0.4,0.01,True,True,success,5,5,5,0,0,0.013561087302042057,0.00011183111659171443,0.0,0.013449256185450342,0.017578156079971097,0.030917374458442615,0.00025495923968066694,0.0,0.030662415218761944,51.60754886465172,15.814057064022684,77.47714082664622,58.370664696228346,-0.5771000868035929,-0.465640160043177,0.1674252180638658,-0.26633665145123586,46.011612750145744,20.130687280841098,75.74831669072212,62.22231167084669
4DoF_V22_3_3x3_grid_4Nm_three_expert_selector_primary_2160,20260803,1446,1.0,touchdown,true_action_mask_scratch,v22_3_true_action_mask_scratch_c090_epoch1275,,,1.0,4.0,0.2,0.3,0.0,True,True,success,8,8,6,2,0,0.19258866969855457,0.0002833577099198954,0.16802654264618605,0.02427876934244863,0.017387185479256495,0.44389766114980045,0.0006531112390935697,0.38728440986935686,0.05596014004135007,48.627705833238714,38.173165333360515,57.32745804613707,85.39698090837389,-0.20927634853371946,-0.7137583085727766,-0.5576962061984545,-0.09153628541358971,38.05062257570372,49.765460044364,45.09318492659646,68.0734273071377
4DoF_V22_3_3x3_grid_4Nm_three_expert_selector_primary_2160,20260803,2135,-1.0,touchdown,true_action_mask_scratch,v22_3_true_action_mask_scratch_c090_epoch1275,,,1.0,4.0,0.2,0.4,0.02,True,True,success,12,11,5,7,0,0.48075162473986666,0.003424787704287657,0.464780376912295,0.01254646012328398,0.01709968214278837,1.126715148980555,0.008026515127330467,1.0892840807336512,0.02940455311957314,69.56440357152748,52.02031148435418,-65.50510003908975,26.90977279012876,0.7277208772224069,-0.4911019794540381,-0.047377641644535506,-0.19133903173663436,64.23239449799085,71.91025991603777,-66.04159312488234,42.145070914105865
4DoF_V22_3_3x3_grid_4Nm_three_expert_selector_primary_2160,20260803,1512,1.0,touchdown,true_action_mask_scratch,v22_3_true_action_mask_scratch_c090_epoch1275,,,1.0,4.0,0.2,0.3,0.01,True,True,success,8,8,8,0,0,0.16638758836684708,0.0,0.16638758836684708,0.0,0.016784895549875,0.3972681011562425,0.0,0.3972681011562425,0.0,60.13007322210407,17.98651376334952,64.8659877155235,64.49150846082128,-0.6035817576983991,0.08964830999233198,0.8264499341443263,-0.03565658786738013,43.032589821198094,42.31824092006606,50.633736246440755,57.53132582045359
4DoF_V22_3_3x3_grid_4Nm_three_expert_selector_primary_2160,20260803,2138,-1.0,touchdown,true_action_mask_scratch,v22_3_true_action_mask_scratch_c090_epoch1275,,,1.0,4.0,0.2,0.4,0.02,True,True,success,5,5,3,2,0,0.28578557041458863,0.0,0.2754483804881501,0.0103371899264385,0.016711210990111997,0.6853521587448762,0.0,0.6605621897441223,0.02478996900075387,56.392726264241716,76.75520256635382,-75.51546747367448,44.0814183310963,0.8822589035315109,0.9889618672454179,0.549819629352867,-0.12133873166158671,58.120072025066655,82.20894170225476,-71.60205813383736,49.279542029522105
4DoF_V22_3_3x3_grid_4Nm_three_expert_selector_primary_2160,20260719,899,1.0,touchdown,true_action_mask_scratch,v22_3_true_action_mask_scratch_c090_epoch1275,,,1.0,4.0,0.2,0.35,0.01,True,True,success,6,6,6,0,0,0.16919253614770405,0.0,0.15620217250872245,0.012990363638981603,0.016310652805524656,0.41571076190686607,0.0,0.3837930775410858,0.031917684365780304,58.93026685583262,20.692594390089226,62.93435537638797,72.65299336381432,-0.9074477912647039,0.11199658321255623,0.7439808968635311,0.2740096657599427,46.472048016908914,37.25472918528116,49.636690550899445,55.5205368963882
4DoF_V22_3_3x3_grid_4Nm_three_expert_selector_primary_2160,20260702,594,-1.0,touchdown,true_action_mask_scratch,v22_3_true_action_mask_scratch_c090_epoch1275,,,1.0,4.0,0.2,0.35,0.02,True,True,success,7,7,4,3,0,0.23484366062150164,0.0,0.2297187763324428,0.005124884289058833,0.016255570299385527,0.5789726401145978,0.0,0.5663379887075053,0.01263465140709253,50.359917062583065,74.86331327275157,-59.112367579087596,53.731649980809856,0.8155885248468435,0.04189653487372924,-0.24533764780476974,-0.2989961815023914,49.64473690991117,82.51096548184508,-62.24379170618054,48.87432951982044
4DoF_V22_3_3x3_grid_4Nm_three_expert_selector_primary_2160,20260719,1376,-1.0,touchdown,true_action_mask_scratch,v22_3_true_action_mask_scratch_c090_epoch1275,,,1.0,4.0,0.2,0.4,0.01,True,True,success,11,11,5,6,0,0.5366719390849947,0.00458036727379731,0.5254558062614632,0.00663576554973422,0.016224220212746665,1.3256426433879263,0.011314044462389119,1.2979374796148273,0.016391119310709943,69.41211649740202,60.80929341174686,-67.55486978436676,34.171086383081814,0.8845047771908463,-0.9180800313355058,-0.5530401695996914,0.24278445164377793,69.03434947821788,70.74421057096139,-64.30162613516922,50.26450125997027
4DoF_V22_3_3x3_grid_4Nm_three_expert_selector_primary_2160,20260702,682,-1.0,touchdown,true_action_mask_scratch,v22_3_true_action_mask_scratch_c090_epoch1275,,,1.0,4.0,0.2,0.4,0.02,True,True,success,6,6,3,3,0,0.3580848385799204,0.0,0.34877236773802484,0.009312470841895567,0.016051157426507298,0.8940483160235714,0.0,0.8707974045713203,0.023250911452251055,53.656819613869146,77.79322838245939,-83.21111138306158,21.80907372011216,0.9012143245741775,0.4565577721022247,0.3671039184027154,0.39649191819692076,55.769030624196176,82.54437306410622,-75.38014498317239,37.56853538007955
4DoF_V22_3_3x3_grid_4Nm_three_expert_selector_primary_2160,20260803,1914,-1.0,touchdown,true_action_mask_scratch,v22_3_true_action_mask_scratch_c090_epoch1275,,,1.0,4.0,0.2,0.3,0.02,True,True,success,6,6,2,4,0,0.14862317287134483,0.0,0.14489337628890125,0.0037297965824435704,0.016010701856349008,0.37201253069752865,0.0,0.36267663079164425,0.009335899905884381,83.18798927533268,31.41593745272049,-40.87379342895987,40.60928048138873,0.6341889885369238,0.4725615993745491,0.7869228735190583,-0.08390851623362028,80.6057895212002,42.9080672507842,-43.42454756804989,40.51093776939361
4DoF_V22_3_3x3_grid_4Nm_three_expert_selector_primary_2160,20260702,534,-1.0,touchdown,true_action_mask_scratch,v22_3_true_action_mask_scratch_c090_epoch1275,,,1.0,4.0,0.2,0.35,0.01,True,True,success,7,7,3,4,0,0.38523591106131283,0.0,0.37812023987151266,0.007115671189800142,0.015982568306987077,0.9659654782592262,0.0,0.9481231833780079,0.0178422948812182,50.243963879598724,76.96088936301398,-77.63174693231731,9.037623495612408,0.6387721514969322,0.5211395946731121,-0.9439392434724323,0.159831627511558,51.51022368153434,83.0735985861306,-68.69364140929903,39.856408162513574
4DoF_V22_3_3x3_grid_4Nm_three_expert_selector_primary_2160,20260719,1253,-1.0,touchdown,true_action_mask_scratch,v22_3_true_action_mask_scratch_c090_epoch1275,,,1.0,4.0,0.2,0.35,0.01,True,True,success,12,12,6,6,0,0.49624207482728794,0.0038627858457698614,0.4863876690138515,0.005991619967666571,0.01583506983357231,1.2558998584985022,0.009776019493713472,1.2309601214337056,0.015163717571083032,61.00527827625162,61.18091077865987,-55.59954549821858,44.912780817860835,0.9155096864169769,-0.9287942159003564,-0.3260498054501557,-0.3501850263838171,55.54741481470152,78.66719555532174,-61.78097358391624,46.447183706264624
4DoF_V22_3_3x3_grid_4Nm_three_expert_selector_primary_2160,20260719,1336,-1.0,touchdown,true_action_mask_scratch,v22_3_true_action_mask_scratch_c090_epoch1275,,,1.0,4.0,0.2,0.4,0.0,True,True,success,5,5,2,3,0,0.17307446247852645,0.0,0.1668918198492192,0.006182642629307256,0.015824819953696723,0.43830419211786714,0.0,0.4226468955763382,0.015657296541528882,52.3278229409955,74.0941557590312,-73.47051579646632,16.16274071653409,0.9054463706473703,0.3636082928304427,-0.062007522924506064,0.06600274256693994,52.947451343254,79.13585714136146,-74.01598764681545,21.34157506083393
4DoF_V22_3_3x3_grid_4Nm_three_expert_selector_primary_2160,20260702,609,-1.0,touchdown,true_action_mask_scratch,v22_3_true_action_mask_scratch_c090_epoch1275,,,1.0,4.0,0.2,0.4,0.0,True,True,success,6,6,3,3,0,0.11679119894767431,0.0,0.10003505835139226,0.016756140596282054,0.01575760414397198,0.29703070170022194,0.0,0.254415434077778,0.04261526762244394,66.45562142691786,63.84200564297815,-70.17024165256221,27.50434303981334,0.7800522639838496,0.3143343139554602,0.22256826774069194,0.34205727014589715,67.21832284444977,69.93679525316223,-67.98290738591024,37.06020619251971
4DoF_V22_3_3x3_grid_4Nm_three_expert_selector_primary_2160,20260803,2142,-1.0,touchdown,true_action_mask_scratch,v22_3_true_action_mask_scratch_c090_epoch1275,,,1.0,4.0,0.2,0.4,0.02,True,True,success,5,5,2,3,0,0.14262936526496456,0.0,0.13719940963141816,0.005429955633546407,0.015748979355335507,0.36294260021369534,0.0,0.3491252336915684,0.013817366522126942,67.35782833997953,55.36205665559976,-65.50387092761096,24.363526392715592,0.7307075130761784,0.6221669197142783,0.5591191777920292,0.05894720485600691,66.67296272235755,62.74590160086557,-68.06264272185363,22.09743318881793
4DoF_V22_3_3x3_grid_4Nm_three_expert_selector_primary_2160,20260702,648,-1.0,touchdown,true_action_mask_scratch,v22_3_true_action_mask_scratch_c090_epoch1275,,,1.0,4.0,0.2,0.4,0.01,True,True,success,5,5,2,3,0,0.08927040539325799,0.0,0.07559077827701244,0.01367962711624556,0.015622233537621058,0.22900543609773127,0.0,0.19391307867412808,0.035092357423603206,68.94185643575237,56.82688003410463,-68.70886046873015,17.454826412052483,0.5578829534671368,0.978452704095359,-0.08623502547801842,-0.09248444499650588,69.1842004872687,63.13740270280694,-67.58096635906304,24.66945296784342
4DoF_V22_3_3x3_grid_4Nm_three_expert_selector_primary_2160,20260719,1419,-1.0,touchdown,true_action_mask_scratch,v22_3_true_action_mask_scratch_c090_epoch1275,,,1.0,4.0,0.2,0.4,0.02,True,True,success,6,6,2,4,0,0.2116018934009267,0.0,0.21129330451519837,0.0003085888857283168,0.01559384424757057,0.5438107241460189,0.0,0.5430176596667075,0.0007930644793114791,70.36956090488373,50.707684393554636,-65.54567340915287,16.134026280123674,0.39242348744008515,0.8578293665542072,-0.4495129783693501,-0.26070277389422636,69.78762369327795,58.504212208880425,-64.01067297280096,25.85963839346701
4DoF_V22_3_3x3_grid_4Nm_three_expert_selector_primary_2160,20260702,447,-1.0,touchdown,true_action_mask_scratch,v22_3_true_action_mask_scratch_c090_epoch1275,,,1.0,4.0,0.2,0.3,0.02,True,True,success,13,13,1,12,0,0.0953562358078181,0.06492034837058719,0.024232346612407012,0.006203540824823901,0.015348724017302265,0.2489764281792692,0.16950791226741574,0.06327098647348717,0.0161975294383663,61.81695325878022,41.92512342358074,-36.83613489750042,36.77783633642931,0.3782644559553907,-0.05241314522485596,-0.8274932105163091,-0.458051229984059,44.477484403820526,77.24937249964486,-55.09088935995817,39.03002772850082
4DoF_V22_3_3x3_grid_4Nm_three_expert_selector_primary_2160,20260803,2111,-1.0,touchdown,true_action_mask_scratch,v22_3_true_action_mask_scratch_c090_epoch1275,,,1.0,4.0,0.2,0.4,0.01,True,True,success,7,7,4,3,0,0.2951538847557619,0.0,0.285224357349172,0.00992952740658986,0.01526570877162163,0.7748416213841302,0.0,0.7487745034748848,0.0260671179092453,55.25732859388077,76.1467401638427,-62.91448078512351,55.6947642195234,0.6165823582311156,0.3396376784763031,0.20766907582612948,-0.3400808869730326,53.101288368942505,86.51348218604636,-70.0619714357356,48.97415478240769
4DoF_V22_3_3x3_grid_4Nm_three_expert_selector_primary_2160,20260702,583,-1.0,touchdown,true_action_mask_scratch,v22_3_true_action_mask_scratch_c090_epoch1275,,,1.0,4.0,0.2,0.35,0.02,True,True,success,4,4,2,2,0,0.2125032824314172,0.0,0.20712984703739504,0.0053734353940221545,0.015264351270674173,0.5579158525815843,0.0,0.543808189138242,0.01410766344334222,64.75790487300358,58.75304178598614,-44.24449505300424,53.85223840745578,0.6885893082167363,0.8228625538794212,-0.21827297473956153,0.2776901715050054,63.45056483427873,65.6511433803912,-52.470580426155514,46.69156329767177
4DoF_V22_3_3x3_grid_4Nm_three_expert_selector_primary_2160,20260719,872,1.0,touchdown,true_action_mask_scratch,v22_3_true_action_mask_scratch_c090_epoch1275,,,1.0,4.0,0.2,0.35,0.0,True,True,success,4,4,4,0,0,0.05609839264745784,0.0,0.05155417997308545,0.004544212674372392,0.01508301356968686,0.1490540244997987,0.0,0.13698000320733852,0.012074021292460192,53.049605519664354,25.689953940354407,60.642833965065684,61.63867698775155,-0.8040193308320938,-0.6480209980810279,0.029402280336223052,-0.05652441513147044,47.56308109747004,30.33515444827191,54.752929573478404,54.16145695972557
4DoF_V22_3_3x3_grid_4Nm_three_expert_selector_primary_2160,20260702,630,-1.0,touchdown,true_action_mask_scratch,v22_3_true_action_mask_scratch_c090_epoch1275,,,1.0,4.0,0.2,0.4,0.0,True,True,success,9,9,4,5,0,0.23697828367227167,0.0001593391643658746,0.22998694959582744,0.006831994912078353,0.01500113012575241,0.6330907700967885,0.00042567678654672277,0.6144133241896305,0.018251769120611265,57.92320875125441,66.70687270822206,-61.91731724671688,37.46857427407514,0.9689836361707593,-0.7647800673156926,0.7174564408292321,0.30634371373609115,54.07781573158815,79.33663370717879,-70.85514349174814,30.737452128716548
4DoF_V22_3_3x3_grid_4Nm_three_expert_selector_primary_2160,20260719,1227,-1.0,touchdown,true_action_mask_scratch,v22_3_true_action_mask_scratch_c090_epoch1275,,,1.0,4.0,0.2,0.35,0.0,True,True,success,6,6,3,3,0,0.20895084923753957,0.0,0.1953083804936216,0.013642468743917962,0.014892381909007268,0.5622913286303147,0.0,0.5255791453402886,0.036712183290026144,64.741712854947,60.568490619855844,-64.61873269098574,30.259301228313582,0.5491864998311502,0.7764923988297805,0.6421740697497154,0.09557389640454472,63.88591351501215,69.34087249796507,-64.0518719639529,33.003862570938324
4DoF_V22_3_3x3_grid_4Nm_three_expert_selector_primary_2160,20260702,392,-1.0,touchdown,true_action_mask_scratch,v22_3_true_action_mask_scratch_c090_epoch1275,,,1.0,4.0,0.2,0.3,0.0,True,True,success,3,3,2,1,0,0.19633694599299462,0.0,0.1934278437925845,0.0029091022004101414,0.014811045346372585,0.5312485163645364,0.0,0.5233770675136623,0.007871448850874142,64.75910754967448,60.01450919178415,-40.68554400917958,51.917828368700604,0.9977028645754811,0.8371646005439741,-0.9508836379041634,-0.03598837258449339,65.34043342052838,63.55834955835818,-44.839270607269405,49.38177042435339
4DoF_V22_3_3x3_grid_4Nm_three_expert_selector_primary_2160,20260719,1150,-1.0,touchdown,true_action_mask_scratch,v22_3_true_action_mask_scratch_c090_epoch1275,,,1.0,4.0,0.2,0.3,0.01,True,True,success,8,8,3,5,0,0.3473481364668264,0.0065689506678072995,0.33779189019802736,0.002987295600991767,0.014770056417990257,0.9424628267952929,0.017823593005088047,0.916533777733288,0.008105456056916923,72.10960815066443,54.73613224669456,-54.76036529914787,33.32977943457128,0.9534998815462994,-0.8790930117336944,-0.5397249603742771,-0.09287202968813524,74.35996529438414,57.81928294196423,-47.189698281756286,53.073324998140116
4DoF_V22_3_3x3_grid_4Nm_three_expert_selector_primary_2160,20260702,653,-1.0,touchdown,true_action_mask_scratch,v22_3_true_action_mask_scratch_c090_epoch1275,,,1.0,4.0,0.2,0.4,0.01,True,True,success,6,6,2,4,0,0.3318756699970099,0.002762632639845502,0.32201124960580574,0.007101787751358652,0.014709084977222175,0.9042138787359608,0.007526947591005313,0.8773377120573573,0.019349219087598075,82.56420908646344,50.41489319109159,-65.68907378511675,35.19950244877016,0.8304625922411415,-0.21204816827879247,-0.12804439604618922,0.15513873473094142,85.6157434005792,51.74658592817868,-58.432827821777266,49.26988585884795
4DoF_V22_3_3x3_grid_4Nm_three_expert_selector_primary_2160,20260719,1385,-1.0,touchdown,true_action_mask_scratch,v22_3_true_action_mask_scratch_c090_epoch1275,,,1.0,4.0,0.2,0.4,0.01,True,True,success,8,8,4,4,0,0.39645520684777824,0.0016933811990141518,0.38259781742378784,0.01216400822497627,0.014678335032911563,1.0824273079316875,0.004623377422950079,1.0445929789328754,0.03321095157586214,56.66236696988864,75.8158219576987,-78.27807986277871,31.71089863932859,0.9259136845064049,-0.30627082765954317,0.025462121706826046,-0.3770382528246584,58.29381990626653,81.38740747222678,-70.90344266929867,46.03480152700938
4DoF_V22_3_3x3_grid_4Nm_three_expert_selector_primary_2160,20260719,1005,1.0,touchdown,true_action_mask_scratch,v22_3_true_action_mask_scratch_c090_epoch1275,,,1.0,4.0,0.2,0.4,0.01,True,True,success,8,8,8,0,0,0.4061417615533885,0.0,0.39911540601010864,0.007026355543279848,0.014528305909300432,1.1203251431425783,0.0,1.1009432338563034,0.019381909286274847,52.510504447595025,21.826462276778326,75.86467099897415,70.72192989419813,-0.13109710832853838,-0.7425186808613018,0.6495958832851874,-0.42927544829540387,38.17807562452949,40.855400374924436,61.8504104288272,63.649871667614086
4DoF_V22_3_3x3_grid_4Nm_three_expert_selector_primary_2160,20260702,671,-1.0,touchdown,true_action_mask_scratch,v22_3_true_action_mask_scratch_c090_epoch1275,,,1.0,4.0,0.2,0.4,0.01,True,True,success,5,5,2,3,0,0.08083500690270312,0.0,0.08018044961398191,0.0006545572887212102,0.01442004442814674,0.2246540704094032,0.0,0.22283494569027798,0.0018191247191251924,56.59775248559429,68.53032024981805,-69.48157550093529,22.33107271480999,0.7959461570536521,0.3373283449433464,0.446824685312331,-0.3031157270450482,55.85910186255871,75.21213021170888,-73.20083432695823,20.189797887280395
4DoF_V22_3_3x3_grid_4Nm_three_expert_selector_primary_2160,20260803,1483,1.0,touchdown,true_action_mask_scratch,v22_3_true_action_mask_scratch_c090_epoch1275,,,1.0,4.0,0.2,0.3,0.01,True,True,success,8,8,7,1,0,0.054000651852303336,0.0,0.04713909788527798,0.0068615539670253516,0.014397509494104982,0.15031178742494347,0.0,0.13121252832493874,0.01909925910000474,55.87881041642728,25.890745162603906,55.44671654072259,76.27014794253654,-0.4611221111684063,0.15799629245386804,0.04621894102474,0.40369192926997777,43.53158898904866,42.760053198470374,45.89948186470809,65.92216808462624
4DoF_V22_3_3x3_grid_4Nm_three_expert_selector_primary_2160,20260803,2123,-1.0,touchdown,true_action_mask_scratch,v22_3_true_action_mask_scratch_c090_epoch1275,,,1.0,4.0,0.2,0.4,0.02,True,True,success,6,6,2,4,0,0.09482174432938048,0.0,0.09482174432938048,0.0,0.014392157249532064,0.2640361887678057,0.0,0.2640361887678057,0.0,72.27194267260037,51.87754834364301,-53.701057076584604,38.74939966675972,0.32634908635935633,0.796617016360319,-0.38939867620380864,0.287104003850186,69.51015481864565,62.74940968200767,-59.991205139091754,41.369667805142676
4DoF_V22_3_3x3_grid_4Nm_three_expert_selector_primary_2160,20260702,561,-1.0,touchdown,true_action_mask_scratch,v22_3_true_action_mask_scratch_c090_epoch1275,,,1.0,4.0,0.2,0.35,0.02,True,True,success,11,11,5,6,0,0.3829798101493703,0.0029603979052662535,0.3704970279866181,0.009522384257485951,0.014329182413093819,1.0711144510241701,0.008279613945903931,1.0362027193631829,0.02663211771508325,79.75434177612463,43.526006768899535,-45.774231200421546,52.611616379575764,0.4562103637919772,-0.3865151046805515,-0.9738977666631201,-0.36297011088716524,75.3266968596206,59.63197415302394,-50.3342620129497,57.371590641800665
4DoF_V22_3_3x3_grid_4Nm_three_expert_selector_primary_2160,20260702,347,1.0,touchdown,true_action_mask_scratch,v22_3_true_action_mask_scratch_c090_epoch1275,,,1.0,4.0,0.2,0.4,0.02,True,True,success,7,7,7,0,0,0.22206426696625353,0.0,0.213599967861769,0.00846429910448454,0.014318581060561886,0.6215271557013488,0.0,0.5978367537321961,0.023690401969152546,50.225568953618485,31.992254921033908,64.63951393022155,55.213605167030494,-0.48815308588227624,-0.07573073077814807,0.12243166164026498,-0.35925706765129606,39.90674663623452,44.69188255439273,57.94650863731196,57.37836981792646
4DoF_V22_3_3x3_grid_4Nm_three_expert_selector_primary_2160,20260702,448,-1.0,touchdown,true_action_mask_scratch,v22_3_true_action_mask_scratch_c090_epoch1275,,,1.0,4.0,0.2,0.3,0.02,True,True,success,5,5,2,3,0,0.1889787853738707,0.0,0.18753230239211022,0.0014464829817604774,0.014298956014533369,0.5296514110180822,0.0,0.5255973488079384,0.004054062210143772,53.484344642391086,67.13641128825631,-59.76022635706734,33.34990454993026,0.9262417708231738,0.2808876138552474,0.1924916659143847,-0.08178958466903885,54.81094628768984,70.95209915467026,-55.86219983776162,40.03669549889175
4DoF_V22_3_3x3_grid_4Nm_three_expert_selector_primary_2160,20260702,498,-1.0,mid_cross,true_action_mask_scratch,v22_3_true_action_mask_scratch_c090_epoch1275,,,1.0,4.0,0.2,0.35,0.0,True,True,success,12,12,5,7,0,1.1621978565430826,0.06746029001506418,1.0252304410880455,0.06950712543997291,0.014211572796882704,3.2773236849739726,0.19023370677967452,2.8910843263197923,0.1960056518745057,68.43222303900137,56.00915853742965,-11.354469889757745,101.84778175321392,0.2093710966978739,0.043608395358264884,0.297563195302053,-0.051875786930399514,47.10328500675244,94.66435063156877,-67.32835551833551,59.1580925150576
4DoF_V22_3_3x3_grid_4Nm_three_expert_selector_primary_2160,20260803,1448,1.0,touchdown,true_action_mask_scratch,v22_3_true_action_mask_scratch_c090_epoch1275,,,1.0,4.0,0.2,0.3,0.0,True,True,success,5,5,3,2,0,0.037660349064575493,0.0,0.03216521722730677,0.0054951318372687295,0.014192227268063684,0.1063445393641504,0.0,0.09082749614775325,0.015517043216397167,56.96883847990884,17.059511410534007,55.118046423557196,63.36359661646719,-0.47153360519812626,-0.23989694863993316,-0.495878214497812,-0.012550234787153225,53.15851767827413,19.605056312026182,53.16090304382526,60.05287902267028
4DoF_V22_3_3x3_grid_4Nm_three_expert_selector_primary_2160,20260719,1391,-1.0,touchdown,true_action_mask_scratch,v22_3_true_action_mask_scratch_c090_epoch1275,,,1.0,4.0,0.2,0.4,0.01,True,True,success,12,12,5,7,0,0.5906634220126394,0.006108066649208665,0.5737513042760659,0.010804051087364862,0.014165592014464629,1.6710396629217117,0.017280266991678696,1.6231937688497213,0.030565627080311738,73.90487501330054,54.16061620563324,-71.55273180232228,17.63885448510293,0.7164171706477793,-0.7113680816931807,-0.2636654693553515,0.3165484568108581,72.0854220794809,68.11531365144279,-63.11548436821106,49.93404527118742
4DoF_V22_3_3x3_grid_4Nm_three_expert_selector_primary_2160,20260719,1191,-1.0,touchdown,true_action_mask_scratch,v22_3_true_action_mask_scratch_c090_epoch1275,,,1.0,4.0,0.2,0.3,0.02,True,True,success,5,5,2,3,0,0.05941796808577456,0.0,0.05469339096838868,0.00472457711738588,0.01403808489235741,0.1696255786839507,0.0,0.1561379224514684,0.013487656232482298,55.790788410894834,68.4443172681841,-47.30252735694622,53.94317735442782,0.5195267745420984,0.7195186405126337,-0.9634480764955968,-0.11586592837139353,55.572086310771866,74.18798176614635,-49.26964999943597,57.290673586839425
4DoF_V22_3_3x3_grid_4Nm_three_expert_selector_primary_2160,20260803,1836,-1.0,touchdown,true_action_mask_scratch,v22_3_true_action_mask_scratch_c090_epoch1275,,,1.0,4.0,0.2,0.3,0.0,True,True,success,5,5,2,3,0,0.05979632938309763,0.0002232416752448582,0.05759652926167013,0.001976558446182642,0.013939260308439214,0.17191596430150136,0.0006418254810612301,0.165591483132718,0.005682655687722136,68.16183144469078,60.00002544356103,-50.473396474710746,46.35456956634845,0.9320554048194385,-0.10521153419039342,-0.18284160844126784,0.32212866575843824,69.21218281932714,63.48007992189314,-51.114262076528284,47.04507485590424
4DoF_V22_3_3x3_grid_4Nm_three_expert_selector_primary_2160,20260719,1164,-1.0,touchdown,true_action_mask_scratch,v22_3_true_action_mask_scratch_c090_epoch1275,,,1.0,4.0,0.2,0.3,0.02,True,True,success,6,6,3,3,0,0.14086116600781765,0.00018425387794395243,0.13266467747435404,0.008012234655519652,0.013813036381151686,0.4086801403609653,0.0005345753044242692,0.38489968916026285,0.023245875896278138,51.46045180425151,70.14903177660206,-50.442830103974885,49.21554697504391,0.8619161945079539,-0.15992973361855323,-0.20236342503439286,-0.4120617018049738,51.11336525677097,75.77006624543495,-52.683494698903864,49.436027253554485
4DoF_V22_3_3x3_grid_4Nm_three_expert_selector_primary_2160,20260702,342,1.0,touchdown,true_action_mask_scratch,v22_3_true_action_mask_scratch_c090_epoch1275,,,1.0,4.0,0.2,0.4,0.02,True,True,success,3,3,3,0,0,0.0034377190701887625,0.001071642140903835,0.0,0.002366076929284927,0.013797297187001595,0.009985223150243494,0.003112699349671384,0.0,0.0068725238005721105,55.68266111173515,12.698542895538381,77.1513331466804,59.06796880253614,-0.8413177980264945,-0.8517057723864665,-0.8476319300361612,-0.3029897894009792,53.063359754723884,12.832771950328413,74.91241571012206,59.707669986479424
4DoF_V22_3_3x3_grid_4Nm_three_expert_selector_primary_2160,20260803,1999,-1.0,touchdown,true_action_mask_scratch,v22_3_true_action_mask_scratch_c090_epoch1275,,,1.0,4.0,0.2,0.35,0.01,True,True,success,7,7,4,3,0,0.2915149056687085,0.0,0.2829961755881575,0.008518730080551047,0.013566411213730173,0.8611468146833355,0.0,0.835982141689391,0.02516467299394457,72.6907253717624,53.535252403652336,-54.73452828503538,49.51266209050479,0.6595370763733635,0.10245270866354739,0.6882154963300087,-0.0901336968906874,71.14951012303378,63.26545465239273,-55.942916225764556,49.36203750516832
4DoF_V22_3_3x3_grid_4Nm_three_expert_selector_primary_2160,20260702,368,-1.0,touchdown,true_action_mask_scratch,v22_3_true_action_mask_scratch_c090_epoch1275,,,1.0,4.0,0.2,0.3,0.0,True,True,success,6,6,3,3,0,0.2872769961703357,0.0,0.27275136723381255,0.014525628936523163,0.013479219510761024,0.8541172943797924,0.0,0.8109304362191352,0.04318685816065733,59.34853410900207,65.96180446516368,-46.13211893344907,56.489521941201744,0.20334044028946563,0.9607848921663169,-0.7907962356568667,-0.15288152228015273,56.61152482325982,75.78806640743288,-53.94996540904465,48.75201588708652
4DoF_V22_3_3x3_grid_4Nm_three_expert_selector_primary_2160,20260719,810,1.0,touchdown,true_action_mask_scratch,v22_3_true_action_mask_scratch_c090_epoch1275,,,1.0,4.0,0.2,0.3,0.02,True,True,success,3,3,2,1,0,0.1747898454425984,0.0,0.15845003132633162,0.016339814116266782,0.013406259456143765,0.5225044441113887,0.0,0.4736593554846173,0.04884508862677142,47.60026636037033,19.329599958375333,69.31501225909194,86.79795717430751,-0.9698462933331706,-0.8875948415221278,-0.10341019297197263,-0.32944102841773826,43.37444923994856,22.11399418165989,65.86749238251342,82.12611834889593
4DoF_V22_3_3x3_grid_4Nm_three_expert_selector_primary_2160,20260702,563,-1.0,touchdown,true_action_mask_scratch,v22_3_true_action_mask_scratch_c090_epoch1275,,,1.0,4.0,0.2,0.35,0.02,True,True,success,8,8,4,4,0,0.33576495884120644,0.0017203299106709734,0.32067951205862577,0.01336511687190972,0.013368007848838945,1.006584153029881,0.005157348259452132,0.9613597444878846,0.04006706028254428,79.70414754765986,46.13174324178305,-50.634700208210944,52.91444110525106,0.5929945559325194,-0.09221162899682223,0.2820331766461335,-0.3315693291358709,78.09366844119617,56.575057017793796,-50.207354609003254,56.90100461333774
4DoF_V22_3_3x3_grid_4Nm_three_expert_selector_primary_2160,20260702,246,1.0,touchdown,true_action_mask_scratch,v22_3_true_action_mask_scratch_c090_epoch1275,,,1.0,4.0,0.2,0.4,0.0,True,True,success,5,5,5,0,0,0.017107093113618185,0.0,0.0,0.017107093113618185,0.013355793320073361,0.051331970970318795,0.0,0.0,0.051331970970318795,50.815462054841774,15.875368170524784,73.61301522855426,57.694405123060776,-0.46886078975437995,-0.11578599953430668,0.6505642553626731,0.0672050730797864,45.40245230465546,21.415019023199843,73.24101060912881,62.59148642677789
4DoF_V22_3_3x3_grid_4Nm_three_expert_selector_primary_2160,20260702,366,-1.0,touchdown,true_action_mask_scratch,v22_3_true_action_mask_scratch_c090_epoch1275,,,1.0,4.0,0.2,0.3,0.0,True,True,success,7,7,4,3,0,0.08446548999595795,0.0,0.057687914517699126,0.026777575478258823,0.013245771742263678,0.2555544510201159,0.0,0.1745375931137257,0.08101685790639025,70.01447518398307,43.56959152595841,-45.62383001542798,17.78928016571896,0.3672199126500244,0.4101840824890781,0.025205310491756228,0.05645143711509215,65.09448661778508,57.76490896496894,-50.57924257358102,28.659140575266207
4DoF_V22_3_3x3_grid_4Nm_three_expert_selector_primary_2160,20260702,545,-1.0,touchdown,true_action_mask_scratch,v22_3_true_action_mask_scratch_c090_epoch1275,,,1.0,4.0,0.2,0.35,0.01,True,True,success,7,7,4,3,0,0.4201801389732598,0.0,0.41189333548685486,0.008286803486404936,0.01313706205424163,1.2817953139179574,0.0,1.2565157138345542,0.025279600083403325,58.3661432018311,68.3694224171158,-65.67094537932998,41.035060202007685,0.4875955839068862,0.5689635686694867,0.4617399329309566,0.06631599272838262,56.72900267922137,78.22897866377453,-65.74028671527908,39.85030974343215
4DoF_V22_3_3x3_grid_4Nm_three_expert_selector_primary_2160,20260803,1980,-1.0,touchdown,true_action_mask_scratch,v22_3_true_action_mask_scratch_c090_epoch1275,,,1.0,4.0,0.2,0.35,0.01,True,True,success,9,6,3,6,0,0.2998502175184047,0.0,0.2948760936623398,0.004974123856064873,0.013106810880655628,0.9168298524894894,0.0,0.9016208415407463,0.015209010948743069,72.40403204205899,50.43158617733648,-38.39401731111745,62.184176251451575,0.11846063608835178,0.6922321282515789,-0.024909152629110753,-0.09731434489970159,63.119582985902646,73.36230527617899,-56.08800541189999,54.283555155172394
4DoF_V22_3_3x3_grid_4Nm_three_expert_selector_primary_2160,20260719,818,1.0,touchdown,true_action_mask_scratch,v22_3_true_action_mask_scratch_c090_epoch1275,,,1.0,4.0,0.2,0.3,0.02,True,True,success,7,7,3,4,0,0.1370837821064502,0.0019487171925738891,0.12672576466343483,0.00840930025044148,0.013086607685627666,0.41979803877925614,0.005967647251975288,0.38807820043366253,0.02575219109361832,66.60500562638848,13.409588342290851,41.332292489956714,35.72113731110454,-0.7239580971091493,0.9561007476716303,-0.9809311276279138,0.4449722999681175,64.59832701915273,13.52254863188081,42.49179017278423,37.986774522463854
4DoF_V22_3_3x3_grid_4Nm_three_expert_selector_primary_2160,20260719,992,1.0,touchdown,true_action_mask_scratch,v22_3_true_action_mask_scratch_c090_epoch1275,,,1.0,4.0,0.2,0.4,0.0,True,True,success,4,4,4,0,0,0.5363345952075425,0.0,0.5077873032529996,0.02854729195454281,0.013037861060594125,1.6485832122822355,0.0,1.5608346562634547,0.0877485560187805,46.989413098883915,20.94643059362505,79.95485292717737,88.58841373106463,-0.9701280011516611,-0.805900717589221,-0.48087368416006293,-0.32048134149485663,39.32232476745757,28.831647589562316,68.23676737079641,74.93051934397481
4DoF_V22_3_3x3_grid_4Nm_three_expert_selector_primary_2160,20260702,536,-1.0,touchdown,true_action_mask_scratch,v22_3_true_action_mask_scratch_c090_epoch1275,,,1.0,4.0,0.2,0.35,0.01,True,True,success,8,8,4,4,0,0.24069512032008927,0.0,0.2261280296640339,0.014567090656055381,0.012841374202211119,0.7511682007619099,0.0,0.70570680850812,0.04546139225378997,65.55225892974309,55.47756374956116,-61.914311095157736,28.343185681170166,0.32292006871734635,0.5991057756865197,0.4632645844908734,0.052778775254881505,61.6335075494241,69.63238869303676,-62.707851531594834,33.558498704743066
4DoF_V22_3_3x3_grid_4Nm_three_expert_selector_primary_2160,20260719,1052,1.0,touchdown,true_action_mask_scratch,v22_3_true_action_mask_scratch_c090_epoch1275,,,1.0,4.0,0.2,0.4,0.02,True,True,success,8,8,8,0,0,0.5559407102224048,0.00020137275130997269,0.5279147312443015,0.02782460622679324,0.01273349996529094,1.7496939760475543,0.0006337738601050229,1.661488730975278,0.08757147121217132,47.02009742665245,27.363110428369676,80.26639999852914,70.57551072981227,-0.17891777285889576,-0.5719526740668106,-0.10220599719792323,0.2105117628828388,35.00808237139683,42.077377855930344,66.74203792405937,68.16973149298197
4DoF_V22_3_3x3_grid_4Nm_three_expert_selector_primary_2160,20260803,1850,-1.0,touchdown,true_action_mask_scratch,v22_3_true_action_mask_scratch_c090_epoch1275,,,1.0,4.0,0.2,0.3,0.01,True,True,success,9,9,3,6,0,0.20831388801031986,0.00022399142970962524,0.19851116610597624,0.009578730474633977,0.01271581992188853,0.6565310437751479,0.0007059410611003656,0.6256363621715029,0.030188740542544716,50.25215838353005,60.6779343061946,-52.83971574305576,23.431245530306136,0.5303153339808939,-0.11973325594803419,0.012028388970425574,-0.33658134191143263,43.03545231514165,76.91104351795094,-61.371314813458824,23.574879277839276
